Genome ID,amikacin,ampicillin,ampicillin_sulbactam,aztreonam,carbapenem,cefazolin,cefepime,cefotaxime,cefoxitin,ceftazidime,ceftriaxone,ciprofloxacin,doripenem,gentamicin,imipenem,levofloxacin,meropenem,nitrofurantoin,tetracycline,ticarcillin_clavulanic acid,tigecycline,tobramycin,trimethoprim_sulfamethoxazole
470_1556,S,R,R,R,,R,,R,,R,R,R,,R,S,S,S,R,R,,S,R,R
470_1328,R,,,,,,R,,,R,,R,,R,R,R,R,,,,S,,
470_736,R,,R,,,,S,,,R,,R,,R,R,,R,,,R,,R,R
470_7684,S,R,R,R,,R,,R,R,R,R,S,S,S,S,S,,R,S,,,S,R
470_7835,R,R,R,R,,R,,R,R,R,R,R,,R,R,R,,R,R,,,R,R
470_7987,R,R,S,R,,R,,R,R,R,R,R,,R,S,R,,R,R,,,R,R
470_8022,S,R,R,R,,R,,S,R,S,S,R,,S,S,S,,R,S,,,S,R
470_7988,R,R,S,R,,R,,R,R,R,R,R,,R,S,R,,R,R,,,R,R
470_7414,R,R,R,R,,R,,R,,R,R,R,,R,S,R,,R,R,,S,R,R
470_7746,S,R,S,R,,R,,R,R,R,R,R,,R,S,R,,R,R,,,R,R
1398973_3,R,,R,,,,R,,,R,,R,,R,R,,R,,,R,,R,R
470_7932,S,R,R,R,,R,,R,R,R,R,R,,R,S,R,,R,R,,,S,R
470_664,R,,R,,,,S,R,,S,,R,,R,,R,R,,R,R,,R,R
470_739,R,,R,,,,R,,,R,,R,,R,R,,R,,,R,,R,R
470_8116,S,,,,,,R,,,R,,R,,R,,,S,,,,,R,
470_8004,S,R,R,R,,R,,R,R,R,R,R,,R,S,S,,R,R,,,R,S
470_700,R,,R,R,,,R,R,,R,,R,,R,R,R,R,,R,R,,R,R
470_8033,S,R,R,R,,R,,R,,R,R,R,,R,S,R,,R,R,,R,S,R
470_7977,S,R,R,R,,R,,R,R,R,R,R,,R,S,R,,R,R,,,S,R
1310713_3,,,,,R,,,,,,,,,,R,,,,,,,,
470_1551,R,R,S,R,,R,,R,,S,R,R,,R,S,R,S,R,R,,S,R,R
1409926_6,S,,,,,,R,,,R,R,R,,R,,R,R,,,,,R,R
470_661,S,,S,,,,R,R,,R,,R,,S,R,R,R,,R,R,,S,S
470_8077,S,R,S,R,,R,,R,R,R,R,R,,R,R,R,R,R,R,,R,S,R
470_7639,R,R,R,R,,R,,R,R,R,R,R,S,R,S,R,,R,R,,,R,R
470_749,R,,R,,,,R,,,R,,R,,R,R,,R,,,R,,R,R
470_640,R,,,R,,,R,R,,R,,R,,R,R,R,R,,R,R,,R,R
470_587,R,,,,,,R,,,R,,R,,,R,R,R,,,,,,
1217638_3,,,,,,,,,,S,,,,,,,,,,S,,,
1310564_3,,,,,R,,,,,,,,,,R,,,,,,,,
470_7611,R,R,S,R,,R,,R,R,R,R,R,S,R,S,R,,R,R,,,R,R
470_7891,S,R,R,R,,R,,R,R,R,R,R,,R,S,R,,R,S,,,R,R
470_1563,R,R,R,R,,R,,R,R,R,R,R,,R,R,R,R,R,R,,,R,R
470_7869,S,R,R,R,,R,,R,R,R,R,R,,R,R,R,R,R,R,,,S,R
470_7721,R,R,S,R,,R,,R,R,R,R,R,,R,S,R,,R,R,,,R,R
470_8027,S,R,S,R,,R,,R,,S,R,S,,S,S,S,,R,S,,S,S,S
470_24287,,R,,,,,,,,,,R,,,R,,,,R,,,,R
470_7489,R,R,R,R,,R,,R,,R,R,R,,R,S,R,S,R,R,,S,R,R
470_737,S,,R,,,,R,,,R,,R,,R,S,,S,,,R,,S,R
470_7633,S,R,S,R,,R,,R,R,S,R,S,S,R,S,S,,R,S,,,R,S
470_7715,R,R,S,R,,R,,R,R,R,R,R,,R,S,R,,R,R,,,R,R
470_7945,S,R,R,R,,R,,R,R,S,S,R,,R,S,S,,R,R,,,S,R
470_7588,R,R,R,R,,R,,R,R,R,R,R,S,R,S,R,,R,R,,,R,R
470_7624,S,R,S,R,,R,,R,R,R,R,R,,R,S,S,,R,S,,,R,R
470_7881,S,R,R,R,,R,,R,R,R,R,R,,R,S,R,,R,R,,,R,S
470_7535,S,R,S,R,,R,,R,,R,R,R,,R,S,R,S,R,R,,S,R,R
470_1324,R,,,,,,S,,,R,,R,,R,R,R,R,,,,S,,
470_7527,R,R,S,R,,R,,R,,R,R,R,,R,R,R,S,R,R,,S,R,R
470_7933,R,R,S,R,,R,,R,R,S,R,R,,R,R,R,R,R,R,,,R,R
470_1552,R,R,S,R,,R,,S,,S,R,R,,R,S,R,S,R,R,,S,S,R
470_8069,S,R,R,R,,R,,R,,R,R,R,S,R,S,R,S,R,R,,S,S,S
470_7573,R,R,R,R,,R,,,R,R,R,R,,R,R,R,R,R,R,,,R,R
470_7353,R,,,,,,R,,,,,R,,,R,,,,,,S,,
470_7821,R,R,R,R,,R,,R,R,R,R,R,,R,S,R,,R,R,,,R,R
470_7416,S,R,S,R,,R,,R,,S,S,S,S,S,S,S,,R,S,,S,S,S
470_4829,,R,,,,R,,,,R,R,R,,R,,,,,,,,,R
470_673,R,,R,,,,R,R,,R,,R,,R,R,R,R,,R,R,,R,R
470_8048,R,R,S,R,,R,,R,,R,R,R,,R,R,R,,R,R,,S,R,R
470_593,S,,,,,,R,,,R,,R,,,R,R,R,,,,,,
470_7997,S,R,S,R,,R,,R,R,R,R,R,,R,S,S,,R,R,,,R,R
1398976_3,R,,R,,,,R,,,R,,R,,R,R,,R,,,R,,R,R
470_7942,S,R,R,R,,R,,R,R,R,R,R,,R,S,S,,R,S,,,R,R
903921_3,S,,,,,,,,,,,S,,S,,S,,,S,,,S,S
470_7735,S,R,S,R,,R,,R,R,R,R,R,,R,S,R,,R,R,,,R,R
1398972_3,R,,S,,,,R,,,R,,R,,R,S,,S,,,S,,R,S
470_1338,R,,R,,,,R,R,,R,,R,,R,R,R,R,,R,R,,R,S
1398965_4,S,,R,R,,,R,R,,R,R,R,,R,S,R,S,,R,R,,S,R
470_753,S,,R,,,,R,,,R,,R,,R,R,,R,,,R,,R,R
470_7578,R,R,R,R,,R,,R,R,R,R,R,,R,R,R,R,R,S,,,R,R
470_7448,S,R,R,R,,R,,R,,R,R,R,S,R,S,R,R,R,R,,R,S,R
470_1326,R,,,,,,R,,,R,,R,,R,R,R,R,,,,S,,
470_1321,R,,,,,,R,,,R,,R,,R,R,R,R,,,,S,,
470_7445,S,R,S,R,,R,,R,,R,R,S,,R,S,S,S,R,R,,S,R,R
470_7552,S,R,S,R,,R,,R,,S,R,S,S,S,S,S,S,R,R,,S,S,S
470_7646,R,R,S,R,,R,,R,R,R,R,R,,R,S,R,,R,R,,,R,R
470_7616,S,R,S,R,,R,,S,R,S,S,S,S,S,S,S,,R,S,,,S,S
470_7956,S,R,S,R,,R,,R,R,R,R,R,,R,S,R,,R,R,,,R,R
470_7802,R,R,R,R,,R,,R,R,R,R,R,,R,S,R,,R,R,,,R,R
470_7980,S,R,S,R,,R,,R,R,R,R,R,,R,S,R,,R,S,,,R,R
470_8055,R,R,S,R,,R,,R,,R,R,R,,R,S,R,,R,R,,S,R,R
470_8113,R,,,,,,R,,,R,,R,,R,,,R,,,,,R,
470_695,R,,R,,,,R,R,,R,,R,,R,R,R,R,,R,R,,R,R
470_1548,S,R,S,R,,R,,S,,S,R,R,,S,S,R,S,R,R,,S,S,R
1398985_3,S,,R,,,,R,,,R,,R,,R,S,,S,,,R,,R,R
470_7548,R,R,R,R,,R,,R,,R,R,R,S,R,S,R,S,R,R,,S,R,R
1398984_3,R,,R,,,,R,,,R,,R,,R,R,,R,,,R,S,R,R
470_7981,R,R,S,R,,R,,R,R,R,R,R,,R,S,R,,R,R,,,R,R
470_22922,,R,,,,,,,,,,R,,,R,,,,R,,,,R
470_579,R,,,,,,R,,,R,,R,,,R,R,R,,,,,,
1398977_3,S,,S,,,,S,,,S,,S,,S,,,,,,S,,S,S
470_7622,S,R,S,R,,R,,R,R,R,R,R,,R,S,R,,R,R,,,R,R
470_709,R,,R,R,,,R,R,,R,,R,,R,R,R,R,,R,R,,R,R
470_7690,S,R,R,R,,R,,R,R,R,R,R,,R,R,R,,R,R,,,S,R
470_698,R,,R,R,,,R,R,,R,,R,,R,R,R,R,,R,R,,R,R
470_8001,S,R,R,R,,R,,R,R,R,R,R,,R,S,R,,R,R,,,S,R
470_7878,R,R,R,R,,R,,R,R,R,R,R,,R,S,R,,R,R,,,R,R
470_7734,R,R,R,R,,R,,R,R,R,R,R,S,R,S,R,,R,R,,,R,R
470_7582,R,R,R,R,,R,,,R,R,R,R,,R,R,R,R,R,R,,,S,R
470_7532,S,R,R,R,,R,,R,,R,R,R,S,R,S,R,S,R,R,,S,S,R
470_8025,S,R,S,R,,R,,R,,S,S,S,,S,S,S,,R,S,,S,S,S
470_7550,R,R,R,R,,R,,R,,R,R,R,S,R,S,R,S,R,R,,S,R,R
470_7688,S,R,R,R,,R,,R,R,R,R,R,,R,R,R,,R,R,,,S,R
470_7647,R,R,S,R,,R,,R,R,R,R,R,,R,S,R,,R,R,,,R,R
470_1335,R,,R,R,,,R,R,,R,,R,,R,R,R,R,,R,R,,R,R
470_7888,S,R,R,R,,R,,R,R,R,R,R,,R,S,R,,R,R,,,S,R
470_7471,S,R,S,R,,R,,R,,S,S,S,S,S,R,S,S,R,S,,S,S,S
470_1549,R,R,S,R,,R,,R,,S,R,R,,R,S,R,S,R,R,,S,S,R
1398989_3,R,,R,,,,R,,,R,,R,,R,R,,R,,,R,,R,R
470_7926,S,R,R,R,,R,,R,R,S,R,R,,R,S,S,,R,R,,,S,R
903909_3,R,R,,R,,R,R,,,R,R,R,,R,R,R,,,R,,,R,R
470_1809,S,,,,,,R,,,R,,R,,R,R,R,R,,,,S,,
470_7645,R,R,S,R,,R,,R,R,R,R,R,,R,S,R,,R,R,,,R,R
470_7428,S,R,R,R,,R,,R,,R,R,R,S,R,S,R,S,R,R,,S,S,R
470_7874,R,R,R,R,,R,,R,R,R,R,R,,R,S,R,,R,R,,,R,R
470_7961,R,R,R,R,,R,,R,R,R,R,R,,R,S,S,,R,S,,,R,R
470_7699,R,R,S,R,,R,,R,R,R,R,R,,R,S,R,,R,R,,,R,R
1217632_3,,,,,,,,,,R,,,,,R,,,,,R,,,
1398949_3,S,,S,,,,R,,,R,,R,,R,S,,S,,,R,,R,R
470_7954,R,R,R,R,,R,,R,R,R,R,R,,R,R,R,R,R,R,,,R,R
470_7830,R,R,S,R,,R,,R,R,R,R,R,,R,S,R,,R,R,,,R,S
470_7931,S,R,R,R,,R,,R,R,R,R,R,,R,S,R,,R,R,,,S,R
470_7897,S,R,S,R,,R,,R,R,S,R,R,,R,S,R,,R,S,,,R,R
470_7899,S,R,R,R,,R,,R,R,R,R,R,,R,S,R,,R,S,,,R,R
470_7921,R,R,R,R,,R,,R,R,R,R,R,,R,S,S,,R,S,,,R,R
1310688_3,,,,,S,,,,,,,,,,S,,,,,,,,
470_7341,,,,,,,R,,,R,R,R,,S,,R,R,,R,,,S,R
470_7736,S,R,S,R,,R,,S,R,S,S,S,S,S,S,S,,R,S,,,S,S
903896_3,S,R,,R,,R,R,,,R,R,R,,R,S,R,,,R,,,S,R
470_750,R,,R,,,,R,,,R,,R,,R,R,,R,,,R,,R,R
470_7790,R,R,S,R,,R,,R,R,R,R,R,,R,R,R,,R,R,,,R,R
470_7494,S,R,R,R,,R,,R,,R,R,R,,R,S,R,S,R,R,,S,S,S
470_7765,R,R,R,R,,R,,R,R,R,R,R,S,R,S,R,,R,R,,,S,R
470_7673,R,R,S,R,,R,,R,R,S,R,R,S,R,S,R,,R,R,,,R,R
1398964_3,S,,R,,,,R,,,R,,R,,R,R,,R,,,R,,S,S
470_7918,R,R,S,,,,,R,R,S,R,R,,R,R,R,R,R,R,,,R,R
903936_3,R,R,,R,,R,R,,,R,R,R,,R,S,R,,,R,,,R,R
470_7917,S,R,R,R,,R,,R,R,R,R,R,,R,S,R,,R,R,,,S,S
470_7832,S,R,R,R,,R,,R,R,R,R,R,,R,R,R,R,R,R,,,S,R
470_7629,S,R,S,R,,R,,R,R,R,R,R,,R,S,S,,R,R,,,R,R
470_1565,R,R,S,R,,R,,R,R,R,R,R,,R,R,R,R,R,R,,,R,R
470_659,R,,S,,,,R,R,,R,,R,,R,R,R,R,,R,R,,R,R
470_4832,,R,,,,R,,,,R,R,R,,R,,,,,,,,,R
470_8038,S,R,R,R,,R,,R,,R,R,R,,R,S,R,,R,R,,S,S,R
470_4827,,R,,,,R,,,,R,R,R,,R,,,,,,,,,R
470_7541,R,R,R,R,,R,,R,,R,R,R,S,R,S,R,S,R,R,,S,R,R
470_675,R,,R,,,,R,R,,R,,R,,R,,R,R,,R,R,,R,R
470_7440,R,R,S,R,,R,,R,,R,R,R,,R,S,R,S,R,R,,R,R,R
470_7731,R,R,R,R,,R,,R,R,R,R,R,,R,S,R,,R,R,,,R,R
470_7937,S,R,S,R,,R,,R,R,S,R,R,,S,S,S,,R,R,,,S,S
470_681,R,,R,,,,R,R,,R,,R,,R,R,R,R,,R,R,,R,R
470_7936,R,R,S,R,,R,,R,R,R,R,R,,R,R,R,R,R,R,,,R,R
470_7729,R,R,S,R,,R,,R,R,R,R,R,,R,R,R,,R,R,,,R,R
470_7804,R,R,R,R,,R,,R,R,R,R,R,,R,S,R,,R,R,,,S,R
470_7496,S,R,S,R,,R,,R,,R,R,R,,R,S,R,S,R,R,,S,R,R
470_7966,R,R,R,R,,R,,R,R,R,R,R,,R,S,R,,R,R,,,R,R
470_1562,R,R,S,R,,R,,R,R,R,R,R,,R,R,R,R,R,R,,,R,R
470_7816,S,R,R,R,,R,,R,R,S,R,R,,R,R,R,R,R,R,,,R,R
470_1560,R,R,R,R,,R,,R,,R,R,R,,R,R,R,R,R,R,,S,R,R
1398962_3,S,,S,,,,R,,,S,,R,,R,R,,R,,,R,,R,R
470_696,R,,R,,,,R,R,,R,,R,,R,R,R,R,,R,R,,R,R
903895_3,R,R,,R,,R,R,,,R,R,R,,R,R,R,,,R,,,R,R
470_7851,R,R,R,R,,R,,R,R,R,R,R,,R,S,R,,R,R,,,R,R
470_7604,R,R,S,R,,R,,R,R,R,R,R,,R,S,R,,R,R,,,R,R
470_2161,R,,,,,,,R,,R,,R,,R,R,,R,,,,,R,
470_687,S,,S,R,,,R,R,,R,,R,,R,S,R,S,,R,S,,S,R
470_729,S,,R,R,,,R,R,,R,,R,,R,R,R,R,,R,R,,S,R
470_24295,,R,,,,,,,,,,R,,,R,,,,R,,,,R
470_690,S,,R,,,,R,R,,R,,R,,R,R,R,R,,R,R,,R,R
470_7895,S,R,R,R,,R,,R,R,R,R,R,,R,S,R,,R,R,,,S,R
470_7609,S,R,S,R,,R,,R,R,R,R,R,,R,S,R,,R,R,,,R,R
470_7651,R,R,R,R,,R,,R,R,R,R,R,S,R,S,R,,R,R,,,R,R
903908_3,S,R,,R,,R,S,,,S,S,S,,S,S,S,,,S,,,S,S
470_7907,S,R,R,R,,R,,R,R,R,R,R,,R,S,R,,R,R,,,S,R
470_7669,S,R,S,R,,R,,R,R,R,R,R,,R,S,R,,R,R,,,R,R
470_7975,S,R,S,R,,R,,R,R,S,R,S,,S,S,S,,R,S,,,S,S
470_22927,,R,,,,,,,,,,R,,,R,,,,R,,,,R
470_7996,R,R,S,R,,R,,R,R,R,R,R,,R,S,R,,R,R,,,R,R
470_7488,S,R,S,R,,R,,R,,S,R,S,S,S,S,S,S,R,S,,S,S,S
470_7849,S,R,S,R,,R,,R,R,S,R,R,,R,R,R,R,R,R,,,R,R
470_7470,S,R,S,R,,R,,R,,R,R,R,S,R,R,S,S,R,S,,S,R,R
1310748_3,,,,,S,,,,,,,,,,S,,,,,,,,
470_688,S,,R,,,,R,R,,R,,R,,R,R,R,S,,R,R,,R,R
903906_3,R,,,R,,,,,,R,R,R,,R,R,R,R,,S,,,R,R
470_7870,S,R,S,R,,R,,R,R,S,R,R,,R,S,R,,R,S,,,R,R
470_7841,R,R,R,R,,R,,R,R,R,R,R,,R,S,R,,R,R,,,R,R
470_7700,R,R,S,R,,R,,R,R,R,R,R,,R,S,R,,R,R,,,R,R
903913_3,S,,,,,,,,,R,,S,,R,S,S,S,,,,,R,R
470_5040,R,,,,,,,R,,R,R,R,,,R,R,R,,,,,,
1310574_3,,,,,,,,,,,,,,,R,,,,,,,,
470_7801,R,R,R,R,,R,,R,R,R,R,R,,R,S,R,,R,R,,,R,R
470_7518,,R,R,R,,R,,,R,R,R,R,,R,R,R,R,R,R,,,S,R
470_2431,,,,,,,,R,,R,,R,,R,R,,R,,,,,R,
470_7450,S,R,R,R,,R,,R,,R,R,R,S,R,S,R,S,R,R,,S,S,R
470_7585,R,R,R,R,,R,,,R,R,R,R,,R,R,R,,R,R,,,S,R
470_7657,R,R,S,R,,R,,R,R,R,R,R,,R,S,R,,R,R,,,R,R
470_7685,S,R,R,R,,R,,R,R,R,R,R,S,R,S,R,,R,R,,,S,R
470_7938,S,R,R,R,,R,,R,R,R,R,R,,R,S,R,,R,R,,,S,R
470_1564,R,R,S,R,,R,,R,R,R,R,R,,R,R,R,R,R,R,,,R,R
470_7451,S,R,R,R,,R,,R,,R,R,R,S,R,S,R,S,R,R,,S,S,R
470_765,R,,S,R,,,R,R,,R,,R,,R,R,R,R,,R,R,,R,R
470_8002,S,R,R,R,,R,,R,R,R,R,R,,R,S,R,,R,R,,,S,R
1310783_3,,,,,R,,,,,,,,,,R,,,,,,,,
470_7964,R,R,R,R,,R,,R,R,R,R,R,,R,S,R,,R,R,,,S,R
470_8011,R,R,R,R,,R,,R,R,R,R,R,,R,R,R,,R,R,,,S,R
470_7654,R,R,R,R,,R,,R,R,R,R,R,S,R,S,R,,R,R,,,R,R
1310592_3,,,,,R,,,,,,,,,,R,,,,,,,,
470_748,R,,R,,,,R,,,R,,R,,R,R,,R,,,R,,R,R
470_24298,,R,,,,,,,,,,R,,,R,,,,R,,,,R
470_7702,R,R,S,R,,R,,R,R,R,R,R,,R,S,R,,R,R,,,R,R
470_7803,R,R,R,R,,R,,R,R,R,R,R,,R,S,R,,R,R,,,R,R
470_4825,,R,,,,R,,,,R,R,R,,R,,,,,,,,,R
470_7825,R,R,R,R,,R,,R,R,R,R,R,,R,S,R,,R,R,,,R,R
470_8000,S,R,R,R,,R,,R,R,R,R,R,,R,S,R,,R,R,,,S,R
903894_3,R,R,,R,,R,R,,,R,R,R,,R,S,R,,,R,,,R,R
470_8032,S,R,S,R,,R,,R,,R,R,R,,S,S,R,,R,R,,S,S,R
470_7865,S,R,S,R,,R,,R,R,S,S,S,,S,S,S,,R,S,,,S,S
470_1550,R,R,S,R,,R,,S,,S,R,R,,R,S,R,S,R,R,,S,S,R
470_8054,S,R,S,R,,R,,R,,R,R,R,,R,S,R,,R,R,,S,R,R
470_7636,S,R,S,R,,R,,R,R,S,R,S,S,S,S,S,,R,S,,,S,S
470_708,R,,R,R,,,R,R,,R,,R,,R,R,R,R,,R,R,,R,R
470_7971,S,R,R,R,,R,,R,R,R,R,R,,R,S,R,,R,R,,,S,R
470_578,R,,,,,,R,,,S,,R,,,R,R,R,,,,,,
470_7680,S,R,R,R,,R,,R,R,R,R,R,,R,R,R,,R,R,,,R,R
470_715,R,,R,R,,,R,R,,R,,R,,R,R,R,R,,R,R,,S,R
1398986_3,S,,R,,,,R,,,R,,R,,R,S,,S,,,R,,R,R
470_1308,R,,,,,,R,,,R,,R,,,R,R,R,,,,,,
470_24288,,R,,,,,,,,,,R,,,R,,,,R,,,,R
470_602,S,,,,,,R,,,R,,R,,,R,R,R,,,,,,
470_7674,S,R,S,R,,R,,R,R,R,R,S,S,R,S,S,,R,R,,,R,R
470_706,R,,R,R,,,R,R,,R,,R,,R,R,R,R,,R,R,,R,R
470_7442,R,R,S,R,,R,,R,,R,R,R,S,R,S,R,S,R,S,,S,R,S
470_761,S,,R,,,,R,,,R,,R,,R,R,,R,,,R,,,R
470_7772,S,R,S,R,,R,,R,R,S,R,S,S,S,S,S,,R,S,,,S,S
1409927_3,S,,,R,,,R,,,R,R,R,,R,R,R,,,R,,,S,
470_618,R,,R,,,,R,R,,R,,R,,R,R,R,R,,R,R,,R,R
470_7927,S,R,R,R,,R,,R,R,R,R,R,,R,S,R,,R,R,,,S,R
470_7692,S,R,R,R,,R,,R,R,R,R,R,,R,S,R,,R,R,,,R,R
470_7935,S,R,S,R,,R,,R,R,S,R,R,,R,S,R,,R,S,,,R,R
470_585,S,,,,,,R,,,R,,R,,,R,R,R,,,,,,
903919_3,S,,,,,,,,,S,,S,,S,S,S,,,,,,S,
470_711,R,,R,R,,,R,R,,R,,R,,R,R,R,R,,R,R,,R,R
470_7989,R,R,S,R,,R,,R,R,R,R,R,,R,S,R,,R,R,,,R,R
470_7994,S,R,S,R,,R,,R,R,R,R,R,,R,S,R,,R,R,,,R,S
470_7456,S,R,S,R,,R,,R,,S,S,S,,S,S,S,S,R,S,,S,S,S
1398978_3,R,,R,,,,S,,,R,,R,,R,R,,R,,,R,R,R,R
470_8021,S,R,R,R,,R,,R,R,R,R,R,,S,S,R,,R,R,,,S,S
470_7691,S,R,R,R,,R,,R,R,R,R,R,,R,R,R,,R,R,,,S,R
470_740,R,,R,,,,R,,,R,,R,,R,R,,R,,,R,,R,R
470_635,R,,S,,,,R,R,,R,,R,,R,R,R,R,,R,R,,R,R
470_1554,R,R,R,R,,R,,R,,S,S,R,,R,R,R,R,R,R,,S,R,R
470_7364,R,,,,,,R,,,,,R,,,R,,,,,,S,,
470_7760,R,R,R,R,,R,,R,R,R,R,R,S,R,S,R,,R,R,,,R,R
470_7664,R,R,S,R,,R,,R,R,R,R,R,,R,S,R,,R,R,,,R,R
470_7686,R,R,R,R,,R,,R,R,R,R,R,S,R,S,R,,R,R,,,R,R
470_8006,S,R,R,R,,R,,R,R,R,R,R,,R,S,R,,R,R,,,S,R
470_7947,S,R,S,R,,R,,R,R,S,S,S,,S,S,S,,R,S,,,S,S
470_8062,R,R,R,R,,R,,R,,R,R,R,S,R,S,R,S,R,R,,S,R,R
480119_5,S,R,,R,,R,R,R,,R,R,R,,R,R,,R,,R,R,,S,R
470_768,R,,S,R,,,R,R,,R,,R,,R,R,R,R,,R,R,,R,R
470_712,R,,R,R,,,R,R,,R,,R,,R,R,R,R,,R,R,,R,R
470_8028,S,R,S,R,,R,,R,,S,R,R,,R,S,R,,R,S,,S,R,S
470_759,R,,R,,,,R,,,R,,R,,R,R,,R,,,R,,R,R
470_705,R,,R,R,,,R,R,,R,,R,,R,R,R,R,,R,R,,R,R
470_7679,S,R,R,R,,R,,R,R,R,R,R,S,R,S,S,,R,S,,,R,R
470_8045,S,R,S,R,,R,,R,,R,R,S,,S,S,S,,R,S,,S,S,S
470_730,S,,R,,,,R,,,R,,R,,R,R,,R,,,R,,S,R
470_7814,R,R,R,R,,R,,R,R,R,R,R,,R,S,R,,R,R,,,R,R
470_7350,,,,,,,R,,,R,R,R,,R,,R,R,,R,,,R,R
470_7766,R,R,R,R,,R,,R,R,R,R,R,S,R,S,R,,R,R,,,S,R
470_7371,S,,,,,,R,,,,,R,,,R,,,,,,S,,
470_22933,,R,,,,,,,,,,R,,,R,,,,R,,,,R
470_7531,S,R,R,R,,R,,R,,R,R,R,S,R,S,S,S,R,S,,S,R,R
470_584,R,,,,,,R,,,R,,R,,,R,R,R,,,,,,
470_7959,R,R,R,R,,R,,R,R,R,R,R,,R,S,R,,R,R,,,R,R
470_8090,R,R,R,R,,R,,,R,R,R,R,,R,R,R,R,R,S,,,S,R
470_7701,S,R,S,R,,R,,R,R,R,R,R,,R,S,S,,R,R,,,S,S
1398944_3,R,,S,R,,,R,R,,R,R,R,,R,R,R,R,,R,R,R,R,R
405416_6,R,R,,R,,,R,,,R,,R,,S,R,,R,,,,,R,R
470_647,R,,S,,,,R,R,,R,,R,,R,,R,R,,R,R,,R,R
470_7682,S,R,S,R,,R,,R,R,R,R,R,,R,S,R,,R,R,,,R,R
470_8052,S,R,R,R,,R,,R,,R,R,R,,R,S,R,,R,R,,S,S,R
470_7900,R,R,R,R,,R,,R,R,R,R,R,,R,S,R,,R,S,,,R,R
470_643,R,,R,,,,R,R,,R,,R,,R,,R,R,,R,R,,R,R
1398952_3,S,,R,,,,R,,,R,,R,,R,S,,S,,,R,,S,R
470_7978,S,R,S,R,,R,,R,R,S,R,R,,R,S,R,,R,S,,,R,R
470_7940,S,R,R,R,,R,,R,R,R,R,R,,R,S,R,,R,R,,,S,R
903920_3,R,R,,R,,R,R,,,R,R,R,,R,S,R,,,R,,,R,R
470_7939,R,R,R,R,,R,,R,R,R,R,R,,R,S,S,,R,R,,,R,R
470_7708,S,R,R,R,,R,,R,R,R,R,R,,R,S,R,,R,R,,,S,R
470_7344,,,,,,,R,,,R,R,R,,R,,R,R,,R,,,R,S
1310747_3,,,,,R,,,,,,,,,,R,,,,,,,,
470_7346,,,,,,,R,,,R,R,R,,S,,R,R,,R,,,S,R
470_642,R,,R,,,,R,R,,R,,R,,R,R,R,R,,R,R,,R,R
1398963_3,R,,R,,,,R,,,R,,R,,R,R,,R,,,R,,R,R
470_7630,R,R,S,R,,R,,R,R,R,R,R,,R,S,R,,R,R,,,R,R
470_7780,S,R,R,R,,R,,R,R,R,R,R,,R,S,R,,R,R,,,R,R
470_7447,S,R,S,R,,R,,R,,R,R,R,S,R,S,R,S,R,R,,S,S,R
470_8030,S,R,R,R,,R,,R,,R,R,R,,R,S,R,,R,R,,R,S,R
470_8067,R,R,S,R,,R,,R,,R,R,S,S,R,S,S,S,R,S,,S,R,R
470_641,R,,R,,,,R,R,,R,,R,,R,,R,R,,R,R,,R,R
470_7877,R,R,R,R,,R,,R,R,R,R,R,,R,S,R,,R,R,,,R,R
470_8037,R,R,R,R,,R,,R,,R,R,R,S,R,S,S,,R,S,,S,R,R
1398948_3,R,,R,,,,R,,,R,,R,,R,R,,R,,,R,R,R,R
470_22939,,R,,,,,,,,,,R,,,,,,,,,,,R
470_7492,R,R,R,R,,R,,R,,R,R,R,,R,R,R,S,R,R,,S,R,R
470_7965,R,R,R,R,,R,,R,R,R,R,R,,R,R,R,R,R,R,,,R,R
470_1331,R,,,,,,R,,,R,,R,,R,R,R,R,,,,S,,
470_7339,,,,,,,R,,,R,R,R,,S,,R,R,R,R,,,R,S
470_7452,R,R,S,R,,R,,R,,R,R,R,,R,S,R,S,R,R,,S,R,R
470_7586,S,R,R,R,,R,,R,R,R,R,R,S,R,S,R,,R,R,,,S,R
470_7922,S,R,S,R,,R,,S,R,S,R,S,,S,S,S,,R,S,,,S,S
470_7468,S,R,R,R,,R,,R,,R,R,R,S,R,S,R,S,R,R,,S,R,R
470_7924,S,R,R,R,,R,,R,R,R,R,R,,R,S,R,,R,R,,,S,R
470_7716,R,R,S,R,,R,,R,R,S,R,R,,R,S,R,,R,R,,,R,R
470_646,R,,R,,,,R,R,,R,,R,,R,,R,R,,R,R,,R,R
1310753_3,,,,,R,,,,,,,,,,R,,,,,,,,
470_7713,R,R,R,R,,R,,R,R,R,R,R,,R,S,R,,R,R,,,R,R
470_7661,S,R,S,R,,R,,R,R,R,R,S,S,R,S,S,,R,R,,,R,R
470_652,R,,R,,,,R,R,,R,,R,,R,,R,R,,R,R,,R,R
470_8043,R,R,R,R,,R,,R,,R,R,R,,R,S,S,,R,S,,S,R,R
470_7557,S,R,S,R,,R,,R,,S,R,S,S,S,S,S,S,R,S,,S,S,S
470_627,R,,R,,,,R,R,,R,,R,,R,R,R,R,,R,R,,R,R
470_7962,R,R,R,,,R,,R,R,S,R,R,,R,R,R,R,R,R,,,R,R
470_7858,S,R,S,R,,R,,S,R,S,S,R,,S,S,R,,R,S,,,S,S
470_620,R,,R,,,,R,R,,R,,R,,R,R,R,R,,R,R,,R,R
470_7727,S,R,R,R,,R,,R,R,R,R,R,S,R,S,R,,R,R,,,S,R
470_7914,S,R,R,R,,R,,R,R,R,R,R,,R,S,R,,R,R,,,S,R
470_22923,,R,,,,,,,,,,R,,,R,,,,R,,,,R
470_4831,,R,,,,R,,,,R,R,S,,S,,,,,,,,,R
470_7969,S,R,R,R,,R,,R,R,R,R,R,,R,S,R,,R,R,,,S,R
470_743,S,,R,,,,R,,,R,,R,,R,S,,S,,,R,,R,R
470_7427,S,R,R,R,,R,,R,,R,R,S,S,R,S,S,S,R,S,,S,S,R
1398959_3,R,,R,,,,R,,,R,,R,,R,R,,R,,,R,,R,R
470_7563,R,R,R,R,,R,,,R,R,R,R,,R,R,R,R,R,R,,,R,R
470_713,R,,R,R,,,R,R,,R,,R,,R,R,R,R,,R,R,,R,R
470_7598,S,R,S,R,,R,,R,R,S,R,S,S,R,S,S,,R,S,,,R,R
470_752,R,,R,,,,R,,,R,,R,,R,R,,R,,,R,,R,R
470_7352,R,,,,,,R,,,,,R,,,R,,,,,,S,,
1217629_3,,,,,,,,,,R,,,,,R,,,,,R,,,
470_7770,S,R,S,R,,R,,R,R,S,S,S,,S,S,S,,R,S,,,S,S
470_7763,R,R,R,R,,R,,R,R,R,R,R,,R,S,R,,R,R,,,R,R
470_702,R,,R,R,,,R,R,,R,,R,,R,R,R,R,,R,R,,R,R
470_8120,S,,,,,,R,,,R,,R,,R,,,R,,,,,R,
470_7670,R,R,R,R,,R,,R,R,R,R,R,,R,S,R,,R,R,,,R,R
470_8014,R,R,R,R,,R,,R,R,R,R,R,,R,S,R,,R,R,,,S,R
470_644,R,,S,,,,R,R,,R,,R,,R,,R,R,,R,R,,R,R
470_7545,S,R,R,R,,R,,R,,R,R,R,,R,R,S,S,R,R,,S,R,R
470_8080,R,R,S,R,,R,,R,R,R,R,R,,R,R,R,R,R,R,,S,R,R
470_8007,R,R,R,R,,R,,R,R,R,R,R,,S,R,R,R,R,R,,,S,R
470_22945,,R,,,,,,,,,,R,,,R,,,,R,,,,R
470_4828,,R,,,,R,,,,R,R,R,,R,,,,,,,,,R
470_8039,S,R,R,R,,R,,R,,R,R,R,S,R,S,R,,R,R,,S,S,R
470_7655,R,R,S,R,,R,,R,R,R,R,R,,R,S,R,,R,R,,,R,R
470_7358,R,,,,,,R,,,,,R,,,R,,,,,,S,,
470_7544,R,R,R,R,,R,,R,,R,R,R,S,R,S,R,S,R,R,,S,R,R
470_8091,R,R,S,R,,R,,,R,R,R,R,,R,R,R,R,R,R,,,R,R
470_7916,R,R,S,R,,R,,R,R,R,R,R,,R,S,R,,R,R,,,R,R
470_1557,R,R,S,R,,R,,R,,S,R,R,,R,S,R,S,R,R,,S,R,R
470_7431,S,R,R,R,,R,,R,,R,R,R,,R,S,R,S,R,R,,S,S,R
470_701,R,,R,R,,,R,R,,R,,R,,R,R,R,R,,R,R,,R,R
470_7732,S,R,S,R,,R,,R,R,R,R,R,,R,S,R,,R,R,,,R,R
470_7340,,,,,,,R,,,R,R,R,,R,,R,R,,R,,,S,R
470_7992,R,R,S,R,,R,,R,R,R,R,R,,R,S,R,,R,R,,,R,R
470_1555,,R,R,R,,R,,,,,R,S,,R,S,,S,R,,,S,R,R
470_7546,S,R,S,,,R,,S,,S,R,S,S,S,S,S,S,R,S,,S,S,S
470_8064,S,R,S,R,,R,,R,,R,R,R,,R,S,R,S,R,R,,S,R,R
470_626,R,,R,,,,R,R,,R,,R,,R,R,R,R,,R,R,,R,R
470_8068,R,R,S,R,,R,,R,,R,R,S,S,R,S,S,R,R,S,,S,R,R
470_8121,R,,,,,,R,,,R,,R,,R,,,S,,,,,R,
470_4834,,R,,,,R,,,,S,R,S,,S,,,,,,,,,S
1398974_3,R,,R,,,,R,,,R,,R,,R,R,,R,,,R,,R,R
470_7903,R,R,S,R,,R,,R,R,R,R,R,,R,R,R,,R,R,,,R,R
470_1322,R,,,,,,R,,,R,,R,,R,R,R,R,,,,S,,
470_7712,R,R,S,R,,R,,R,R,R,R,R,,R,S,R,,R,R,,,R,R
470_7366,S,,,,,,R,,,,,R,,,R,,,,,,S,,
470_7950,S,R,R,R,,R,,R,R,R,R,R,,R,S,R,,R,R,,,S,R
470_7649,R,R,S,R,,R,,R,R,R,R,R,,R,S,R,,R,R,,,R,R
1310754_3,,,,,R,,,,,,,,,,R,,,,,,,,
470_7662,R,R,S,R,,R,,R,R,R,R,R,,R,S,R,,R,R,,,R,R
470_7600,S,R,S,R,,R,,R,R,R,R,S,,R,R,S,,R,R,,,R,R
470_7495,R,R,R,R,,R,,R,,R,R,R,S,R,R,R,S,R,R,,S,R,R
470_1553,R,R,R,R,,R,,S,,S,R,R,,R,R,R,R,R,R,,S,S,R
470_7925,S,R,R,R,,R,,R,R,R,R,R,,R,S,R,,R,R,,,S,R
470_7913,S,R,R,R,,R,,R,R,R,R,R,,R,S,R,,R,R,,,S,R
470_7640,R,R,S,R,,R,,R,R,R,R,R,,R,S,R,,R,R,,,R,R
470_7725,R,R,S,R,,R,,R,R,R,R,R,,R,S,R,,R,R,,,R,R
1398957_3,R,,R,,,,R,,,R,,R,,R,R,,R,,,R,,R,R
470_7984,R,R,R,R,,R,,R,R,R,R,R,,R,R,R,R,R,R,,,R,R
1398980_3,S,,S,,,,S,,,S,,R,,R,,,,,,R,,R,R
470_7658,S,R,R,R,,R,,R,R,R,R,R,S,R,S,R,,R,R,,,S,R
470_7905,S,R,R,R,,R,,R,R,S,S,R,,R,S,S,,R,R,,,S,R
470_7465,R,R,S,R,,R,,R,,R,R,R,,R,S,R,S,R,R,,,R,R
1310820_3,,,,,S,,,,,,,,,,S,,,,,,,,
1310740_3,,,,,R,,,,,,,,,,R,,,,,,,,
470_7667,S,R,S,R,,R,,R,R,R,R,R,S,R,S,S,,R,S,,,R,S
470_22943,,R,,,,,,,,,,R,,,R,,,,R,,,,R
470_8046,S,R,R,R,,R,,R,,R,R,R,,R,S,R,,R,R,,S,S,R
470_680,R,,R,,,,R,R,,R,,R,,R,R,R,R,,R,R,,R,R
470_591,R,,,,,,R,,,R,,R,,,R,R,R,,,,,,
470_638,R,,S,,,,R,R,,R,,R,,R,R,R,R,,R,R,,R,R
470_7540,S,R,S,R,,R,,R,,S,R,S,,R,S,S,S,R,R,,S,R,R
470_7432,R,R,S,R,,R,,R,,R,R,R,,R,R,R,R,R,R,,S,R,R
470_8010,R,R,R,R,,R,,R,R,R,R,R,,R,S,R,,R,R,,,S,R
470_7537,R,R,S,R,,R,,R,,R,R,R,,R,R,R,S,R,R,,S,R,R
903902_3,S,R,,R,,R,R,,,R,R,R,,R,S,R,,,R,,,R,R
1310758_3,,,,,R,,,,,,,,,,R,,,,,,,,
470_762,R,,S,,,,R,,,R,,R,,R,R,,R,,,R,,R,R
1398981_3,R,,R,,,,R,,,R,,R,,S,R,,R,,,R,,S,R
470_8122,R,,,,,,R,,,R,,R,,R,,,R,,,,,R,
470_2160,R,,,,,,,R,,R,,R,,R,R,,R,,,,,R,
470_8049,R,R,S,R,,R,,R,,R,R,R,,R,S,R,,R,R,,S,R,S
470_7982,S,R,R,R,,R,,R,R,R,R,R,,R,R,R,R,R,R,,,S,R
470_8013,S,R,S,R,,R,,R,R,R,R,R,,R,S,R,,R,R,,,R,S
470_8060,S,R,R,R,,R,,R,,R,R,R,S,R,S,R,,R,R,,S,S,R
470_7972,R,R,R,R,,R,,R,R,R,R,R,,R,S,R,,R,R,,,R,R
470_758,R,,S,,,,R,,,R,,R,,R,S,,S,,,S,,R,S
470_1329,R,,,,,,R,,,R,,R,,R,R,R,R,,,,S,,
470_630,R,,R,,,,R,R,,R,,R,,R,R,R,R,,R,R,,R,R
470_8040,R,R,S,R,,R,,R,,R,R,R,,R,S,R,,R,R,,S,R,R
470_7859,S,R,S,R,,R,,R,R,R,R,S,,R,S,S,,R,R,,,R,R
470_651,R,,R,,,,R,R,,R,,R,,R,,R,R,,R,R,,R,R
470_7864,S,R,R,R,,R,,R,R,R,R,R,,R,S,R,,R,R,,,S,R
470_7890,R,R,R,R,,R,,R,R,R,R,R,,R,S,R,,R,R,,,R,R
470_704,R,,S,R,,,R,R,,R,,R,,R,R,R,R,,R,R,,R,R
470_7487,R,R,R,R,,R,,R,,R,R,R,,R,R,R,S,R,R,,S,R,R
470_2433,R,,,,,,,R,,R,,R,,R,R,,R,,,,,R,
470_746,R,,R,,,,R,,,R,,R,,R,R,,R,,,R,,R,R
470_703,R,,S,R,,,R,R,,R,,R,,R,R,R,R,,R,R,,R,R
470_7894,S,R,R,R,,R,,R,R,R,R,R,,R,R,R,,R,R,,,S,R
903904_3,R,R,,R,,R,R,,,R,R,R,,R,S,R,,,R,,,R,R
470_741,S,,R,,,,R,,,R,,R,,R,S,,S,,,R,,R,R
1310571_3,,,,,R,,,,,,,,,,R,,,,,,,,
470_682,R,,R,,,,R,R,,R,,R,,R,R,R,R,,R,R,,R,R
1310825_3,,,,,R,,,,,,,,,,R,,,,,,,,
1398987_3,R,,,,,,R,,,R,,R,,R,R,,R,,,,,R,R
470_742,S,,R,,,,R,,,R,,R,,R,S,,S,,,R,,R,R
470_710,R,,R,R,,,R,R,,R,,R,,R,R,R,R,,R,R,,R,R
470_7758,S,R,S,R,,R,,R,R,S,R,S,S,S,S,S,,R,S,,,S,S
470_7853,R,R,R,R,,R,,R,R,R,R,R,,R,S,S,,R,S,,,R,R
470_7775,R,R,S,R,,R,,R,R,R,R,R,,R,S,R,,R,R,,,R,R
1398955_3,R,,,,,,R,,,R,,R,,R,S,,R,,,S,,R,R
470_7554,R,R,S,R,,R,,R,,S,R,R,S,R,S,R,S,R,R,,S,R,R
1398975_3,R,,R,,,,R,,,R,,R,,R,R,,R,,,R,,R,R
470_1305,R,,,,,,R,,,R,,R,,,R,R,R,,,,,,
470_8009,S,R,S,R,,R,,S,R,S,S,S,,S,S,S,,R,S,,,S,S
903931_3,S,R,,R,,R,R,,,R,R,S,,S,R,S,,,,,,S,
470_7593,R,R,S,R,,R,,R,R,R,R,R,,R,S,R,,R,R,,S,R,R
470_2425,R,,,,,,,R,,R,,R,,R,R,,R,,,,,R,
470_7885,S,R,S,R,,R,,R,R,S,R,S,,R,S,S,,R,R,,,R,R
470_7985,R,R,R,R,,R,,R,R,R,R,R,,R,S,R,,R,R,,,S,R
470_7683,S,R,S,R,,R,,R,R,R,R,R,,R,S,R,,R,R,,,R,R
470_7815,S,R,R,R,,R,,R,R,R,R,R,,R,S,R,,R,R,,,R,S
470_7863,R,R,S,R,,R,,R,R,R,R,R,,R,S,R,,R,R,,,R,R
470_1334,R,,R,R,,,R,R,,R,,R,,R,R,R,R,,R,R,,R,R
470_7354,R,,,,,,R,,,,,R,,,R,,,,,,S,,
470_8063,R,R,S,R,,R,,R,,R,R,R,,R,S,R,S,R,R,,S,R,R
470_1559,S,R,R,R,,R,,R,R,R,R,S,,R,R,,,R,R,,,R,R
470_7648,R,R,S,R,,R,,R,R,R,R,R,,R,S,R,,R,R,,,R,R
470_8016,S,R,R,R,,R,,R,R,R,R,R,,R,S,R,,R,R,,,S,R
470_645,R,,S,,,,R,R,,R,,R,,R,,R,R,,R,R,,R,R
470_7357,R,,,,,,R,,,,,R,,,R,,,,,,S,,
470_7704,R,R,S,R,,R,,R,R,R,R,R,,R,S,R,,R,R,,,R,R
470_7722,R,R,S,R,,R,,R,R,S,R,R,,R,S,R,,R,R,,,R,R
1310710_3,,,,,S,,,,,,,,,,S,,,,,,,,
470_8078,S,R,S,R,,R,,,R,R,R,R,,R,R,R,R,R,R,,,S,R
470_7705,R,R,S,R,,R,,R,R,R,R,R,,R,S,R,,R,R,,,R,R
470_655,R,,S,,,,R,R,,R,,R,,R,,R,R,,R,R,,R,R
470_7943,S,R,R,R,,R,,R,R,R,R,R,,R,S,R,,R,R,,,S,R
470_7998,S,R,R,R,,R,,R,R,R,R,R,,R,R,S,,R,S,,,R,R
470_7974,S,R,R,R,,R,,R,R,R,R,R,,R,S,R,,R,R,,,S,R
470_8070,S,R,R,R,,R,,R,,R,R,R,S,R,S,R,S,R,R,,S,S,S
903903_3,R,R,,R,,R,R,,,R,R,R,,R,S,R,,,R,,,R,R
470_717,R,,R,R,,,R,R,,R,,R,,R,R,R,R,,R,R,,R,R
470_677,R,,R,,,,R,R,,R,,R,,R,,R,R,,R,R,,R,R
470_8034,S,R,R,R,,R,,R,,R,R,R,,R,S,R,,R,R,,R,S,R
470_7602,S,R,S,R,,R,,R,R,R,R,R,,R,S,R,,R,R,,,R,R
1409928_3,R,,,R,,,R,,,R,R,R,,R,R,R,,,R,,,R,
470_7480,S,R,R,R,,R,,R,,R,R,R,,R,S,R,S,R,R,,S,S,R
470_7886,R,R,S,R,,R,,R,R,R,R,R,,R,S,R,,R,R,,,R,R
1398943_3,R,,R,R,,,R,R,,R,R,R,,R,R,R,R,,R,R,R,R,R
470_7948,S,R,S,R,,R,,R,R,R,R,R,,R,S,R,,R,R,,,R,R
470_1323,R,,,,,,R,,,R,,R,,R,R,R,R,,,,S,,
470_1330,R,,,,,,R,,,R,,R,,R,R,R,R,,,,S,,
470_7893,R,R,S,R,,R,,R,R,R,R,R,,R,S,R,,R,R,,,R,R
470_8057,R,R,S,R,,R,,R,,R,R,R,,R,S,R,,R,R,,R,R,R
903923_3,S,R,,R,,R,R,,,R,R,R,,R,S,R,,,R,,,R,R
470_7873,S,R,R,R,,R,,R,R,S,S,R,,R,S,S,,R,R,,,S,R
470_7741,S,R,S,R,,R,,S,R,S,S,S,S,S,S,S,,R,S,,,S,S
470_7892,S,R,S,R,,R,,R,R,R,R,R,,R,S,R,,R,S,,,R,R
470_7785,R,R,S,R,,R,,R,R,R,R,R,,R,S,R,,R,R,,,R,S
470_674,R,,R,,,,R,R,,R,,R,,R,R,R,R,,R,R,,R,R
470_684,R,,R,,,,R,R,,R,,R,,R,R,R,R,,R,R,,R,R
470_597,R,,,,,,R,,,R,,R,,,R,R,R,,,,,,
1310731_3,,,,,R,,,,,,,,,,R,,,,,,,,
470_8088,R,R,S,R,,R,,,R,R,R,R,,R,R,R,R,R,R,,,R,R
470_7642,R,R,S,R,,R,,R,R,R,R,R,,R,S,R,,R,R,,,R,R
470_7474,S,R,R,R,,R,,R,,R,R,R,S,R,R,R,S,R,R,,S,S,R
470_8053,S,R,R,R,,R,,R,,R,R,R,,R,R,S,,R,R,,S,R,R
470_24292,,R,,,,,,,,,,R,,,R,,,,R,,,,R
470_7446,S,R,R,R,,R,,R,,R,R,R,S,R,S,R,S,R,R,,S,S,R
1398982_3,R,,R,,,,R,,,R,,R,,R,R,,R,,,R,R,R,R
470_7842,R,R,R,R,,R,,R,R,R,R,R,,R,S,R,,R,R,,,R,R
470_7628,R,R,R,R,,R,,R,R,R,R,R,S,R,S,R,,R,R,,,R,R
470_7677,S,R,R,R,,R,,R,R,R,R,R,S,R,S,R,,R,R,,,S,R
470_7707,R,R,S,R,,R,,R,R,R,R,R,,R,S,R,,R,R,,,R,R
470_8108,R,R,R,R,,R,,,R,R,R,R,,R,R,R,R,R,R,,,S,R
470_722,R,,R,R,,,R,R,,R,,R,,R,R,R,R,,R,R,,R,R
470_7970,R,R,R,R,,R,,R,R,R,R,R,,R,S,S,,R,S,,,R,R
470_7777,S,R,S,R,,R,,R,R,S,R,S,,R,S,S,,R,R,,,R,R
470_733,S,,S,,,,R,,,R,,R,,R,R,,R,,,R,,R,S
470_7565,S,R,R,R,,R,,,R,R,R,S,,R,S,S,S,R,S,,,S,R
470_7934,R,R,S,R,,R,,R,R,R,R,R,,R,S,R,,R,R,,,R,R
1310583_3,,,,,S,,,,,,,,,,S,,,,,,,,
470_7372,S,,,,,,R,,,,,R,,,R,,,,,,S,,
470_7601,S,R,S,R,,R,,R,R,R,R,R,S,R,S,R,,R,S,,S,R,R
470_7486,R,R,S,R,,R,,R,,R,R,R,,R,R,R,S,R,R,,S,R,R
470_7689,S,R,R,R,,R,,R,R,R,R,R,,R,R,R,,R,R,,,S,R
470_7434,S,R,R,R,,R,,R,,R,R,R,S,R,S,R,S,R,R,,R,S,R
470_7475,R,R,R,R,,R,,R,,R,R,R,S,R,S,R,S,R,R,,S,S,R
470_7967,R,R,S,R,,R,,R,R,R,R,R,,R,S,R,,R,R,,,R,R
470_581,,,,,,,R,,,R,,R,,,R,R,R,,,,,,
470_7483,R,R,S,R,,R,,R,,R,R,R,S,R,S,R,S,R,R,,S,R,R
470_7929,S,R,S,R,,R,,R,R,R,R,R,,R,S,R,,R,R,,,R,R
470_8056,R,R,R,R,,R,,R,,R,R,R,S,R,S,S,,R,S,,S,R,R
1398958_3,R,,R,,,,R,,,R,,R,,R,R,,R,,,R,,R,R
470_7671,R,R,S,R,,R,,R,R,R,R,R,,R,S,R,,R,R,,,R,R
470_7754,R,R,S,R,,R,,R,R,R,R,R,,R,S,R,,R,R,,,R,R
470_760,R,,R,,,,R,,,R,,R,,R,R,,R,,,R,,R,R
470_7498,R,R,R,R,,R,,R,,R,R,R,S,R,S,R,S,R,R,,S,R,R
470_1320,R,,,,,,S,,,R,,R,,R,R,R,R,,,,S,,
470_7612,S,R,S,R,,R,,R,R,R,R,R,,R,S,R,,R,R,,,R,R
470_7944,S,R,R,R,,R,,R,R,R,R,R,,R,S,R,,R,R,,,S,R
470_7626,R,R,R,R,,R,,R,R,R,R,R,S,R,S,R,,R,R,,,R,R
470_8019,S,R,R,R,,R,,R,R,R,R,R,,R,S,R,,R,R,,,S,R
470_7714,R,R,S,R,,R,,R,R,R,R,R,,R,S,R,,R,R,,,R,R
470_7883,S,R,R,R,,R,,R,R,R,R,R,,R,R,R,R,R,R,,,S,R
470_7631,R,R,R,R,,R,,R,R,R,R,R,S,R,S,R,,R,R,,,R,R
470_7433,S,R,S,R,,R,,S,,S,S,S,S,S,S,S,S,R,S,,S,S,S
470_7973,R,R,R,R,,R,,R,R,R,R,R,,R,R,R,,R,R,,,R,R
470_7476,R,R,S,R,,R,,R,,R,R,R,,R,S,R,S,R,R,,R,R,R
470_7621,R,R,S,R,,R,,R,R,R,R,R,,R,S,R,,R,R,,,R,R
470_7753,R,R,R,R,,R,,R,R,R,R,R,,R,S,R,,R,R,,,R,R
470_7759,R,R,S,R,,R,,R,R,R,R,R,,R,S,R,,R,R,,,R,R
470_7844,S,R,R,R,,R,,R,R,R,R,R,,R,S,S,,R,R,,,R,S
470_7596,R,R,R,R,,R,,R,R,R,R,R,S,R,S,R,,R,R,,,S,R
470_7749,S,R,R,R,,R,,R,R,R,R,R,S,R,S,S,,R,S,,,R,R
470_1558,S,R,R,R,,R,,R,,R,R,S,,R,S,S,R,R,R,,S,R,R
470_8066,R,R,R,R,,R,,R,,R,R,R,S,R,S,R,S,R,R,,S,R,R
470_574,R,,,,,,R,,,R,,R,,,R,R,R,,,,,,
470_7730,S,R,R,R,,R,,R,R,R,R,R,S,R,S,R,,R,R,,,S,R
470_7912,S,R,R,R,,R,,R,R,R,R,R,,R,S,R,,R,R,,,S,R
470_8012,S,R,S,R,,R,,R,R,R,R,R,,R,S,R,,R,R,,,R,R
470_7477,S,R,S,R,,R,,S,,R,S,S,S,S,S,S,S,R,S,,S,S,S
470_7904,R,R,S,R,,R,,R,R,R,R,R,,R,R,R,,R,R,,,R,R
470_7941,S,R,R,R,,R,,R,R,R,R,R,,R,S,R,,R,R,,,S,R
470_720,R,,R,R,,,R,R,,R,,R,,R,R,R,R,,R,R,,S,R
470_7838,R,R,R,R,,R,,R,R,R,R,R,,R,S,R,,R,R,,,S,R
1398990_4,R,,R,,,,R,,,R,,R,,R,R,,R,,,R,,R,R
470_7559,S,R,S,R,,R,,S,,S,R,S,S,S,R,S,S,R,S,,S,S,S
470_1561,R,R,S,R,,R,,R,R,R,R,R,,R,R,R,R,R,R,,,R,R
470_7739,R,R,R,R,,R,,R,R,R,R,R,S,R,S,R,,R,R,,,R,R
470_7703,S,R,R,R,,R,,R,R,R,R,R,S,R,S,S,,R,R,,,R,S
470_8036,S,R,R,R,,R,,R,,R,R,R,S,R,S,R,,R,R,,R,S,R
470_7429,S,R,S,R,,R,,R,,S,R,S,,R,S,S,S,R,R,,S,R,R
470_756,R,,R,,,,R,,,R,,R,,R,R,,R,,,R,,R,R
470_7991,R,R,R,R,,R,,R,R,S,R,R,,R,R,R,R,R,R,,,R,R
470_763,R,,R,,,,R,,,R,,R,,R,R,,R,,,R,,R,R
470_7872,S,R,S,R,,R,,R,R,S,R,S,,R,S,S,,R,S,,,R,R
1310665_3,,,,,S,,,,,,,,,,S,,,,,,,,
470_7796,R,R,S,R,,R,,R,R,R,R,R,,R,S,R,,R,R,,,R,R
1310739_3,,,,,R,,,,,,,,,,R,,,,,,,,
470_7717,R,R,S,R,,R,,R,R,R,R,R,,R,S,R,,R,R,,,R,R
470_8118,S,,,,,,R,,,R,,R,,R,,,R,,,,,R,
1310802_3,,,,,S,,,,,,,,,,S,,,,,,,,
470_634,R,,R,,,,R,R,,R,,R,,R,R,R,R,,R,R,,R,R
470_744,R,,R,,,,R,,,R,,R,,R,R,,R,,,R,,R,R
470_7906,R,R,R,R,,R,,R,R,R,R,R,,R,S,R,,R,R,,,R,R
470_7787,R,R,S,R,,R,,R,R,R,R,R,,R,S,R,,R,R,,,R,S
1310570_3,,,,,R,,,,,,,,,,R,,,,,,,,
470_7742,S,R,S,R,,R,,R,R,R,R,R,S,R,S,R,,R,S,,,R,R
470_747,R,,R,,,,R,,,R,,R,,R,R,,R,,,R,,R,R
470_7719,R,R,S,R,,R,,R,R,R,R,R,,R,S,R,,R,R,,,R,S
470_7986,S,R,S,R,,R,,R,R,S,R,R,,R,S,R,,R,S,,,R,R
470_22925,,R,,,,,,,,,,R,,,,,,,R,,,,R
470_7711,R,R,S,R,,R,,R,R,R,R,R,,R,S,R,,R,R,,,R,R
1310741_3,,,,,R,,,,,,,,,,R,,,,,,,,
1398979_3,R,,S,,,,R,,,R,,R,,R,S,,R,,,R,,S,R
470_7995,R,R,S,R,,R,,R,R,R,R,R,,R,S,R,,R,R,,,R,R
470_7999,S,R,R,R,,R,,R,R,R,R,R,,R,S,S,,R,R,,,R,S
1310691_3,,,,,R,,,,,,,,,,R,,,,,,,,
470_8003,R,R,S,R,,R,,R,R,R,R,R,,R,S,R,,R,R,,,R,R
470_7360,R,,,,,,R,,,,,R,,,R,,,,,,S,,
470_7345,,,,,,,R,,,R,R,R,,S,,R,R,R,R,,,S,R
470_590,R,,,,,,R,,,R,,R,,,,R,R,,,,,,
1310701_3,,,,,S,,,,,,,,,,S,,,,,,,,
470_577,R,,,,,,R,,,R,,R,,,R,R,R,,,,,,
903898_3,R,R,,R,,R,S,,,S,R,R,,R,S,R,,,R,,,R,R
1398954_3,S,,R,,,,R,,,R,,R,,R,R,,R,,,R,,S,R
470_7880,R,R,S,R,,R,,R,R,R,R,R,,R,S,R,,R,R,,,R,R
470_7652,R,R,S,R,,R,,R,R,R,R,R,,R,S,R,,R,R,,,R,R
903925_3,S,R,,R,,R,R,,,R,R,R,,R,S,R,,,,,,R,
470_7846,S,R,S,R,,R,,R,R,S,S,S,,S,S,S,,R,S,,,S,R
1409925_3,R,,,R,,,R,,,R,R,R,,R,R,R,,,R,,,R,
470_7615,S,R,S,R,,R,,R,R,R,R,S,,R,S,S,,R,S,,,R,R
470_7908,S,R,R,R,,R,,R,R,R,R,R,,R,S,R,,R,R,,,R,S
470_7993,S,R,R,R,,R,,R,R,R,R,R,,R,S,R,,R,R,,,S,R
470_7592,S,R,S,R,,R,,R,R,S,R,S,S,R,S,S,,R,R,,,R,S
1310794_3,,,,,R,,,,,,,,,,R,,,,,,,,
470_699,R,,R,R,,,R,R,,R,,R,,R,R,R,R,,R,R,,R,R
1310591_3,,,,,R,,,,,,,,,,R,,,,,,,,
470_7613,S,R,S,R,,R,,R,R,R,R,S,S,R,S,S,,R,R,,,R,R
470_612,R,,R,R,,,R,R,,R,,R,,R,R,R,R,,R,R,,R,R
470_8044,R,R,S,R,,R,,R,,R,R,R,,R,S,R,,R,R,,S,R,S
1398988_3,R,,R,,,,R,,,R,,R,,R,R,,R,,,R,,R,R
470_8114,R,,,,,,R,,,R,,R,,R,,,S,,,,,R,
470_7695,R,R,R,R,,R,,R,R,R,R,R,S,R,S,R,,R,R,,,R,R
470_7457,S,R,S,R,,R,,R,,S,S,S,S,S,S,S,S,R,S,,S,S,S
470_8023,S,R,R,R,,R,,R,R,R,R,R,,R,S,R,,R,R,,,S,R
1310765_3,,,,,R,,,,,,,,,,R,,,,,,,,
470_8058,S,R,S,R,,R,,R,,R,R,R,,R,S,R,,R,R,,S,R,R
470_7444,S,R,R,R,,R,,R,,R,R,R,S,R,S,R,S,R,R,,S,S,R
470_685,R,,R,,,,R,R,,R,,R,,R,R,R,R,,R,R,,R,R
1398951_3,R,,R,,,,R,,,S,,R,,R,,,,,,R,S,R,R
470_7694,S,R,R,R,,R,,R,R,R,R,R,S,R,S,R,,R,R,,,S,R
470_8125,S,,,,,,R,,,R,,R,,R,,,S,,,,,R,
470_1307,,,,,,,R,,,R,,R,,,R,R,R,,,,,,
470_7909,S,R,R,R,,R,,R,R,R,R,R,,R,S,R,,R,R,,,S,R
470_757,R,,R,,,,R,,,R,,R,,R,R,,R,,,R,,R,R
470_7955,S,R,S,R,,R,,S,R,S,S,S,,S,S,S,,R,S,,,S,S
470_7740,S,R,S,R,,R,,R,R,R,R,R,S,R,S,R,,R,S,,,R,R
470_24296,,R,,,,,,,,,,R,,,S,,,,,,,,R
470_7665,S,R,S,R,,R,,R,R,R,R,R,,R,S,R,,R,R,,,R,R
470_624,R,,R,R,,,R,R,,R,,R,,R,R,R,R,,R,R,,S,R
470_604,R,,,,,,R,,,R,,R,,,R,R,R,,,,,,
470_7426,R,R,S,R,,R,,R,,R,R,R,,R,R,R,R,R,R,,S,R,R
470_683,R,,R,,,,R,R,,R,,R,,R,R,R,R,,R,R,,R,R
470_625,R,,S,R,,,R,R,,R,,R,,R,R,R,R,,R,R,,R,R
470_7887,S,R,S,R,,R,,S,R,S,S,S,,S,R,S,,R,S,,,S,S
1217645_3,,,,,,,,,,S,,,,,R,,,,,,,,
470_1339,R,,R,,,,R,R,,R,,R,,R,R,R,R,,R,R,,R,R
470_1309,R,,,,,,R,,,R,,R,,,R,R,R,,,,,,
470_7619,S,R,S,R,,R,,R,R,R,R,R,,R,S,R,,R,R,,,R,R
470_613,R,,R,R,,,R,R,,R,,R,,R,R,R,R,,R,R,,R,R
470_7752,R,R,S,R,,R,,R,R,R,R,R,,R,S,R,,R,R,,,R,R
470_1337,R,,R,,,,R,R,,R,,R,,R,R,R,R,,R,R,,R,R
470_8029,R,R,S,R,,R,,R,,R,R,R,,R,S,R,,R,R,,S,R,S
470_22935,,R,,,,,,,,,,R,,,R,,,,R,,,,R
470_8051,R,R,S,R,,R,,R,,R,R,R,,R,S,R,,R,R,,R,R,R
470_1333,R,,R,R,,,R,R,,R,,R,,R,R,R,R,,R,R,,R,R
1310616_3,,,,,R,,,,,,,,,,R,,,,,,,,
470_8112,R,,,,,,R,,,R,,R,,R,,,R,,,,,R,
470_7479,R,R,S,R,,R,,R,,R,R,R,S,R,S,R,S,R,R,,S,S,R
470_7889,S,R,R,R,,R,,R,R,R,R,R,,R,S,R,,R,R,,,S,R
470_7756,R,R,S,R,,R,,R,R,R,R,R,,R,S,R,,R,R,,,R,R
903905_3,R,R,,R,,R,,,,R,R,R,,R,R,R,R,,S,,,R,R
470_648,R,,R,,,,R,R,,R,,R,,R,,R,R,,R,R,,R,R
903889_3,R,R,,R,,R,R,,,R,R,R,,R,S,R,,,R,,,R,R
470_7868,S,R,R,R,,R,,R,R,R,R,R,,R,S,R,,R,R,,,S,R
1398956_3,R,,R,,,,R,,,R,,R,,R,R,,R,,,R,S,R,R
470_8026,S,R,S,R,,R,,S,,S,S,S,,S,S,S,,R,S,,S,S,S
470_7990,S,R,R,R,,R,,R,R,R,R,R,,R,S,R,,R,R,,,S,R
470_580,R,,,,,,R,,,R,,R,,,R,R,R,,,,,,
470_7764,R,R,S,R,,R,,R,R,R,R,R,,R,S,R,,R,R,,,R,R
470_7767,R,R,S,R,,R,,R,R,R,R,R,,R,S,R,,R,R,,,R,R
1398969_3,R,,R,R,,,R,R,,R,R,R,,R,R,R,R,,R,R,,R,R
470_7599,R,R,R,R,,R,,R,R,R,R,R,,R,R,R,,R,R,,,R,R
470_7362,R,,,,,,R,,,,,R,,,R,,,,,,S,,
470_679,R,,R,,,,R,R,,R,,R,,R,R,R,R,,R,R,,R,R
470_7482,R,R,R,R,,R,,R,,R,R,R,S,R,S,R,S,R,R,,S,S,R
470_7553,S,R,S,R,,R,,R,,S,R,S,S,R,S,S,S,R,R,,S,R,S
470_7517,S,R,S,R,,R,,,R,S,S,S,,S,S,S,S,R,S,,,S,S
470_7368,R,,,,,,R,,,,,R,,,R,,,,,,S,,
470_7610,R,R,R,R,,R,,R,R,R,R,R,S,R,S,R,,R,R,,,R,R
470_7723,R,R,R,R,,R,,R,R,R,R,R,,R,S,R,,R,R,,,R,R
1310580_3,,,,,R,,,,,,,,,,R,,,,,,,,
1398991_3,R,,R,,,,S,,,R,,R,,R,R,,R,,,R,,R,R
470_8042,S,R,R,R,,R,,R,,R,R,R,,R,R,R,,R,R,,R,S,R
470_595,S,,,,,,S,,,S,,R,,,S,R,S,,,,,,
470_24291,,R,,,,,,,,,,R,,,R,,,,R,,,,R
470_7776,R,R,R,R,,R,,R,R,R,R,R,,R,S,R,,R,R,,,S,R
470_7783,R,R,R,R,,R,,R,R,R,R,R,,R,S,R,,R,R,,,R,R
470_8061,S,R,R,R,,R,,R,,R,R,R,S,R,S,R,S,R,R,,S,S,S
470_17157,,,,,,,,,,,,,,,,,R,,,,,,
470_650,R,,R,,,,R,R,,R,,R,,R,,R,R,,R,R,,R,R
470_7951,R,R,R,R,,R,,R,R,R,R,R,,R,S,S,,R,R,,,R,R
470_1336,S,,S,,,,R,R,,R,,R,,R,R,R,S,,R,R,,R,R
470_7879,S,R,R,R,,R,,R,R,R,R,R,,R,S,R,,R,R,,,S,R
470_24289,,R,,,,,,,,,,R,,,R,,,,R,,,,R
470_7659,R,R,R,R,,R,,R,R,R,R,R,S,R,S,R,,R,R,,,S,R
470_7919,S,R,R,R,,R,,R,R,R,R,R,,R,S,R,,R,R,,,R,R
470_4824,,S,,,,R,,,,R,R,R,,R,,,,,,,,,R
470_7983,R,R,R,R,,R,,R,R,R,R,R,,R,S,R,,R,R,,,S,R
470_4830,,R,,,,R,,,,R,R,S,,R,,,,,,,,,R
1310599_3,,,,,S,,,,,,,,,,S,,,,,,,,
470_7963,S,R,S,R,,R,,R,R,S,R,S,,R,S,S,,R,S,,,R,R
470_731,R,,S,,,,R,,,R,,R,,R,S,,R,,,R,,R,S
470_7356,R,,,,,,R,,,,,R,,,R,,,,,,S,,
470_4835,,R,,,,R,,,,R,R,R,,R,,,,,,,,,R
470_7876,S,R,S,R,,R,,R,R,S,S,S,,S,S,S,,R,S,,,S,S
470_7697,R,R,R,R,,R,,R,R,R,R,R,S,R,S,R,,R,R,,,R,R
470_4001,,,,,,,,,,,,,,,R,,,,,,,,
470_734,R,,R,,,,R,,,R,,R,,R,R,,R,,,R,,R,R
470_7625,R,R,S,R,,R,,R,R,R,R,R,,R,S,R,,R,R,,,R,R
903901_3,S,R,,R,,R,R,,,R,R,R,,S,S,R,,,R,,,S,R
470_559,R,,,,,,R,,,R,,R,,,R,R,R,,,,,,
470_7348,,,,,,,R,,,R,R,R,,R,,R,R,,R,,,S,R
470_721,R,,R,R,,,R,R,,R,,R,,R,R,R,R,,R,R,,R,R
1398967_3,R,,R,R,,,R,R,,R,R,R,,R,R,R,R,,R,R,,R,R
470_7687,S,R,S,R,,R,,R,R,R,R,R,S,R,S,S,,R,S,,,R,S
470_658,S,,S,,,,R,R,,R,,R,,S,,R,R,,R,R,,S,S
470_7635,S,R,S,R,,R,,R,R,S,R,S,S,S,S,S,,R,S,,,S,S
470_2905,R,,,,,,R,,,R,,R,,,R,R,R,,,,,,
470_754,R,,R,,,,R,,,R,,R,,R,R,,R,,,R,,R,R
470_1808,S,,,,,,R,,,R,,R,,S,R,R,R,,,,S,,
470_7481,R,R,S,R,,R,,R,,R,R,R,,R,S,R,S,R,R,,S,R,R
1398966_3,R,,R,,,,R,,,S,,R,,R,,,,,,R,,R,R
470_636,R,,R,,,,R,R,,R,,R,,R,R,R,R,,R,R,,R,R
470_8050,S,R,S,R,,R,,R,,R,R,R,,R,S,R,,R,R,,S,R,R
470_767,R,,S,R,,,R,R,,R,,R,,R,S,R,R,,R,S,,R,R
1310775_3,,,,,R,,,,,,,,,,R,,,,,,,,
470_7812,R,R,S,R,,R,,R,R,R,R,R,,R,S,R,,R,R,,,R,S
470_7591,R,R,R,R,,R,,R,R,R,R,R,S,R,S,R,,R,R,,,R,R
1409922_5,R,,,R,,,R,,,R,R,R,,R,R,R,,,R,,,R,
470_718,R,,R,R,,,R,R,,R,,R,,R,R,R,R,,R,R,,R,R
470_7528,S,R,R,R,,R,,R,,R,R,S,,R,R,S,S,R,,,S,R,R
470_7606,S,R,S,R,,R,,R,R,R,R,R,,R,S,R,,R,R,,,R,R
470_678,R,,R,,,,R,R,,R,,R,,R,,R,R,,R,R,,R,R
470_7902,R,R,S,R,,R,,R,R,R,R,R,,R,S,R,,R,R,,,R,R
470_8124,S,,,,,,R,,,R,,R,,R,,,S,,,,,R,
470_7343,,,,,,,R,,,R,R,R,,S,,R,R,,R,,,S,R
470_676,R,,R,,,,R,R,,R,,R,,R,,R,R,,R,R,,R,R
470_7898,S,R,R,R,,R,,R,R,R,R,R,,R,S,R,,R,R,,,S,R
470_7968,S,R,R,R,,R,,R,R,R,R,R,,R,S,R,,R,R,,,S,R
470_17173,,,,,,,,,,,,,,,,,R,,,,,,
470_7618,R,R,S,R,,R,,R,R,R,R,R,,R,S,R,,R,R,,,R,R
1310562_3,,,,,,,,,,,,,,,S,,,,,,,,
470_7738,S,R,S,R,,R,,R,R,R,R,R,,R,S,R,,R,R,,,R,R
470_7953,S,R,S,R,,R,,R,R,R,R,R,,R,S,R,,R,R,,,R,R
1310733_4,,,,,,,,,,,,,,,S,,,,,,,,
470_7338,,,,,,,R,,,R,R,R,,R,,R,R,,R,,,R,R
470_662,R,,R,,,,R,R,,S,,R,,R,,R,R,,R,R,,R,R
470_7547,S,R,S,R,,R,,R,,S,R,S,S,S,S,S,S,R,R,,S,S,S
470_8015,S,R,R,R,,R,,R,R,R,R,R,,R,R,R,,R,R,,,R,R
903899_3,R,R,,R,,R,S,,,R,R,R,,R,S,R,,,R,,,R,R
1310815_3,,,,,R,,,,,,,,,,R,,,,,,,,
470_2428,R,,,,,,,R,,R,,R,,R,R,,R,,,,,,
470_7672,S,R,S,R,,R,,R,R,R,R,R,S,R,S,R,,R,R,,,R,R
903893_3,S,R,,R,,R,R,,,R,R,R,,R,S,S,,,S,,,R,S
1310770_3,,,,,S,,,,,,,,,,S,,,,,,,,
470_697,R,,R,R,,,R,R,,R,,R,,R,R,R,R,,R,R,,R,R
1310829_3,,,,,,,,,,,,,,,R,,,,,,,,
1310792_3,,,,,R,,,,,,,,,,R,,,,,,,,
1398960_3,S,,R,,,,S,,,S,,R,,R,,,,,,R,,R,R
470_576,R,,,,,,R,,,R,,R,,,R,R,R,,,,,,
470_7347,,,,,,,R,,,R,R,R,,S,,R,R,,R,,,S,R
470_7349,,,,,,,R,,,R,R,R,,S,,R,R,,R,,,S,R
470_755,R,,R,,,,R,,,R,,R,,R,R,,R,,,R,,R,R
1310736_3,,,,,S,,,,,,,,,,S,,,,,,,,
470_603,S,,,,,,R,,,S,,R,,,R,R,R,,,,,,
470_573,R,,,,,,R,,,R,,R,,,R,R,R,,,,,,
470_4006,,,,,,,,,,,,,,,R,,,,,,,,
470_7882,S,R,R,R,,R,,R,R,R,R,R,,R,S,R,,R,R,,,S,R
470_4809,,S,,,,S,,,,R,S,S,,S,,,,,,,,,S
470_7543,R,R,R,R,,R,,R,,R,R,R,S,R,S,R,S,R,R,,S,R,R
1310619_3,,,,,S,,,,,,,,,,S,,,,,,,,
1310607_3,,,,,S,,,,,,,,,,S,,,,,,,,
470_7737,R,R,R,R,,R,,R,R,R,R,R,,R,S,R,,R,R,,,R,R
470_4833,,R,,,,R,,,,S,R,S,,S,,,,,,,,,S
470_7755,S,R,S,R,,R,,R,R,R,R,R,S,R,S,R,,R,R,,,S,R
470_7733,R,R,R,R,,R,,R,R,R,R,R,,R,S,R,,R,R,,,R,R
903927_3,S,R,,R,,R,R,,,R,R,S,,R,R,S,,,S,,,R,R
1310596_3,,,,,R,,,,,,,,,,R,,,,,,,,
1310771_3,,,,,R,,,,,,,,,,R,,,,,,,,
1398971_3,S,,S,,,,S,,,S,,R,,R,,,,,,S,,R,S
470_657,R,,R,,,,R,R,,R,,R,,R,,R,R,,R,R,,R,R
470_7455,R,,S,R,,,,R,,R,R,R,,R,S,R,,,R,,S,R,S
470_8126,R,,,,,,R,,,R,,R,,R,,,R,,,,,R,
1409924_3,R,,,R,,,R,,,R,R,R,,R,R,R,,,R,,,R,
470_7698,R,R,S,R,,R,,R,R,R,R,R,,R,S,R,,R,R,,,R,R
470_7608,R,R,R,R,,R,,R,R,R,R,R,S,R,S,R,,R,R,,,R,R
470_7696,S,R,R,R,,R,,R,R,R,R,R,S,R,S,R,,R,R,,,S,R
470_653,R,,R,,,,R,R,,R,,R,,R,,R,R,,R,R,,R,R
470_24293,,R,,,,,,,,,,R,,,S,,,,,,,,R
470_7627,R,R,S,R,,R,,R,R,R,R,R,,R,S,R,,R,R,,,R,R
470_8005,S,R,R,R,,R,,R,R,R,R,R,,R,S,R,,R,R,,,S,R
1409923_3,R,,,R,,,R,,,R,R,R,,R,R,R,,,R,,,R,
470_7461,S,R,S,R,,R,,S,,S,S,R,S,R,S,R,S,R,S,,S,R,S
470_7594,S,R,S,R,,R,,R,R,S,R,S,S,R,S,S,,R,R,,,R,S
470_654,R,,R,,,,R,R,,R,,R,,R,,R,R,,R,R,,R,R
470_686,R,,R,,,,R,R,,R,,R,,R,R,R,R,,R,R,,R,R
470_7915,R,R,R,R,,R,,R,R,R,R,R,,R,S,R,,R,R,,,S,R
1310738_3,,,,,R,,,,,,,,,,R,,,,,,,,
470_8117,S,,,,,,R,,,R,,R,,R,,,S,,,,,R,
470_633,R,,R,,,,R,R,,R,,R,,R,R,R,R,,R,R,,R,R
470_7911,R,R,S,R,,R,,R,R,R,R,R,,R,S,R,,R,R,,,R,R
470_7454,R,R,S,R,,R,,R,,R,R,R,,R,S,R,S,R,R,,S,R,R
470_7614,R,R,S,R,,R,,R,R,R,R,R,,R,S,R,,R,R,,,R,R
470_3998,,,,,,,,,,,,,,,R,,,,,,,,
470_735,R,,R,,,,R,,,R,,R,,R,R,,R,,,R,,R,R
470_1306,R,,,,,,R,,,R,,R,,,R,R,R,,,,,,
470_2165,R,,,,,,,R,,R,,R,,R,R,,R,,,,,R,
1116234_3,R,R,,,,,,R,,R,,R,,R,R,,R,,,R,,R,
903922_3,R,R,,R,,R,R,,,R,R,R,,R,S,R,,,R,,,R,S
470_4826,,R,,,,R,,,,R,R,R,,R,,,,,,,,,R
1310707_3,,,,,S,,,,,,,,,,S,,,,,,,,
1310784_3,,,,,S,,,,,,,,,,S,,,,,,,,
470_8024,R,R,R,R,,R,,R,,R,R,R,,R,R,R,R,R,R,,R,R,R
470_8075,R,R,S,R,,R,,,R,R,R,R,,R,R,R,R,R,R,,,R,S
470_7910,S,R,R,R,,R,,R,R,R,R,R,,R,S,R,,R,R,,,S,R
470_2143,R,,,,,,,R,,R,,R,,R,R,,R,,,,,R,
470_7438,S,R,S,R,,R,,S,,S,S,S,S,S,S,S,S,R,R,,S,S,R
1310585_3,,,,,R,,,,,,,,,,R,,,,,,,,
470_7710,R,R,S,R,,R,,R,R,R,R,R,,R,S,R,,R,R,,,R,R
1310666_3,,,,,R,,,,,,,,,,R,,,,,,,,
470_8035,R,R,S,R,,R,,R,,R,R,R,,R,S,R,,R,R,,R,R,R
470_7957,R,R,R,R,,R,,R,R,R,R,R,,R,S,S,,R,S,,,R,R
1398950_3,R,,S,,,,R,,,R,,R,,R,R,,R,,,R,,R,R
470_775,,R,,,,,,,,,,,,,,,,,R,,,,
1217647_3,,,,,,,,,,R,,,,,,,,,,R,,,
1310751_3,,,,,R,,,,,,,,,,R,,,,,,,,
470_8018,S,R,S,R,,R,,R,R,S,S,R,,S,S,R,,R,R,,,S,R
1310600_3,,,,,R,,,,,,,,,,R,,,,,,,,
1310636_3,,,,,S,,,,,,,,,,S,,,,,,,,
1310781_3,,,,,S,,,,,,,,,,S,,,,,,,,
1310742_3,,,,,R,,,,,,,,,,R,,,,,,,,
470_575,R,,,,,,R,,,R,,R,,,R,R,R,,,,,,
470_22930,,R,,,,,,,,,,R,,,R,,,,R,,,,R
470_4017,,,,,,,,,,,,,,,R,,,,,,,,
470_8020,R,R,S,R,,R,,R,,R,R,R,,R,S,R,S,R,R,,S,R,R
470_7952,S,R,R,R,,R,,R,R,R,R,R,,R,S,R,,R,R,,,S,R
470_7497,S,R,S,R,,R,,S,,S,S,S,S,S,S,S,S,R,S,,S,S,S
470_1341,R,,,R,,,R,R,,R,,R,,R,R,R,R,,,R,,R,
1310693_4,,,,,,,,,,,,,,,S,,,,,,,,
470_1772,S,,,,,,R,,,R,,R,,R,R,R,R,,,,S,,
470_22944,,R,,,,,,,,,,R,,,R,,,,R,,,,R
470_751,R,,R,,,,R,,,R,,R,,R,R,,R,,,R,,R,R
470_1304,R,,,,,,R,,,R,,R,,,R,R,R,,,,,,
470_7365,R,,,,,,R,,,,,R,,,R,,,,,,S,,
470_7791,S,R,S,R,,R,,R,R,S,S,S,,S,S,S,,R,S,,,S,S
470_8089,R,R,S,R,,R,,,R,R,R,R,,R,R,R,R,R,R,,,R,R
470_745,R,,R,,,,R,,,R,,R,,R,R,,R,,,R,,R,R
1310581_3,,,,,S,,,,,,,,,,S,,,,,,,,
470_594,R,,,,,,R,,,R,,R,,,R,R,R,,,,,,
1310806_3,,,,,R,,,,,,,,,,R,,,,,,,,
470_7641,S,R,R,R,,R,,R,R,R,R,R,S,R,S,R,,R,R,,,S,R
470_732,S,,R,,,,R,,,R,,R,,R,S,,S,,,R,,S,R
1310811_3,,,,,R,,,,,,,,,,R,,,,,,,,
470_17169,,,,,,,,,,,,,,,,,R,,,,,,
470_7370,S,,,,,,R,,,,,R,,,R,,,,,,S,,
470_7367,R,,,,,,R,,,,,R,,,R,,,,,,S,,
470_600,R,,,,,,R,,,R,,R,,,R,R,R,,,,,,
1310611_3,,,,,S,,,,,,,,,,S,,,,,,,,
470_7564,R,R,S,R,,R,,,R,R,R,R,,R,S,R,S,R,S,,,R,S
1217630_3,,,,,,,,,,R,,,,,R,,,,,R,,,
903897_3,R,R,,R,,R,R,,,R,R,R,,R,R,R,,,R,,,R,R
470_7590,S,R,S,R,,R,,R,R,R,R,R,,R,S,S,,R,R,,,R,R
470_2142,R,,,,,,,R,,R,,R,,R,R,,R,,,,,R,
470_2159,R,,,,,,,R,,R,,R,,R,R,,R,,,,,R,
470_22924,,R,,,,,,,,,,R,,,R,,,,R,,,,R
1398983_3,R,,R,,,,R,,,S,,R,,R,,,,,,R,,R,R
470_22934,,R,,,,,,,,,,R,,,R,,,,R,,,,R
1439316_7,,,R,,,,R,,,R,,R,,R,,R,R,,,,,R,R
470_2155,,,,,,,,R,,R,,R,,,R,,R,,,,,,
1310649_3,,,,,R,,,,,,,,,,R,,,,,,,,
470_7840,S,R,S,R,,R,,R,R,S,R,S,,S,S,S,,R,S,,,S,R
470_601,R,,,,,,R,,,R,,R,,,R,R,R,,,,,,
1310813_3,,,,,R,,,,,,,,,,R,,,,,,,,
470_8127,S,,,,,,R,,,R,,R,,R,,,S,,,,,R,
1310745_3,,,,,R,,,,,,,,,,R,,,,,,,,
470_7361,R,,,,,,R,,,,,R,,,R,,,,,,S,,
470_7369,S,,,,,,R,,,,,R,,,R,,,,,,S,,
1310620_3,,,,,R,,,,,,,,,,R,,,,,,,,
470_22931,,R,,,,,,,,,,R,,,R,,,,R,,,,R
470_7373,R,,,,,,R,,,,,R,,,R,,,,,,S,,
470_7490,R,R,R,R,,R,,R,,R,R,R,,R,S,R,S,R,R,,S,R,R
470_1340,R,,R,,,,R,R,,R,,R,,R,R,R,R,,R,R,,R,S
470_17172,,,,,,,,,,,,,,,,,R,,,,,,
1096996_4,,,,,,,,,,,,,,,R,,,,,,,,
470_7355,R,,,,,,R,,,,,R,,,R,,,,,,S,,
470_7976,S,R,S,R,,R,,S,R,S,R,S,,S,S,S,,R,S,,,S,S
470_22938,,R,,,,,,,,,,R,,,R,,,,R,,,,R
470_22941,,R,,,,,,,,,,R,,,,,,,R,,,,R
1310643_3,,,,,S,,,,,,,,,,S,,,,,,,,
470_2436,R,,,,,,,R,,R,,R,,R,R,,R,,,,,R,
470_7342,,,,,,,R,,,R,R,R,,S,,R,R,,R,,,S,S
1310577_3,,,,,R,,,,,,,,,,R,,,,,,,,
1310708_3,,,,,R,,,,,,,,,,R,,,,,,,,
1310785_3,,,,,R,,,,,,,,,,R,,,,,,,,
1310727_3,,,,,R,,,,,,,,,,R,,,,,,,,
470_4005,,,,,,,,,,,,,,,R,,,,,,,,
470_4823,,R,,,,R,,,,R,R,S,,S,,,,,,,,,S
470_22940,,R,,,,,,,,,,R,,,R,,,,R,,,,R
1310746_3,,,,,R,,,,,,,,,,R,,,,,,,,
470_17161,,,,,,,,,,,,,,,,,R,,,,,,
470_589,R,,,,,,R,,,R,,R,,,R,R,R,,,,,,
1310622_6,,,,,S,,,,,,,,,,S,,,,,,,,
470_7923,S,R,R,R,,R,,R,R,R,R,R,,R,S,R,,R,R,,,S,R
1217631_3,,,,,,,,,,,,,,,R,,,,,,,,
470_4007,,,,,,,,,,,,,,,R,,,,,,,,
1310722_3,,,,,S,,,,,,,,,,S,,,,,,,,
470_4013,,,,,,,,,,,,,,,R,,,,,,,,
1310743_3,,,,,R,,,,,,,,,,R,,,,,,,,
1398970_3,R,,S,,,,R,,,R,,R,,R,R,,R,,,R,,R,R
1310780_3,,,,,R,,,,,,,,,,R,,,,,,,,
470_22910,,R,,,,,,,,,,R,,,R,,,,R,,,,R
1310776_3,,,,,R,,,,,,,,,,R,,,,,,,,
470_2168,,,,,,,,R,,R,,R,,,R,,R,,,,,,
470_598,S,,,,,,,,,S,,,,,S,,S,,,,,,
1310798_3,,,,,R,,,,,,,,,,R,,,,,,,,
470_1770,R,,,,,,R,,,R,,R,,R,R,R,R,,,,S,,
470_639,R,,R,,,,R,R,,S,,R,,S,R,R,R,,S,R,,S,S
1310594_3,,,,,R,,,,,,,,,,R,,,,,,,,
1310755_3,,,,,R,,,,,,,,,,R,,,,,,,,
470_22915,,R,,,,,,,,,,R,,,R,,,,R,,,,R
470_17176,,,,,,,,,,,,,,,,,S,,,,,,
1217642_3,,,,,,,,,,S,,,,,R,,,,,S,,,
470_24290,,R,,,,,,,,,,R,,,R,,,,R,,,,R
1310725_3,,,,,R,,,,,,,,,,R,,,,,,,,
470_596,R,,,,,,R,,,R,,R,,,R,R,R,,,,,,
1310793_3,,,,,S,,,,,,,,,,S,,,,,,,,
1310650_3,,,,,R,,,,,,,,,,R,,,,,,,,
470_592,,,,,,,,,,S,,,,,,,S,,,,,,
470_4004,,,,,,,,,,,,,,,R,,,,,,,,
470_22926,,R,,,,,,,,,,R,,,R,,,,R,,,,R
470_7827,R,R,S,R,,R,,R,R,R,R,R,,R,S,R,,R,R,,,R,R
1310703_3,,,,,S,,,,,,,,,,S,,,,,,,,
1310675_3,,,,,R,,,,,,,,,,R,,,,,,,,
1310555_3,,,,,R,,,,,,,,,,R,,,,,,,,
1310686_3,,,,,R,,,,,,,,,,R,,,,,,,,
470_8123,S,,,,,,R,,,R,,R,,R,,,S,,,,,R,
470_1327,R,,,,,,R,,,R,,R,,R,R,R,R,,,,,,
470_7351,R,,,,,,R,,,,,R,,,R,,,,,,S,,
1310597_3,,,,,R,,,,,,,,,,R,,,,,,,,
470_17163,,,,,,,,,,,,,,,,,R,,,,,,
470_24294,,R,,,,,,,,,,R,,,R,,,,R,,,,R
1310762_3,,,,,S,,,,,,,,,,S,,,,,,,,
470_4009,,,,,,,,,,,,,,,R,,,,,,,,
1310744_3,,,,,R,,,,,,,,,,R,,,,,,,,
886888_3,,,,,,,,,,,,,,,R,,,,,,,,
1310593_3,,,,,,,,,,,,,,,R,,,,,,,,
470_22914,,R,,,,,,,,,,R,,,R,,,,R,,,,R
1310737_3,,,,,R,,,,,,,,,,R,,,,,,,,
470_17174,,,,,,,,,,,,,,,,,S,,,,,,
470_24297,,R,,,,,,,,,,R,,,S,,,,,,,,R
470_2166,,,,,,,,R,,R,,R,,R,R,,R,,,,,,
1310719_3,,,,,S,,,,,,,,,,S,,,,,,,,
1310760_3,,,,,R,,,,,,,,,,R,,,,,,,,
470_7363,R,,,,,,R,,,,,R,,,R,,,,,,S,,
470_17171,,,,,,,,,,,,,,,,,R,,,,,,
1310826_3,,,,,R,,,,,,,,,,R,,,,,,,,
1217627_3,,,,,,,,,,R,,,,,R,,,,,,,,
1217640_3,,,,,,,,,,,,,,,R,,,,,,,,
470_4003,,,,,,,,,,,,,,,R,,,,,,,,
1398953_3,S,,R,,,,R,,,R,,R,,R,S,,S,,,R,,S,R
1310718_3,,,,,R,,,,,,,,,,R,,,,,,,,
1310588_3,,,,,R,,,,,,,,,,R,,,,,,,,
1310757_3,,,,,R,,,,,,,,,,R,,,,,,,,
470_4066,,,,,,,,,,,,,,,R,,,,,,,,
1310774_3,,,,,R,,,,,,,,,,R,,,,,,,,
1310645_3,,,,,S,,,,,,,,,,S,,,,,,,,
470_22942,,R,,,,,,,,,,R,,,,,,,,,,,
1310787_3,,,,,S,,,,,,,,,,S,,,,,,,,
1310812_3,,,,,S,,,,,,,,,,S,,,,,,,,
1310712_3,,,,,R,,,,,,,,,,R,,,,,,,,
1310818_3,,,,,S,,,,,,,,,,S,,,,,,,,
1310662_3,,,,,S,,,,,,,,,,S,,,,,,,,
470_17162,,,,,,,,,,,,,,,,,R,,,,,,
470_17175,,,,,,,,,,,,,,,,,S,,,,,,
470_2437,,,,,,,,R,,R,,R,,R,R,,R,,,,,,
1398961_3,S,,R,,,,R,,,R,,R,,R,R,,R,,,R,,S,S
1310768_3,,,,,R,,,,,,,,,,R,,,,,,,,
1310706_3,,,,,S,,,,,,,,,,S,,,,,,,,
470_17167,,,,,,,,,,,,,,,,,R,,,,,,
1310786_3,,,,,S,,,,,,,,,,S,,,,,,,,
470_7359,R,,,,,,R,,,,,R,,,R,,,,,,S,,
1310807_3,,,,,S,,,,,,,,,,S,,,,,,,,
1310721_3,,,,,R,,,,,,,,,,R,,,,,,,,
1310803_3,,,,,R,,,,,,,,,,R,,,,,,,,
1310831_3,,,,,,,,,,,,,,,S,,,,,,,,
1217635_3,,,,,,,,,,R,,,,,R,,,,,,,,
470_17159,,,,,,,,,,,,,,,,,R,,,,,,
470_4064,,,,,,,,,,,,,,,R,,,,,,,,
1217628_3,,,,,,,,,,R,,,,,R,,,,,R,,,
1310610_3,,,,,R,,,,,,,,,,R,,,,,,,,
1310797_3,,,,,S,,,,,,,,,,S,,,,,,,,
1310729_3,,,,,R,,,,,,,,,,R,,,,,,,,
1310827_3,,,,,,,,,,,,,,,S,,,,,,,,
1310763_3,,,,,R,,,,,,,,,,R,,,,,,,,
1310778_3,,,,,S,,,,,,,,,,S,,,,,,,,
1310692_3,,,,,S,,,,,,,,,,S,,,,,,,,
1310732_3,,,,,R,,,,,,,,,,R,,,,,,,,
470_17168,,,,,,,,,,,,,,,,,R,,,,,,
470_22937,,R,,,,,,,,,,R,,,,,,,,,,,R
1217646_3,,,,,,,,,,R,,,,,R,,,,,,,,
1310752_3,,,,,S,,,,,,,,,,S,,,,,,,,
1310606_3,,,,,S,,,,,,,,,,S,,,,,,,,
1217637_3,,,,,,,,,,,,,,,R,,,,,R,,,
1310674_3,,,,,S,,,,,,,,,,S,,,,,,,,
1217644_3,,,,,,,,,,R,,,,,,,,,,S,,,
1310699_3,,,,,R,,,,,,,,,,R,,,,,,,,
470_17177,,,,,,,,,,,,,,,,,R,,,,,,
1310598_4,,,,,,,,,,,,,,,R,,,,,,,,
1310700_3,,,,,S,,,,,,,,,,S,,,,,,,,
1310767_3,,,,,R,,,,,,,,,,R,,,,,,,,
1310702_3,,,,,S,,,,,,,,,,S,,,,,,,,
1310796_3,,,,,R,,,,,,,,,,R,,,,,,,,
1217636_3,,,,,,,,,,R,,,,,R,,,,,,,,
889738_3,,,,,,,,,,,,,,,R,,,,,,,,
470_17166,,,,,,,,,,,,,,,,,R,,,,,,
1310810_3,,,,,R,,,,,,,,,,R,,,,,,,,
1310828_3,,,,,,,,,,,,,,,R,,,,,,,,
1310694_3,,,,,S,,,,,,,,,,S,,,,,,,,
1310586_3,,,,,R,,,,,,,,,,R,,,,,,,,
1310679_3,,,,,S,,,,,,,,,,S,,,,,,,,
1310801_3,,,,,S,,,,,,,,,,S,,,,,,,,
470_4012,,,,,,,,,,,,,,,R,,,,,,,,
470_17164,,,,,,,,,,,,,,,,,R,,,,,,
1310676_3,,,,,R,,,,,,,,,,R,,,,,,,,
470_4016,,,,,,,,,,,,,,,R,,,,,,,,
1217641_3,,,,,,,,,,,,,,,R,,,,,,,,
1310579_3,,,,,R,,,,,,,,,,R,,,,,,,,
1217633_3,,,,,,,,,,R,,,,,R,,,,,,,,
1310617_3,,,,,R,,,,,,,,,,R,,,,,,,,
1310805_3,,,,,R,,,,,,,,,,R,,,,,,,,
470_4015,,,,,,,,,,,,,,,R,,,,,,,,
1310789_3,,,,,S,,,,,,,,,,S,,,,,,,,
1310716_3,,,,,R,,,,,,,,,,R,,,,,,,,
1310613_3,,,,,S,,,,,,,,,,S,,,,,,,,
1310799_3,,,,,R,,,,,,,,,,R,,,,,,,,
470_4011,,,,,,,,,,,,,,,R,,,,,,,,
1310590_3,,,,,S,,,,,,,,,,S,,,,,,,,
1310624_3,,,,,R,,,,,,,,,,R,,,,,,,,
1310567_3,,,,,R,,,,,,,,,,R,,,,,,,,
1310717_3,,,,,R,,,,,,,,,,R,,,,,,,,
1096997_4,,,,,,,,,,,,,,,R,,,,,,,,
1310777_3,,,,,,,,,,,,,,,R,,,,,,,,
1310750_3,,,,,S,,,,,,,,,,S,,,,,,,,
1310560_3,,,,,R,,,,,,,,,,R,,,,,,,,
1310648_4,,,,,,,,,,,,,,,R,,,,,,,,
470_17160,,,,,,,,,,,,,,,,,R,,,,,,
1310749_3,,,,,R,,,,,,,,,,R,,,,,,,,
1310735_3,,,,,R,,,,,,,,,,R,,,,,,,,
470_4014,,,,,,,,,,,,,,,R,,,,,,,,
1310808_3,,,,,R,,,,,,,,,,R,,,,,,,,
470_4065,,,,,,,,,,,,,,,R,,,,,,,,
1310809_3,,,,,R,,,,,,,,,,R,,,,,,,,
1217643_3,,,,,,,,,,,,,,,R,,,,,,,,
470_4002,,,,,,,,,,,,,,,R,,,,,,,,
1310558_3,,,,,R,,,,,,,,,,R,,,,,,,,
470_4000,,,,,,,,,,,,,,,R,,,,,,,,
470_4010,,,,,,,,,,,,,,,R,,,,,,,,
470_3996,,,,,,,,,,,,,,,R,,,,,,,,
1217639_3,,,,,,,,,,,,,,,,,,,,R,,,
470_17165,,,,,,,,,,,,,,,,,R,,,,,,
470_17158,,,,,,,,,,,,,,,,,R,,,,,,
1310654_3,,,,,S,,,,,,,,,,S,,,,,,,,
470_3997,,,,,,,,,,,,,,,R,,,,,,,,
1310769_3,,,,,,,,,,,,,,,R,,,,,,,,
470_3999,,,,,,,,,,,,,,,R,,,,,,,,
1310782_3,,,,,R,,,,,,,,,,R,,,,,,,,
470_4008,,,,,,,,,,,,,,,R,,,,,,,,
1310730_3,,,,,R,,,,,,,,,,R,,,,,,,,
