,Aminoglycoside,Glycopeptide,Lipoglycopeptide,Lipopeptide,Macrolide,Oxazolidinone,Penicilin,Streptogramin,Tetracycline
1352_1864,R,S,S,,,S,R,S,S
1352_1553,,S,,,,,,,
1352_17982,,,,S,,,,,
1352_18065,S,R,R,R,,S,R,S,S
1352_1906,R,R,R,,,S,R,R,S
1352_1871,R,R,R,,,S,R,S,S
1352_11924,,S,,,,,,,
1352_17883,,,,S,,,,,
1352_17878,,,,S,,,,,
1352_1861,R,S,S,,,S,R,S,S
1352_1869,R,S,S,,,S,R,S,S
1352_18072,S,R,R,R,,R,R,S,S
1352_18067,R,R,R,R,,S,R,S,S
1352_11604,,S,,,,,,,
1352_1797,R,R,R,,,S,R,S,S
1352_1822,R,R,R,,,S,R,S,S
1352_17821,,R,,,R,S,R,,
1352_1910,R,R,R,,,S,R,S,S
1352_11266,,R,,,,,,,
1352_11808,,R,,,,,,,
1352_1855,R,S,S,,,S,R,S,S
1352_11812,,R,,,,,,,
1352_1848,R,S,S,,,S,R,S,S
1352_1768,R,R,R,,,S,R,S,S
1352_18050,,,,S,,,,,
1352_8043,S,S,,,R,,S,,
1352_7887,,R,,S,,R,,,
1352_17825,R,R,,,R,S,R,,
1352_18066,S,S,S,R,,S,R,S,R
1352_17837,S,S,,,R,S,R,,
1352_1827,S,R,R,,,S,R,S,S
1352_17807,,R,,,R,S,R,,
1352_1902,R,R,R,,,S,R,S,S
1352_1819,R,S,S,,,S,R,S,S
1352_11398,,R,,,,,,,
1352_17921,,,,S,,,,,
1352_18068,S,S,S,R,,S,R,S,S
1352_7877,,R,,S,,R,,,
1352_1813,S,R,R,,,S,R,R,S
1352_11663,,R,,,,,,,
1352_11322,,R,,,,,,,
1352_1832,R,S,S,,,S,R,S,S
1352_1787,R,R,R,,,S,R,S,S
1352_1932,S,R,R,,,S,R,S,S
1352_17792,,R,,,R,S,R,,
1352_11938,,S,,,,,,,
1352_1866,R,S,S,,,S,R,S,S
1352_11816,,R,,,,,,,
1352_1541,,S,,,,,,,
1352_11424,,S,,,,,,,
1352_11528,,S,,,,,,,
1352_1764,R,R,R,,,S,R,S,S
1352_1893,R,R,R,,,S,R,S,S
1352_11366,,S,,,,,,,
1352_11638,,R,,,,,,,
1352_11546,,R,,,,,,,
1352_1783,R,R,R,,,S,R,S,S
1352_17917,,,,S,,,,,
1352_1854,R,R,R,,,S,R,R,S
1352_11805,,R,,,,,,,
1352_1808,R,R,R,,,S,R,S,S
1352_1818,R,R,R,,,S,R,S,S
1352_1903,R,R,R,,,S,R,S,S
1352_7861,,R,,R,,R,,,
1352_11823,,R,,,,,,,
1352_1820,R,S,S,,,S,R,S,S
1352_1792,R,R,R,,,S,R,S,S
1352_11387,,S,,,,,,,
1352_1826,R,S,S,,,S,R,S,S
1352_1840,S,R,R,,,S,R,S,S
1352_1929,S,R,R,,,S,R,S,S
1352_11525,,S,,,,,,,
1352_17962,,,,S,,,,,
1352_17890,,,,S,,,,,
1352_1926,S,R,R,,,S,R,R,S
1352_11381,,S,,,,,,,
1352_1913,S,R,R,,,S,R,S,S
1352_1837,R,R,R,,,S,R,S,S
1352_11700,,R,,,,,,,
1352_17950,,,,S,,,,,
1352_1800,R,R,R,,,S,R,S,S
1352_1860,R,S,S,,,S,R,S,S
1352_7889,,S,,S,,R,,,
1352_11649,,R,,,,,,,
1352_1916,S,R,R,,,S,R,S,S
1352_1836,R,R,R,,,S,R,S,S
1352_11275,,S,,,,,,,
1352_8044,S,S,,,R,,,,
1352_8016,S,S,,,R,,S,,
1352_8019,S,S,,,R,,S,,
1352_1811,R,R,R,,,S,R,S,S
1352_1904,S,R,R,,,S,R,S,S
1352_1774,R,R,R,,,S,R,S,S
1352_8055,S,S,,,R,,S,,
1352_1772,R,R,R,,,S,R,S,S
1352_1779,R,R,R,,,S,R,S,S
1352_10971,,R,,,,,,,
1352_1788,R,R,R,,,S,R,S,S
1352_11658,,R,,,,,,,
1352_18054,,S,,S,,S,,,S
1352_1927,S,R,R,,,S,R,R,S
1352_11284,,S,,,,,,,
1352_1586,,R,,,,,,,
1352_11680,,S,,,,,,,
1352_1804,R,R,R,,,S,R,S,S
1352_8013,S,S,,,R,,S,,
1352_8021,S,S,,,R,,S,,
1352_1561,,S,,,,,,,
1352_1894,S,R,R,,,S,R,S,S
1352_1863,R,S,S,,,S,R,S,S
1352_17913,,,,S,,,,,
1352_1907,S,R,R,,,S,R,S,S
1352_11912,,S,,,,,,,
1352_1781,R,R,R,,,S,R,S,S
1352_1834,S,R,R,,,S,R,S,S
1352_11269,,R,,,,,,,
1352_1879,R,R,R,,,S,R,S,S
1352_1908,R,R,R,,,S,R,S,S
1352_17876,,,,S,,,,,
1352_11894,,S,,,,,,,
1352_1838,R,R,R,,,S,R,S,S
1352_1793,R,S,S,,,S,R,S,S
1352_18063,S,R,R,R,,S,R,S,S
1352_11967,,S,,,,,,,
1352_17830,S,R,,,R,S,R,,
1352_1870,R,S,S,,,S,R,S,S
1352_18043,,,,S,,,,,
1352_1922,R,R,R,,,S,R,S,S
1352_18070,S,R,R,R,,S,R,S,
1352_11906,,S,,,,,,,
1352_11786,,R,,,,,,,
1352_11627,,S,,,,,,,
1352_18052,,S,,S,R,S,,S,S
1352_1580,,S,,,,,,,
1352_11430,,S,,,,,,,
1352_1812,R,R,R,,,S,R,S,S
1352_17804,,R,,,R,R,R,,
1352_1857,R,S,S,,,S,R,S,S
1352_1801,R,R,R,,,S,R,S,S
1352_1856,R,S,S,,,S,R,S,S
1352_1766,R,R,R,,,S,R,S,S
1352_1917,S,R,R,,,S,R,S,S
1352_8039,S,S,,,R,,S,,
1352_17818,,R,,,R,S,R,,
1352_11618,,R,,,,,,,
1352_7890,,R,,S,,R,,,
1352_11957,,S,,,,,,,
1352_11835,,R,,,,,,,
1352_11348,,R,,,,,,,
1352_1825,R,S,S,,,S,R,S,S
1352_11461,,S,,,,,,,
1352_11382,,S,,,,,,,
1352_1767,R,S,S,,,S,R,S,S
1352_11897,,R,,,,,,,
1352_1849,S,R,R,,,S,R,S,S
1352_18060,,S,,S,R,S,,,S
1352_1888,R,R,R,,,S,R,S,S
1352_18057,,S,,S,R,S,,S,S
1352_1824,S,S,S,,,S,S,R,S
1352_1547,,R,,,,,,,
1352_11406,,R,,,,,,,
1352_1810,S,R,R,,,S,R,S,S
1352_10976,,S,,,,,,,
1352_8038,S,S,,,R,,S,,
1352_12009,,R,,,,,,,
1352_1835,R,R,R,,,S,R,S,S
1352_1853,R,R,R,,,S,R,S,S
1352_11623,,R,,,,,,,
1352_8015,S,S,,,R,,S,,
1352_1878,R,R,R,,,S,R,S,S
1352_17842,,S,,,R,R,R,,
1352_1889,R,R,R,,,S,R,S,S
1352_1845,S,R,R,,,S,R,R,S
1352_7869,,R,,S,,R,,,
1352_11259,,R,,,,,,,
1352_17803,,R,,,R,S,R,,
1352_1777,R,R,R,,,S,R,S,S
1352_17828,,R,,,R,S,R,,
1352_1807,S,R,R,,,S,R,S,S
1352_18003,,,,R,,,,,
1352_1892,R,R,R,,,S,R,S,S
1352_11948,,S,,,,,,,
1352_1924,R,R,R,,,S,R,S,S
1352_8032,S,S,,,R,,S,,
1352_18058,,S,,S,R,S,,,S
1352_18048,,,,R,,,,,
1352_1784,R,R,R,,,S,R,S,S
1352_1874,R,R,R,,,S,R,S,S
1352_17941,,,,S,,,,,
1352_11758,,R,,,,,,,
1352_11630,,S,,,,,,,
1352_11466,,R,,,,,,,
1352_17877,,,,S,,,,,
1352_1831,R,R,R,,,S,R,S,S
1352_1865,R,S,S,,,S,R,S,S
1352_1920,R,S,S,,,S,R,S,S
1352_1896,R,R,R,,,S,R,S,S
1352_1868,R,S,S,,,S,R,S,S
1352_8060,,S,,,R,,,,
1352_11617,,S,,,,,,,
1352_1806,R,R,R,,,S,R,S,S
1352_1775,R,R,R,,,S,R,S,S
1352_1790,R,R,R,,,S,R,S,S
1352_8023,S,S,,,R,,S,,
1352_1882,R,R,R,,,S,R,S,S
1352_8051,S,S,,,R,,S,,
1352_11994,,S,,,,,,,
1352_1873,R,R,R,,,S,R,S,S
1352_8027,S,S,,,R,,S,,
1352_17903,,,,S,,,,,
1352_11829,,R,,,,,,,
1352_8028,S,S,,,R,,S,,
1352_1842,S,R,R,,,S,R,S,S
1352_1940,R,R,R,,,S,R,S,S
1352_1794,R,R,R,,,S,R,S,S
1352_11337,,R,,,,,,,
1352_1919,R,R,R,,,S,R,S,S
1352_17799,,R,,,R,S,R,,
1352_10977,,S,,,,,,,
1352_7891,,R,,S,,R,,,
1352_1796,R,R,R,,,S,R,S,S
1352_1872,R,R,R,,,S,R,S,S
1352_1901,R,R,R,,,S,R,S,S
1352_1763,R,R,R,,,S,R,S,S
1352_17980,,,,S,,,,,
1352_17802,,R,,,R,R,R,,
1352_18061,S,R,R,R,,S,R,S,S
1352_11443,,R,,,,,,,
1352_1911,R,R,R,,,S,R,R,S
1352_1487,,R,,,,,,,
1352_1815,R,R,R,,,S,R,S,S
1352_17817,,R,,,R,S,R,,
1352_11554,,R,,,,,,,
1352_11543,,S,,,,,,,
1352_1859,R,R,R,,,S,R,S,S
1352_1886,R,R,R,,,S,R,S,S
1352_17793,,S,,,R,S,R,,
1352_11508,,R,,,,,,,
1352_7972,S,S,,,R,,S,,
1352_11890,,R,,,,,,,
1352_1823,R,R,R,,,S,R,S,S
1352_1776,R,R,R,,,S,R,S,S
1352_17813,,S,,,R,S,R,,
1352_18016,,,,S,,,,,
1352_11739,,R,,,,,,,
1352_7883,,R,,S,,R,,,
1352_11473,,S,,,,,,,
1352_1905,R,R,R,,,S,R,S,S
1352_17901,,,,S,,,,,
1352_11331,,S,,,,,,,
1352_17815,R,S,,,R,S,R,,
1352_1914,S,R,R,,,S,R,S,S
1352_7886,,R,,S,,R,,,
1352_8048,S,S,,,R,,S,,
1352_1492,,S,,,,,,,
1352_1941,S,R,R,,,S,R,R,S
1352_1909,R,R,R,,,S,R,S,S
1352_1898,S,S,S,,,S,R,S,S
1352_7870,,,,S,,R,,,
1352_11644,,R,,,,,,,
1352_8056,S,S,,,R,,S,,
1352_17816,,S,,,R,S,R,,
1352_18009,,,,S,,,,,
1352_11429,,S,,,,,,,
1352_1895,S,R,R,,,S,R,S,S
1352_1791,R,R,R,,,S,R,S,S
1352_1828,S,R,R,,,S,R,R,S
1352_1829,S,R,R,,,S,R,S,S
1352_18077,S,R,,R,,S,R,,S
1352_11436,,S,,,,,,,
1352_11442,,S,,,,,,,
1352_1890,R,R,R,,,S,R,S,S
1352_1458,,S,,,,,,,
1352_1795,R,S,S,,,S,R,S,S
1352_1921,R,R,R,,,S,R,S,S
1352_18053,,S,,S,R,S,,S,S
1352_11901,,R,,,,,,,
1352_8062,,S,,,R,,,,
1352_8034,S,S,,,R,,S,,
1352_3598,,R,R,,,S,R,,
1352_18074,S,R,R,R,,S,R,S,R
1352_11741,,R,,,,,,,
1352_18046,,,,S,,,,,
1352_1897,R,R,R,,,S,R,S,S
1352_11264,,S,,,,,,,
1352_1841,R,R,R,,,S,R,S,S
1352_1816,S,R,R,,,S,R,R,S
1352_1782,R,R,R,,,S,R,S,S
1352_1771,S,R,R,,,S,R,R,S
1352_18056,,S,,S,R,S,,S,S
1352_1883,S,R,R,,,S,R,S,S
1352_10962,,R,,,,,,,
1352_11299,,S,,,,,,,
1352_8045,S,S,,,R,,S,,
1352_1809,R,R,R,,,S,R,S,S
1352_17886,,,,S,,,,,
1352_1887,S,R,R,,,S,R,S,S
1352_17879,,,,S,,,,,
1352_1773,R,R,R,,,S,R,S,S
1352_17809,R,S,,,R,S,R,,
1352_17806,,R,,,R,S,R,,
1352_11661,,R,,,,,,,
1352_11987,,R,,,,,,,
1352_1839,R,S,S,,,S,R,S,S
1352_11983,,R,,,,,,,
1352_12005,,R,,,,,,,
1352_11871,,R,,,,,,,
1352_18075,S,S,S,R,,S,R,S,S
1352_1770,S,R,R,,,S,R,R,S
1352_11869,,R,,,,,,,
1352_11713,,R,,,,,,,
1352_11292,,S,,,,,,,
1352_17827,,R,,,R,R,R,,
1352_11591,,S,,,,,,,
1352_11289,,S,,,,,,,
1352_11624,,S,,,,,,,
1352_7874,,R,,S,,R,,,
1352_1496,,R,,,,,,,
1352_18022,,,,S,,,,,
1352_18037,,,,S,,,,,
1352_8061,,S,,,R,,,,
1352_17943,,,,S,,,,,
1352_17795,,R,,,R,S,R,,
1352_1884,R,R,R,,,S,R,S,S
1352_11271,,R,,,,,,,
1352_11831,,R,,,,,,,
1352_1802,R,R,R,,,S,R,S,S
1352_1459,,S,,,,,,,
1352_1852,R,S,S,,,S,R,S,S
1352_1862,R,R,R,,,S,R,S,S
1352_17794,R,R,,,R,R,R,,
1352_18076,R,S,S,R,,S,R,S,S
1352_11992,,R,,,,,,,
1352_7882,,R,,S,,R,,,
1352_11892,,R,,,,,,,
1352_18069,S,S,S,R,,S,R,S,R
1352_17927,,,,S,,,,,
1352_10965,,R,,,,,,,
1352_1805,R,R,R,,,S,R,S,S
1352_1461,,R,,,,,,,
1352_11338,,R,,,,,,,
1352_17832,,R,,,R,S,R,,
1352_11775,,R,,,,,,,
1352_1843,R,S,S,,,S,R,S,S
1352_11716,,R,,,,,,,
1352_18059,,S,,S,R,S,,S,S
1352_11690,,R,,,,,,,
1352_1885,R,R,R,,,S,R,S,S
1352_11702,,S,,,,,,,
1352_1789,R,S,S,,,S,R,S,S
1352_1912,S,R,R,,,S,R,S,S
1352_8064,,S,,,R,,,,
1352_10974,,S,,,,,,,
1352_10948,,S,,,,,,,
1352_7846,,S,,S,,S,,,
1352_1915,S,R,R,,,S,R,S,S
1352_7872,,R,,S,,R,,,
1352_1786,R,R,R,,,S,R,S,S
1352_11826,,R,,,,,,,
1352_11781,,R,,,,,,,
1352_1565,,S,,,,,,,
1352_18034,,,,R,,,,,
1352_17819,,S,,,R,S,R,,
1352_11883,,R,,,,,,,
1352_11884,,R,,,,,,,
1352_11600,,S,,,,,,,
1352_1798,R,R,R,,,S,R,S,S
1352_11935,,S,,,,,,,
1352_7847,,R,,S,,R,,,
1352_11563,,R,,,,,,,
1352_10967,,R,,,,,,,
1352_11791,,R,,,,,,,
1352_11364,,S,,,,,,,
1352_17808,R,R,,,R,S,R,,
1352_11456,,R,,,,,,,
1352_1491,,S,,,,,,,
1352_18091,S,S,S,S,,R,R,S,S
1352_7867,,R,,S,,R,,,
1352_11730,,R,,,,,,,
1352_11877,,R,,,,,,,
1352_8031,S,S,,,R,,,,
1352_8029,S,S,,,R,,S,,
1352_11315,,S,,,,,,,
1352_11865,,R,,,,,,,
1352_1891,R,R,R,,,S,R,S,S
1352_1799,R,R,R,,,S,R,S,S
1352_1488,,S,,,,,,,
1352_11462,,S,,,,,,,
1352_7859,,R,,S,,R,,,
1352_7973,S,S,,,R,,S,,
1352_11582,,S,,,,,,,
1352_18023,,,,R,,,,,
1352_11506,,S,,,,,,,
1352_1923,S,R,R,,,S,R,R,S
1352_11770,,R,,,,,,,
1352_8033,S,S,,,R,,S,,
1352_11913,,S,,,,,,,
1352_11789,,R,,,,,,,
1352_17910,,,,S,,,,,
1352_17812,,R,,,R,S,R,,
1352_1568,,S,,,,,,,
1352_17939,,,,S,,,,,
1352_17956,,,,S,,,,,
1352_12015,,R,,,,,,,
1352_17805,,R,,,R,R,R,,
1352_7865,,S,,S,,R,,,
1352_1875,R,R,R,,,S,R,S,S
1352_17800,,R,,,R,S,R,,
1352_1847,R,R,R,,,S,R,S,S
1352_18006,,,,R,,,,,
1352_11312,,R,,,,,,,
1352_17839,,R,,,R,S,R,,
1352_17945,,,,S,,,,,
1352_11848,,R,,,,,,,
1352_8018,S,S,,,R,,S,,
1352_11797,,R,,,,,,,
1352_11304,,R,,,,,,,
1352_1765,R,R,R,,,S,R,S,S
1352_1785,R,R,R,,,S,R,S,S
1352_11939,,S,,,,,,,
1352_8057,S,S,,,R,,S,,
1352_11772,,R,,,,,,,
1352_10968,,R,,,,,,,
1352_18049,,,,R,,,,,
1352_1850,R,R,R,,,S,R,S,S
1352_17907,,,,S,,,,,
1352_1769,R,R,R,,,S,R,S,S
1352_11519,,S,,,,,,,
1352_17826,R,S,,,R,S,R,,
1352_11489,,S,,,,,,,
1352_17965,,,,R,,,,,
1352_11920,,S,,,,,,,
1352_11876,,R,,,,,,,
1352_11318,,S,,,,,,,
1352_11854,,R,,,,,,,
1352_1925,S,R,R,,,S,R,R,S
1352_11491,,S,,,,,,,
1352_18055,,S,,S,R,S,,S,S
1352_1817,S,R,R,,,S,R,R,S
1352_7863,,R,,S,,R,,,
1352_11639,,S,,,,,,,
1352_7879,,R,,S,,S,,,
1352_17931,,,,S,,,,,
1352_11721,,R,,,,,,,
1352_11956,,S,,,,,,,
1352_1858,S,S,S,,,S,R,S,S
1352_17836,,R,,,R,R,R,,
1352_11393,,R,,,,,,,
1352_11468,,S,,,,,,,
1352_8050,S,S,,,R,,S,,
1352_11868,,R,,,,,,,
1352_18062,S,R,R,R,,S,R,S,S
1352_11576,,S,,,,,,,
1352_11729,,R,,,,,,,
1352_11557,,R,,,,,,,
1352_11471,,R,,,,,,,
1352_8052,S,S,,,R,,S,,
1352_7974,S,S,,,R,,S,,
1352_17963,,,,S,,,,,
1352_11918,,S,,,,,,,
1352_17955,,,,S,,,,,
1352_11332,,S,,,,,,,
1352_7866,,R,,S,,R,,,
1352_12012,,S,,,,,,,
1352_17823,,R,,,R,S,R,,
1352_18031,,,,R,,,,,
1352_1900,S,R,R,,,S,R,R,S
1352_17922,,,,S,,,,,
1352_17811,,R,,,R,R,R,,
1352_17884,,,,S,,,,,
1352_8026,S,S,,,R,,S,,
1352_10942,,R,,,,,,,
1352_1468,,R,,,,,,,
1352_11573,,R,,,,,,,
1352_1579,,R,,,,,,,
1352_1899,S,R,R,,,S,R,R,S
1352_17810,,R,,,R,S,R,,
1352_11728,,R,,,,,,,
1352_1490,,S,,,,,,,
1352_17798,,R,,,R,S,R,,
1352_11799,,R,,,,,,,
1352_18004,,,,R,,,,,
1352_18064,S,S,S,R,,S,R,S,S
1352_17871,,,,R,,,,,
1352_8042,S,S,,,R,,,,
1352_17820,,R,,,R,S,R,,
1352_11886,,R,,,,,,,
1352_17983,,,,S,,,,,
1352_1880,R,R,R,,,S,R,S,S
1352_11380,,S,,,,,,,
1352_11857,,R,,,,,,,
1352_17835,S,R,,,R,S,R,,
1352_1562,,R,,,,,,,
1352_11734,,R,,,,,,,
1352_11628,,S,,,,,,,
1352_1876,R,R,R,,,S,R,S,S
1352_11961,,S,,,,,,,
1352_11825,,R,,,,,,,
1352_11762,,R,,,,,,,
1352_1519,,R,,,,,,,
1352_7885,,,,S,,R,,,
1352_18013,,,,R,,,,,
1352_7860,,R,,S,,R,,,
1352_11351,,R,,,,,,,
1352_1881,R,R,R,,,S,R,S,S
1352_11684,,R,,,,,,,
1352_10943,,S,,,,,,,
1352_18005,,,,R,,,,,
1352_10950,,S,,,,,,,
1352_11666,,S,,,,,,,
1352_11378,,R,,,,,,,
1352_11795,,R,,,,,,,
1352_17829,,R,,,R,S,R,,
1352_17993,,,,R,,,,,
1352_11979,,S,,,,,,,
1352_11603,,S,,,,,,,
1352_11465,,S,,,,,,,
1352_11592,,S,,,,,,,
1352_1559,,S,,,,,,,
1352_1830,R,R,R,,,S,R,S,S
1352_12002,,R,,,,,,,
1352_18001,,,,R,,,,,
1352_8014,S,S,,,R,,S,,
1352_11942,,S,,,,,,,
1352_11561,,R,,,,,,,
1352_17834,,R,,,R,S,R,,
1352_11846,,R,,,,,,,
1352_18035,,,,R,,,,,
1352_11328,,S,,,,,,,
1352_11460,,S,,,,,,,
1352_11415,,R,,,,,,,
1352_17831,,R,,,,S,R,,
1352_1846,R,S,S,,,S,R,S,S
1352_11833,,R,,,,,,,
1352_1844,R,R,R,,,S,R,S,S
1352_11944,,S,,,,,,,
1352_11324,,R,,,,,,,
1352_12018,,R,,,,,,,
1352_11343,,R,,,,,,,
1352_18002,,,,R,,,,,
1352_10957,,S,,,,,,,
1352_1928,S,R,R,,,S,R,S,S
1352_11274,,R,,,,,,,
1352_7845,,R,,S,,S,,,
1352_1867,R,S,S,,,S,R,S,S
1352_17897,,,,S,,,,,
1352_1549,,R,,,,,,,
1352_11820,,R,,,,,,,
1352_11610,,S,,,,,,,
1352_11277,,S,,,,,,,
1352_1556,,R,,,,,,,
1352_11746,,R,,,,,,,
1352_11626,,S,,,,,,,
1352_1552,,S,,,,,,,
1352_17822,R,R,,,R,S,R,,
1352_18047,,,,S,,,,,
1352_11427,,S,,,,,,,
1352_1506,,S,,,,,,,
1352_11711,,S,,,,,,,
1352_11980,,S,,,,,,,
1352_11794,,R,,,,,,,
1352_11494,,S,,,,,,,
1352_11715,,R,,,,,,,
1352_1493,,S,,,,,,,
1352_11824,,R,,,,,,,
1352_1571,,R,,,,,,,
1352_11974,,S,,,,,,,
1352_17974,,,,R,,,,,
1352_7844,,,,S,,R,,,
1352_17995,,,,S,,,,,
1352_10970,,R,,,,,,,
1352_11533,,R,,,,,,,
1352_8030,S,S,,,R,,S,,
1352_11450,,S,,,,,,,
1352_10949,,R,,,,,,,
1352_1498,,S,,,,,,,
1352_11660,,S,,,,,,,
1352_17958,,,,S,,,,,
1352_10945,,R,,,,,,,
1352_1851,S,R,R,,,S,R,R,S
1352_17936,,,,S,,,,,
1352_11330,,R,,,,,,,
1352_11989,,S,,,,,,,
1352_1877,R,R,R,,,S,R,S,S
1352_17814,,S,,,R,S,R,,
1352_1578,,S,,,,,,,
1352_1833,R,R,R,,,S,R,S,S
1352_17996,,,,S,,,,,
1352_8047,S,S,,,R,,S,,
1352_18071,S,R,R,R,,S,R,S,S
1352_17874,,,,R,,,,,
1352_11933,,S,,,,,,,
1352_11870,,R,,,,,,,
1352_11568,,S,,,,,,,
1352_1470,,S,,,,,,,
1352_11819,,R,,,,,,,
1352_11317,,R,,,,,,,
1352_8017,S,S,,,R,,S,,
1352_11655,,R,,,,,,,
1352_11439,,S,,,,,,,
1352_11559,,S,,,,,,,
1352_1778,R,R,R,,,S,R,S,S
1352_11358,,S,,,,,,,
1352_11417,,R,,,,,,,
1352_1821,R,R,R,,,S,R,S,S
1352_11492,,R,,,,,,,
1352_11423,,R,,,,,,,
1352_8025,S,S,,,R,,S,,
1352_11727,,R,,,,,,,
1352_11970,,S,,,,,,,
1352_10963,,S,,,,,,,
1352_11409,,S,,,,,,,
1352_17978,,,,R,,,,,
1352_1513,,S,,,,,,,
1352_1567,,R,,,,,,,
1352_17873,,,,R,,,,,
1352_11937,,S,,,,,,,
1352_11836,,R,,,,,,,
1352_11329,,S,,,,,,,
1352_11479,,R,,,,,,,
1352_11314,,S,,,,,,,
1352_17991,,,,R,,,,,
1352_10956,,R,,,,,,,
1352_7862,,S,,S,,R,,,
1352_17833,R,R,,,R,S,R,,
1352_11682,,R,,,,,,,
1352_11703,,S,,,,,,,
1352_11544,,R,,,,,,,
1352_11270,,R,,,,,,,
1352_11316,,S,,,,,,,
1352_11681,,S,,,,,,,
1352_11964,,S,,,,,,,
1352_8059,,S,,,R,,,,
1352_17987,,,,R,,,,,
1352_11936,,S,,,,,,,
1352_11365,,S,,,,,,,
1352_11911,,S,,,,,,,
1352_11726,,R,,,,,,,
1352_17972,,,,R,,,,,
1352_1573,,R,,,,,,,
1352_11891,,R,,,,,,,
1352_11706,,S,,,,,,,
1352_7858,,R,,S,,R,,,
1352_17838,,R,,,R,S,R,,
1352_11585,,R,,,,,,,
1352_1471,,S,,,,,,,
1352_17960,,,,S,,,,,
1352_17801,,R,,,R,S,R,,
1352_11705,,R,,,,,,,
1352_17967,,,,R,,,,,
1352_11613,,S,,,,,,,
1352_11907,,S,,,,,,,
1352_1814,S,R,R,,,S,R,R,S
1352_11536,,R,,,,,,,
1352_11620,,R,,,,,,,
1352_11319,,R,,,,,,,
1352_11763,,R,,,,,,,
1352_1482,,S,,,,,,,
1352_18044,,,,S,,,,,
1352_11759,,R,,,,,,,
1352_11929,,S,,,,,,,
1352_11670,,R,,,,,,,
1352_17911,,,,S,,,,,
1352_11550,,S,,,,,,,
1352_18019,,,,S,,,,,
1352_11783,,R,,,,,,,
1352_7884,,R,,S,,R,,,
1352_11477,,R,,,,,,,
1352_11411,,S,,,,,,,
1352_11280,,S,,,,,,,
1352_7871,,R,,S,,R,,,
1352_17933,,,,S,,,,,
1352_17888,,,,S,,,,,
1352_11390,,R,,,,,,,
1352_1469,,S,,,,,,,
1352_1582,,S,,,,,,,
1352_11478,,R,,,,,,,
1352_11834,,R,,,,,,,
1352_11487,,R,,,,,,,
1352_11642,,S,,,,,,,
1352_7868,,R,,S,,R,,,
1352_11827,,R,,,,,,,
1352_11470,,S,,,,,,,
1352_17988,,,,R,,,,,
1352_11260,,S,,,,,,,
1352_17969,,,,R,,,,,
1352_8053,S,S,,,R,,S,,
1352_11788,,R,,,,,,,
1352_11516,,R,,,,,,,
1352_7843,,,,S,,S,,,
1352_11303,,S,,,,,,,
1352_11893,,S,,,,,,,
1352_11294,,R,,,,,,,
1352_11864,,R,,,,,,,
1352_8063,,S,,,R,,,,
1352_17975,,,,R,,,,,
1352_1483,,S,,,,,,,
1352_18026,,,,S,,,,,
1352_11985,,R,,,,,,,
1352_17959,,,,S,,,,,
1352_1508,,S,,,,,,,
1352_10939,,S,,,,,,,
1352_11520,,R,,,,,,,
1352_11510,,R,,,,,,,
1352_11922,,S,,,,,,,
1352_11793,,R,,,,,,,
1352_17994,,,,S,,,,,
1352_18042,,,,S,,,,,
1352_11384,,S,,,,,,,
1352_11283,,S,,,,,,,
1352_17953,,,,S,,,,,
1352_17990,,,,R,,,,,
1352_11530,,S,,,,,,,
1352_11419,,S,,,,,,,
1352_11296,,S,,,,,,,
1352_17908,,,,S,,,,,
1352_11414,,R,,,,,,,
1352_11707,,R,,,,,,,
1352_11363,,S,,,,,,,
1352_1478,,S,,,,,,,
1352_18000,,,,R,,,,,
1352_11633,,S,,,,,,,
1352_1780,R,R,R,,,S,R,S,S
1352_11945,,S,,,,,,,
1352_11379,,R,,,,,,,
1352_11965,,S,,,,,,,
1352_11444,,S,,,,,,,
1352_11265,,R,,,,,,,
1352_11916,,S,,,,,,,
1352_18007,,,,R,,,,,
1352_11708,,R,,,,,,,
1352_17797,,R,,,R,S,R,,
1352_11307,,R,,,,,,,
1352_11943,,S,,,,,,,
1352_7888,,R,,S,,R,,,
1352_1504,,S,,,,,,,
1352_1484,,S,,,,,,,
1352_17919,,,,S,,,,,
1352_11497,,R,,,,,,,
1352_11991,,S,,,,,,,
1352_11290,,R,,,,,,,
1352_11802,,R,,,,,,,
1352_11780,,R,,,,,,,
1352_11606,,S,,,,,,,
1352_11768,,R,,,,,,,
1352_17929,,,,S,,,,,
1352_8046,S,S,,,R,,,,
1352_12000,,R,,,,,,,
1352_8049,S,S,,,R,,S,,
1352_11320,,R,,,,,,,
1352_1462,,S,,,,,,,
1352_11587,,R,,,,,,,
1352_11669,,R,,,,,,,
1352_11905,,S,,,,,,,
1352_1521,,R,,,,,,,
1352_11556,,R,,,,,,,
1352_10964,,S,,,,,,,
1352_11276,,S,,,,,,,
1352_8022,S,S,,,R,,S,,
1352_17880,,,,S,,,,,
1352_1477,,R,,,,,,,
1352_18008,,,,S,,,,,
1352_11301,,R,,,,,,,
1352_12016,,R,,,,,,,
1352_11801,,R,,,,,,,
1352_11949,,S,,,,,,,
1352_17924,,,,S,,,,,
1352_11589,,S,,,,,,,
1352_1522,,S,,,,,,,
1352_17898,,,,S,,,,,
1352_11441,,R,,,,,,,
1352_11718,,R,,,,,,,
1352_1540,,S,,,,,,,
1352_17914,,,,S,,,,,
1352_11574,,R,,,,,,,
1352_18027,,,,R,,,,,
1352_11422,,R,,,,,,,
1352_11866,,R,,,,,,,
1352_8066,,S,,,R,,,,
1352_1518,,S,,,,,,,
1352_11385,,S,,,,,,,
1352_1566,,S,,,,,,,
1352_11782,,R,,,,,,,
1352_11432,,S,,,,,,,
1352_17928,,,,S,,,,,
1352_11267,,R,,,,,,,
1352_18014,,,,S,,,,,
1352_11687,,S,,,,,,,
1352_17981,,,,S,,,,,
1352_17882,,,,S,,,,,
1352_11527,,R,,,,,,,
1352_11309,,R,,,,,,,
1352_11858,,R,,,,,,,
1352_11517,,S,,,,,,,
1352_11677,,S,,,,,,,
1352_10951,,S,,,,,,,
1352_11774,,R,,,,,,,
1352_11455,,R,,,,,,,
1352_1526,,S,,,,,,,
1352_10947,,R,,,,,,,
1352_11654,,S,,,,,,,
1352_11750,,R,,,,,,,
1352_11273,,S,,,,,,,
1352_1572,,S,,,,,,,
1352_1507,,S,,,,,,,
1352_1584,,R,,,,,,,
1352_11847,,R,,,,,,,
1352_11731,,R,,,,,,,
1352_17926,,,,S,,,,,
1352_11451,,S,,,,,,,
1352_18020,,,,S,,,,,
1352_11695,,R,,,,,,,
1352_1538,,R,,,,,,,
1352_11843,,R,,,,,,,
1352_17893,,,,S,,,,,
1352_17870,,,,R,,,,,
1352_1762,R,R,R,,,S,R,S,S
1352_11401,,R,,,,,,,
1352_11881,,R,,,,,,,
1352_12011,,S,,,,,,,
1352_11754,,R,,,,,,,
1352_8065,,S,,,R,,,,
1352_17976,,,,R,,,,,
1352_1514,,R,,,,,,,
1352_18039,,,,S,,,,,
1352_18038,,,,S,,,,,
1352_1486,,S,,,,,,,
1352_11800,,R,,,,,,,
1352_1575,,S,,,,,,,
1352_1577,,S,,,,,,,
1352_1554,,R,,,,,,,
1352_11845,,R,,,,,,,
1352_1589,,S,,,,,,,
1352_11749,,R,,,,,,,
1352_1502,,S,,,,,,,
1352_1510,,S,,,,,,,
1352_1476,,R,,,,,,,
1352_11549,,S,,,,,,,
1352_11518,,R,,,,,,,
1352_1588,,R,,,,,,,
1352_17916,,,,S,,,,,
1352_17889,,,,S,,,,,
1352_17894,,,,S,,,,,
1352_17899,,,,S,,,,,
1352_11915,,S,,,,,,,
1352_17952,,,,S,,,,,
1352_11736,,R,,,,,,,
1352_11738,,R,,,,,,,
1352_11862,,R,,,,,,,
1352_17896,,,,S,,,,,
1352_11851,,R,,,,,,,
1352_1536,,R,,,,,,,
1352_11971,,S,,,,,,,
1352_8020,S,S,,,R,,S,,
1352_11560,,R,,,,,,,
1352_11495,,S,,,,,,,
1352_11581,,R,,,,,,,
1352_11449,,S,,,,,,,
1352_11391,,S,,,,,,,
1352_11288,,R,,,,,,,
1352_11396,,R,,,,,,,
1352_7856,,R,,S,,R,,,
1352_11392,,S,,,,,,,
1352_11357,,S,,,,,,,
1352_11910,,S,,,,,,,
1352_17796,,R,,,R,S,R,,
1352_17966,,,,R,,,,,
1352_18029,,,,S,,,,,
1352_11673,,S,,,,,,,
1352_11340,,R,,,,,,,
1352_11577,,S,,,,,,,
1352_11437,,S,,,,,,,
1352_8035,S,S,,,,,S,,
1352_11719,,R,,,,,,,
1352_11963,,S,,,,,,,
1352_1563,,S,,,,,,,
1352_11535,,S,,,,,,,
1352_17985,,,,S,,,,,
1352_11966,,S,,,,,,,
1352_1557,,R,,,,,,,
1352_17905,,,,S,,,,,
1352_11946,,S,,,,,,,
1352_7875,,,,,,R,,,
1352_11287,,S,,,,,,,
1352_11347,,R,,,,,,,
1352_11370,,R,,,,,,,
1352_11917,,S,,,,,,,
1352_10969,,R,,,,,,,
1352_11569,,R,,,,,,,
1352_1475,,S,,,,,,,
1352_1564,,R,,,,,,,
1352_10954,,S,,,,,,,
1352_8040,S,S,,,R,,S,,
1352_11896,,S,,,,,,,
1352_17954,,,,S,,,,,
1352_17932,,,,S,,,,,
1352_12025,,R,,,,,,,
1352_11410,,R,,,,,,,
1352_7873,,S,,S,,R,,,
1352_11839,,R,,,,,,,
1352_17998,,,,S,,,,,
1352_1497,,S,,,,,,,
1352_11545,,R,,,,,,,
1352_11595,,S,,,,,,,
1352_17938,,,,S,,,,,
1352_17906,,,,S,,,,,
1352_11431,,S,,,,,,,
1352_11484,,R,,,,,,,
1352_11951,,S,,,,,,,
1352_11792,,R,,,,,,,
1352_11615,,R,,,,,,,
1352_1537,,R,,,,,,,
1352_8054,S,S,,,,,S,,
1352_11500,,S,,,,,,,
1352_11452,,R,,,,,,,
1352_11632,,R,,,,,,,
1352_1499,,R,,,,,,,
1352_10960,,S,,,,,,,
1352_11336,,S,,,,,,,
1352_11435,,R,,,,,,,
1352_17881,,,,S,,,,,
1352_7864,,R,,S,,R,,,
1352_11667,,R,,,,,,,
1352_12008,,R,,,,,,,
1352_1569,,R,,,,,,,
1352_11334,,R,,,,,,,
1352_11968,,R,,,,,,,
1352_11947,,S,,,,,,,
1352_11841,,R,,,,,,,
1352_18010,,,,R,,,,,
1352_17979,,,,R,,,,,
1352_10938,,S,,,,,,,
1352_1533,,S,,,,,,,
1352_17887,,,,S,,,,,
1352_11412,,S,,,,,,,
1352_11558,,S,,,,,,,
1352_17902,,,,S,,,,,
1352_11996,,S,,,,,,,
1352_12006,,R,,,,,,,
1352_11806,,R,,,,,,,
1352_11262,,R,,,,,,,
1352_11394,,S,,,,,,,
1352_1558,,S,,,,,,,
1352_11852,,R,,,,,,,
1352_17923,,,,S,,,,,
1352_17918,,,,S,,,,,
1352_17951,,,,S,,,,,
1352_11572,,R,,,,,,,
1352_11371,,S,,,,,,,
1352_1481,,S,,,,,,,
1352_17949,,,,S,,,,,
1352_1583,,S,,,,,,,
1352_11678,,R,,,,,,,
1352_17937,,,,S,,,,,
1352_11475,,R,,,,,,,
1352_11459,,S,,,,,,,
1352_17912,,,,S,,,,,
1352_18024,,,,R,,,,,
1352_11529,,R,,,,,,,
1352_8037,,S,,,R,,,,
1352_11552,,S,,,,,,,
1352_11767,,R,,,,,,,
1352_18018,,,,S,,,,,
1352_18040,,,,S,,,,,
1352_1463,,S,,,,,,,
1352_17885,,,,S,,,,,
1352_11863,,R,,,,,,,
1352_17971,,,,R,,,,,
1352_18017,,,,S,,,,,
1352_18028,,,,R,,,,,
1352_11629,,S,,,,,,,
1352_11268,,R,,,,,,,
1352_18021,,,,S,,,,,
1352_17947,,,,S,,,,,
1352_11362,,S,,,,,,,
1352_1555,,S,,,,,,,
1352_1535,,S,,,,,,,
1352_11514,,S,,,,,,,
1352_10958,,S,,,,,,,
1352_11898,,R,,,,,,,
1352_11425,,R,,,,,,,
1352_17984,,,,S,,,,,
1352_11511,,S,,,,,,,
1352_11467,,S,,,,,,,
1352_11722,,R,,,,,,,
1352_11408,,S,,,,,,,
1352_17977,,,,R,,,,,
1352_11976,,S,,,,,,,
1352_11579,,S,,,,,,,
1352_11988,,S,,,,,,,
1352_1473,,R,,,,,,,
1352_17973,,,,R,,,,,
1352_11810,,R,,,,,,,
1352_11367,,R,,,,,,,
1352_11323,,R,,,,,,,
565664_22,,R,,,,,,,
1352_11407,,R,,,,,,,
1352_11934,,S,,,,,,,
1352_11769,,R,,,,,,,
1352_10946,,S,,,,,,,
1352_11360,,R,,,,,,,
1352_11388,,S,,,,,,,
1352_11501,,S,,,,,,,
1352_11757,,R,,,,,,,
1352_11723,,R,,,,,,,
1352_1527,,S,,,,,,,
1352_8036,,S,,,R,,,,
1352_10952,,R,,,,,,,
1352_11962,,S,,,,,,,
1352_11993,,S,,,,,,,
1352_10937,,S,,,,,,,
1352_11369,,S,,,,,,,
1352_11420,,S,,,,,,,
1352_17895,,,,S,,,,,
1352_17824,,R,,,R,S,R,,
1352_18012,,,,S,,,,,
1352_11608,,S,,,,,,,
1352_11341,,R,,,,,,,
1352_18092,,,,R,,,,,
1352_11776,,R,,,,,,,
1352_17999,,,,S,,,,,
1352_11904,,S,,,,,,,
1352_11485,,R,,,,,,,
1352_17946,,,,S,,,,,
1352_11389,,S,,,,,,,
1352_11697,,S,,,,,,,
1352_11735,,R,,,,,,,
1352_7876,,,,R,,R,,,
1352_11534,,R,,,,,,,
1352_1543,,S,,,,,,,
1352_11368,,S,,,,,,,
1352_11586,,R,,,,,,,
1352_11297,,S,,,,,,,
1352_11575,,S,,,,,,,
1352_11463,,S,,,,,,,
1352_11692,,S,,,,,,,
1352_11325,,S,,,,,,,
1352_11345,,S,,,,,,,
1352_11807,,R,,,,,,,
1352_17968,,,,R,,,,,
1352_18025,,,,S,,,,,
1352_11472,,R,,,,,,,
1352_12007,,R,,,,,,,
1352_17900,,,,S,,,,,
1352_11887,,R,,,,,,,
1352_11418,,R,,,,,,,
1352_11856,,R,,,,,,,
1352_11875,,R,,,,,,,
1352_17930,,,,S,,,,,
1352_1460,,S,,,,,,,
1352_11995,,R,,,,,,,
1352_11930,,S,,,,,,,
1352_11513,,R,,,,,,,
1352_11538,,S,,,,,,,
1352_10944,,S,,,,,,,
1352_11761,,R,,,,,,,
1352_11421,,S,,,,,,,
1352_1494,,S,,,,,,,
1352_11867,,R,,,,,,,
1352_11813,,R,,,,,,,
1352_1466,,R,,,,,,,
1352_1560,,S,,,,,,,
1352_11787,,R,,,,,,,
1352_11374,,S,,,,,,,
1352_17891,,,,S,,,,,
1352_11565,,S,,,,,,,
1352_7878,,,,S,,R,,,
1352_17892,,,,S,,,,,
1352_11724,,R,,,,,,,
1352_11927,,S,,,,,,,
1352_17935,,,,S,,,,,
1352_11555,,R,,,,,,,
1352_11773,,R,,,,,,,
1352_18051,,,,S,,,,,
1352_11756,,S,,,,,,,
1352_11683,,S,,,,,,,
1352_17948,,,,S,,,,,
1352_1515,,R,,,,,,,
1352_11413,,R,,,,,,,
1352_11502,,R,,,,,,,
1352_17940,,,,S,,,,,
1352_17961,,,,S,,,,,
1352_1464,,R,,,,,,,
1352_11977,,S,,,,,,,
1352_17942,,,,S,,,,,
1352_18032,,,,S,,,,,
1352_18030,,,,S,,,,,
1352_1531,,S,,,,,,,
1352_11281,,R,,,,,,,
1352_1503,,S,,,,,,,
1352_11496,,R,,,,,,,
1352_11434,,R,,,,,,,
1352_10966,,S,,,,,,,
1352_11709,,S,,,,,,,
1352_11522,,S,,,,,,,
1352_11583,,S,,,,,,,
1352_11567,,S,,,,,,,
1352_11932,,S,,,,,,,
1352_11814,,R,,,,,,,
1352_18033,,,,S,,,,,
1352_10955,,S,,,,,,,
1352_11571,,S,,,,,,,
1352_11653,,S,,,,,,,
1352_17934,,,,S,,,,,
1352_11878,,R,,,,,,,
1352_11512,,S,,,,,,,
1352_1551,,S,,,,,,,
1352_12010,,R,,,,,,,
1352_11960,,S,,,,,,,
1352_17866,,,,R,,,,,
1352_11838,,R,,,,,,,
1352_11803,,R,,,,,,,
1352_11821,,R,,,,,,,
1352_1523,,S,,,,,,,
1352_18011,,,,R,,,,,
1352_17989,,,,S,,,,,
1352_11551,,S,,,,,,,
1352_11291,,R,,,,,,,
1352_11744,,R,,,,,,,
1352_17992,,,,R,,,,,
1352_1548,,S,,,,,,,
1352_11547,,R,,,,,,,
1352_11383,,R,,,,,,,
1352_11498,,S,,,,,,,
1352_11469,,R,,,,,,,
1352_11504,,R,,,,,,,
1352_11720,,R,,,,,,,
1352_11637,,R,,,,,,,
1352_11955,,S,,,,,,,
1352_11344,,R,,,,,,,
1352_11714,,R,,,,,,,
1352_17904,,,,S,,,,,
1352_11689,,R,,,,,,,
1352_8058,,S,,,R,,,,
1352_11691,,S,,,,,,,
1352_1546,,R,,,,,,,
1352_11969,,S,,,,,,,
1352_17909,,,,S,,,,,
1352_11349,,S,,,,,,,
1352_17915,,,,S,,,,,
1352_11926,,S,,,,,,,
1352_11903,,R,,,,,,,
1352_1574,,S,,,,,,,
1352_17925,,,,S,,,,,
1352_17997,,,,S,,,,,
1352_1509,,R,,,,,,,
1352_10959,,R,,,,,,,
1352_11999,,R,,,,,,,
1352_11900,,S,,,,,,,
1352_11635,,S,,,,,,,
1352_11880,,R,,,,,,,
1352_11975,,S,,,,,,,
1352_11282,,S,,,,,,,
1352_11914,,S,,,,,,,
1352_1570,,S,,,,,,,
1352_11732,,R,,,,,,,
1352_11688,,R,,,,,,,
1352_18045,,,,S,,,,,
1352_11832,,R,,,,,,,
1352_11909,,S,,,,,,,
1352_11941,,S,,,,,,,
1352_11765,,S,,,,,,,
1352_11622,,S,,,,,,,
1352_11507,,R,,,,,,,
1352_11553,,S,,,,,,,
1352_11798,,R,,,,,,,
1352_11636,,S,,,,,,,
1352_11405,,S,,,,,,,
1352_10975,,R,,,,,,,
1352_10961,,S,,,,,,,
1352_1550,,S,,,,,,,
1352_11755,,R,,,,,,,
1352_11777,,R,,,,,,,
1352_11850,,R,,,,,,,
1352_11548,,R,,,,,,,
1352_17869,,,,R,,,,,
1352_11499,,R,,,,,,,
1352_11842,,R,,,,,,,
1352_10972,,S,,,,,,,
1352_11704,,S,,,,,,,
1352_11665,,R,,,,,,,
1352_1472,,S,,,,,,,
1352_10941,,S,,,,,,,
1352_11458,,R,,,,,,,
1352_11445,,R,,,,,,,
1352_1525,,R,,,,,,,
1352_11928,,S,,,,,,,
1352_11676,,R,,,,,,,
1352_11888,,R,,,,,,,
1352_12001,,R,,,,,,,
1352_11279,,S,,,,,,,
1352_1511,,R,,,,,,,
1352_1500,,R,,,,,,,
1352_11646,,R,,,,,,,
1352_11853,,R,,,,,,,
1352_17920,,,,S,,,,,
1352_11840,,R,,,,,,,
1352_11453,,S,,,,,,,
1352_11395,,R,,,,,,,
1352_1512,,R,,,,,,,
1352_17944,,,,S,,,,,
1352_1576,,S,,,,,,,
1352_11674,,S,,,,,,,
1352_11588,,R,,,,,,,
1352_18015,,,,S,,,,,
1352_11889,,R,,,,,,,
1352_17970,,,,R,,,,,
1352_11809,,R,,,,,,,
1352_17986,,,,S,,,,,
1352_1528,,R,,,,,,,
1352_11515,,S,,,,,,,
1352_11921,,S,,,,,,,
1352_1505,,R,,,,,,,
1352_11531,,R,,,,,,,
1352_11261,,R,,,,,,,
1352_10953,,R,,,,,,,
1352_11327,,R,,,,,,,
1352_11523,,R,,,,,,,
1352_11725,,R,,,,,,,
1352_11306,,S,,,,,,,
1352_1530,,R,,,,,,,
1352_11596,,R,,,,,,,
1352_11375,,S,,,,,,,
1352_11879,,R,,,,,,,
1352_10940,,R,,,,,,,
1352_1585,,R,,,,,,,
1352_10973,,S,,,,,,,
1352_1542,,R,,,,,,,
1352_11830,,R,,,,,,,
1352_18036,,,,S,,,,,
1352_11860,,R,,,,,,,
1352_11562,,R,,,,,,,
1352_11399,,S,,,,,,,
1352_1520,,S,,,,,,,
1352_11952,,S,,,,,,,
1352_18041,,,,R,,,,,
1352_17957,,,,S,,,,,
1352_11539,,S,,,,,,,
