Genome ID,amikacin,ampicillin,azithromycin,aztreonam,cefazolin,cefepime,cefoperazone,cefotaxime,cefoxitin,cefpirome,ceftazidime,ceftriaxone,chloramphenicol,ciprofloxacin,colistin,ertapenem,gentamicin,imipenem,levofloxacin,meropenem,nalidixic acid,nitrofurantoin,norfloxacin,piperacillin,streptomycin,sulfonamides,temocillin,tetracycline,ticarcillin,ticarcillin_clavulanic acid,tobramycin,trimethoprim,trimethoprim_sulfamethoxazole
624_3758,,R,R,,,,,,,,,S,,R,,,S,,,S,,,,,,R,,,,,,R,
624_2031,R,S,S,,,,,S,S,S,S,,S,S,,S,R,,,,S,,,,R,S,S,S,,,R,R,
624_4272,S,R,S,S,R,S,R,,S,,S,R,S,,S,,R,S,S,,,S,S,R,,,,R,R,R,R,,R
624_4321,S,R,R,R,R,S,S,,R,,R,R,S,,S,,R,S,S,,,S,S,R,,,,R,R,R,R,,R
624_4367,S,R,R,S,R,S,R,,S,,S,R,S,,S,,R,S,S,,,S,S,R,,,,R,R,R,R,,R
624_2179,R,S,S,,,,,S,S,S,S,,S,S,,S,R,,,,S,,,,R,R,S,R,,,R,R,
624_1977,R,S,S,,,,,S,S,S,S,,S,R,,S,R,,,,R,,,,R,R,S,R,,,R,R,
624_3306,,S,,,,,,S,,,,,,R,,,,,,,R,,,,R,,,R,,,,,R
624_4358,S,R,S,S,R,S,R,,S,,S,R,S,,S,,S,S,S,,,S,S,R,,,,R,R,R,S,,R
624_4189,S,R,R,S,R,S,R,,S,,S,R,S,,S,,R,S,S,,,S,S,R,,,,R,R,R,R,,R
624_2086,R,S,S,,,,,S,S,S,S,,S,R,,S,R,,,,R,,,,R,R,S,R,,,R,R,
624_4309,S,R,S,S,R,S,R,,S,,S,R,S,,S,,R,S,S,,,S,S,R,,,,S,R,R,R,,S
624_3347,,S,,,,,,S,,,,,,R,,,,,,,R,,,,S,,,S,,,,,S
624_2029,R,S,S,,,,,S,S,S,S,,S,R,,S,R,,,,R,,,,R,R,S,R,,,R,R,
624_4197,S,S,S,S,S,S,S,,S,,S,S,S,,S,,S,S,S,,,S,S,S,,,,R,S,S,S,,R
624_4306,S,R,R,S,R,S,R,,S,,S,R,S,,S,,R,S,S,,,S,S,R,,,,R,R,S,R,,R
624_4361,S,R,S,S,R,S,R,,S,,S,R,S,,S,,R,S,S,,,S,S,R,,,,R,R,R,R,,R
624_4253,S,R,R,S,R,S,R,,S,,S,R,S,,S,,R,S,S,,,S,S,R,,,,R,R,R,R,,R
624_615,,S,,,,,,,,,,,S,,,,,,,,S,,,,S,S,,S,,,,S,S
624_3544,,R,R,,,,,,,,,R,,R,,,R,,,S,,,,,,R,,,,,,R,
624_2106,S,S,S,,,,,S,S,S,S,,S,S,,S,S,,,,S,,,,S,S,S,S,,,S,R,
624_3696,,R,S,,,,,,,,,S,,S,,,S,,,S,,,,,,R,,,,,,R,
624_3626,,R,R,,,,,,,,,S,,S,,,S,,,S,,,,,,R,,,,,,R,
624_3789,,S,S,,,,,,,,,S,,S,,,S,,,S,,,,,,S,,,,,,R,
624_4243,S,R,R,S,R,S,R,,S,,S,R,S,,S,,R,S,S,,,S,S,R,,,,R,R,R,R,,R
624_1923,R,R,S,,,,,R,R,R,R,,S,R,,R,R,,,,R,,,,R,R,R,R,,,R,R,
624_2150,S,R,S,,,,,R,R,R,R,,R,S,,R,S,,,,S,,,,S,R,R,R,,,S,R,
624_1929,R,S,S,,,,,S,S,S,S,,S,R,,S,R,,,,R,,,,R,S,S,S,,,R,R,
624_3685,,S,S,,,,,,,,,S,,R,,,S,,,S,,,,,,R,,,,,,R,
624_193,,S,,,,,,,,,,,S,,,,,,,,S,,,,S,S,,S,,,,S,S
624_1876,S,S,S,,,,,S,S,S,S,,S,S,,S,S,,,,S,,,,S,S,S,S,,,S,R,
624_3426,,S,,,,,,S,,,,,,R,,,,,,,R,,,,R,,,R,,,,,R
624_1928,R,S,S,,,,,S,S,S,S,,S,S,,S,R,,,,S,,,,R,R,S,R,,,R,R,
624_2206,R,S,S,,,,,S,S,S,S,,S,S,,S,R,,,,S,,,,R,R,S,R,,,R,R,
624_4238,S,R,R,S,R,S,R,,S,,S,R,S,,S,,R,S,S,,,S,S,R,,,,R,R,R,R,,R
624_3879,,S,S,,,,,,,,,S,,S,,,S,,,S,,,,,,R,,,,,,R,
624_1915,R,R,S,,,,,R,R,R,R,,S,S,,R,R,,,,S,,,,R,R,R,R,,,R,R,
624_3658,,S,S,,,,,,,,,S,,S,,,S,,,S,,,,,,R,,,,,,R,
624_3754,,S,S,,,,,,,,,S,,S,,,S,,,S,,,,,,R,,,,,,R,
624_3179,,S,,,,,,S,,,,,,R,,,,,,,,,,,,,,,,,,,R
624_3663,,S,S,,,,,,,,,S,,R,,,S,,,S,,,,,,S,,,,,,R,
624_4258,S,R,S,R,R,S,S,,R,,S,R,R,,S,,R,S,S,,,R,S,S,,,,R,R,S,R,,R
624_160,,R,,,,,,,,,,,S,,,,,,,,S,,,,R,,,R,,,,,R
624_1880,R,S,S,,,,,S,S,S,S,,S,R,,S,R,,,,R,,,,R,R,S,R,,,R,R,
624_2109,R,R,S,,,,,R,R,R,R,,S,S,,R,R,,,,S,,,,R,R,R,R,,,R,R,
624_3733,,R,S,,,,,,,,,R,,S,,,S,,,S,,,,,,R,,,,,,R,
624_4283,S,R,S,R,R,S,R,,S,,R,R,S,,S,,R,S,S,,,S,S,R,,,,R,R,S,S,,R
624_3800,,S,S,,,,,,,,,S,,S,,,S,,,S,,,,,,S,,,,,,S,
624_4307,S,R,S,R,R,S,R,,S,,R,R,S,,S,,S,S,S,,,S,S,R,,,,S,R,R,S,,S
624_1931,R,S,S,,,,,S,S,S,S,,S,S,,S,R,,,,S,,,,R,R,S,S,,,R,R,
624_4269,S,R,S,S,R,S,R,,S,,S,R,S,,S,,R,S,S,,,S,S,R,,,,R,R,R,R,,R
624_1958,R,R,R,,,,,R,R,R,R,,S,R,,R,R,,,,R,,,,R,R,R,R,,,R,R,
624_4428,S,R,R,S,R,S,R,,S,,S,R,S,,S,,R,S,S,,,S,S,R,,,,R,R,R,R,,R
624_4371,S,R,R,S,R,S,R,,S,,S,R,S,,S,,R,S,S,,,S,S,R,,,,R,R,R,R,,R
624_3196,,S,,,,,,S,,,,,,R,,,,,,,,,,,,,,,,,,,R
624_91,,S,,,,,,,,,,,S,,,,,,,,S,,,,S,S,,S,,,,S,S
624_4210,S,R,R,S,R,S,R,,S,,S,R,S,,S,,R,S,S,,,S,S,R,,,,R,R,R,R,,R
624_4404,S,R,R,S,R,S,R,,S,,S,R,S,,R,,R,S,S,,,S,S,R,,,,R,R,S,R,,R
624_4390,S,R,R,S,R,S,R,,S,,S,R,S,,S,,R,S,S,,,S,S,R,,,,R,R,R,R,,R
624_4315,S,R,R,R,R,S,R,,S,,S,R,S,,S,,R,S,S,,,S,S,R,,,,R,R,R,R,,R
624_2112,R,R,R,,,,,R,R,R,R,,S,S,,R,R,,,,S,,,,R,R,R,R,,,R,R,
624_2124,R,S,S,,,,,S,S,S,S,,S,S,,S,R,,,,S,,,,R,R,S,R,,,R,R,
624_3709,,R,R,,,,,,,,,R,,S,,,S,,,S,,,,,,R,,,,,,R,
624_4212,S,R,R,S,R,S,R,,S,,S,R,S,,S,,R,S,S,,,S,S,R,,,,R,R,R,R,,R
624_3611,,R,R,,,,,,,,,S,,S,,,S,,,S,,,,,,R,,,,,,R,
624_4319,S,R,R,R,R,S,S,,R,,R,R,S,,S,,R,S,S,,,S,S,R,,,,R,R,R,R,,R
624_1921,R,S,S,,,,,S,S,S,S,,S,S,,S,R,,,,S,,,,R,R,S,R,,,R,R,
624_3055,,,,,,,,,,,,R,,,,,,,,,R,,,,,,,,,,,,
624_4372,S,R,R,S,R,S,R,,S,,S,R,S,,S,,R,S,S,,,S,S,R,,,,R,R,S,R,,R
624_3568,,R,R,,,,,,,,,S,,S,,,S,,,S,,,,,,R,,,,,,R,
624_3801,,R,R,,,,,,,,,S,,S,,,S,,,S,,,,,,R,,,,,,R,
624_4411,S,R,R,S,R,S,R,,S,,S,R,S,,R,,R,S,S,,,S,S,R,,,,R,R,S,R,,R
624_3485,,,,,,,,,,,,,,S,,,,,,,S,,,,,,,,,,,,
624_2063,R,R,S,,,,,R,R,R,R,,S,S,,R,R,,,,S,,,,R,R,R,R,,,R,R,
624_1942,R,R,S,,,,,R,R,R,R,,S,R,,R,R,,,,R,,,,R,R,R,R,,,R,R,
624_3362,,S,,,,,,S,,,,,,R,,,,,,,R,,,,R,,,R,,,,,R
624_1994,R,S,S,,,,,S,S,S,S,,S,S,,S,R,,,,S,,,,R,R,S,R,,,R,R,
624_2088,S,S,S,,,,,S,S,S,S,,S,S,,S,S,,,,S,,,,S,S,S,S,,,S,R,
624_3772,,R,R,,,,,,,,,R,,S,,,R,,,S,,,,,,R,,,,,,R,
624_3423,,S,,,,,,S,,,,,,R,,,,,,,R,,,,R,,,R,,,,,R
624_3172,,,,,,,,,,,,R,,,,,,,,,S,,,,,,,,,,,,
624_2004,S,S,S,,,,,S,S,S,S,,S,R,,S,S,,,,R,,,,S,S,S,S,,,S,R,
624_4286,S,R,R,S,R,S,S,,S,,S,R,S,,S,,R,S,S,,,S,S,R,,,,R,R,S,R,,R
624_2105,S,S,S,,,,,S,S,S,S,,S,R,,S,S,,,,R,,,,S,S,S,S,,,S,R,
624_3224,,S,,,,,,S,,,,,,R,,,,,,,,,,,,,,,,,,,R
624_2000,R,R,S,,,,,R,R,R,R,,S,R,,R,R,,,,R,,,,R,R,R,R,,,R,R,
624_3205,,R,,,,,,R,,,,,,R,,,,,,,,,,,,,,,,,,,R
624_2170,R,S,S,,,,,S,S,S,S,,S,S,,S,R,,,,S,,,,R,R,S,R,,,R,R,
624_4352,S,R,R,S,R,S,R,,S,,S,R,S,,S,,R,S,S,,,S,S,R,,,,R,R,R,R,,R
624_2153,R,S,S,,,,,S,S,S,S,,S,S,,S,R,,,,S,,,,R,S,S,S,,,R,R,
624_4230,S,S,S,S,S,S,S,,S,,S,S,S,,S,,S,S,S,,,S,S,S,,,,R,S,S,S,,R
624_2178,S,R,S,,,,,R,R,R,R,,R,R,,R,S,,,,R,,,,S,R,R,R,,,S,R,
624_4294,S,R,R,S,R,S,R,,S,,S,R,S,,S,,R,S,S,,,S,S,R,,,,R,R,R,R,,R
624_4213,S,R,R,S,R,S,R,,S,,S,R,S,,S,,R,S,S,,,S,S,R,,,,R,R,R,R,,R
624_4183,S,R,R,S,R,S,R,,S,,S,R,S,,S,,R,S,S,,,S,S,R,,,,R,R,R,R,,R
624_3760,,R,R,,,,,,,,,S,,S,,,S,,,S,,,,,,R,,,,,,R,
624_4337,S,R,R,S,R,S,R,,S,,S,R,S,,S,,R,S,S,,,S,S,R,,,,R,R,R,R,,R
624_1962,R,S,S,,,,,S,S,S,S,,S,R,,S,R,,,,R,,,,R,R,S,R,,,R,R,
624_2181,R,R,R,,,,,R,R,R,R,,S,S,,R,R,,,,S,,,,R,R,R,S,,,R,R,
624_4236,S,R,R,S,R,S,R,,S,,S,R,S,,S,,R,S,S,,,S,S,R,,,,R,R,R,R,,R
624_1966,R,S,S,,,,,S,S,S,S,,S,S,,S,R,,,,S,,,,R,R,S,R,,,R,R,
624_2143,S,R,S,,,,,R,R,R,R,,S,R,,R,S,,,,R,,,,S,S,R,S,,,S,R,
624_2057,R,S,S,,,,,S,S,S,S,,S,S,,S,R,,,,S,,,,R,R,S,S,,,R,R,
624_2194,R,R,R,,,,,R,R,R,R,,S,S,,R,R,,,,S,,,,R,R,R,R,,,R,R,
624_3761,,S,S,,,,,,,,,S,,S,,,S,,,S,,,,,,R,,,,,,R,
624_2103,R,S,S,,,,,S,S,S,S,,S,S,,S,R,,,,S,,,,R,R,S,R,,,R,R,
624_3860,,S,S,,,,,,,,,S,,R,,,S,,,S,,,,,,S,,,,,,R,
624_4290,S,R,S,R,R,S,R,,S,,S,R,S,,S,,R,S,S,,,S,S,R,,,,R,R,R,R,,R
624_2177,S,S,S,,,,,S,S,S,S,,S,S,,S,S,,,,S,,,,S,R,S,S,,,S,R,
624_4275,S,R,S,S,R,S,R,,S,,S,R,S,,S,,R,S,S,,,S,S,R,,,,R,R,R,R,,R
624_4282,S,R,S,R,R,S,R,,S,,S,R,S,,S,,S,S,S,,,S,S,R,,,,R,R,S,S,,R
624_3389,,S,,,,,,S,,,,,,R,,,,,,,R,,,,R,,,R,,,,,R
624_4291,S,R,S,S,R,S,R,,S,,S,R,S,,S,,R,S,S,,,S,S,R,,,,R,R,R,R,,R
624_4334,S,R,R,S,R,S,R,,S,,S,R,S,,S,,R,S,S,,,S,S,R,,,,R,R,R,R,,R
624_2164,R,S,S,,,,,S,S,S,S,,S,R,,S,R,,,,R,,,,R,R,S,R,,,R,R,
624_2142,R,R,S,,,,,R,R,R,R,,S,S,,R,R,,,,S,,,,R,R,R,R,,,R,R,
624_4292,S,R,R,S,R,S,R,,S,,S,R,S,,S,,R,S,S,,,S,S,R,,,,S,R,S,R,,R
624_4202,S,R,R,R,R,S,R,,S,,S,R,S,,S,,R,S,S,,,S,S,R,,,,R,R,R,R,,R
624_4229,S,R,R,S,R,S,R,,S,,S,R,S,,S,,R,S,S,,,S,S,R,,,,R,R,R,R,,R
624_4250,S,R,R,R,R,S,R,,S,,S,R,S,,S,,R,S,S,,,S,S,R,,,,R,R,R,R,,R
624_3056,,,,,,,,,,,,S,,,,,,,,,R,,,,,,,,,,,,
624_3350,,S,,,,,,S,,,,,,R,,,,,,,R,,,,R,,,R,,,,,R
624_2045,,S,S,,,,,S,S,S,S,,S,R,,S,,,,,R,,,,,R,S,R,,,,R,
624_2081,R,S,S,,,,,S,S,S,S,,S,R,,S,R,,,,R,,,,R,R,S,R,,,R,R,
624_4218,S,R,R,S,R,S,R,,S,,S,R,S,,S,,R,S,S,,,S,S,R,,,,R,R,R,R,,R
624_3294,,R,,,,,,S,,,,,,R,,,,,,,R,,,,S,,,S,,,,,S
624_4416,S,R,R,S,R,S,R,,S,,S,R,S,,S,,R,S,S,,,S,S,R,,,,R,R,R,R,,R
624_2092,R,S,S,,,,,S,S,S,S,,S,S,,S,R,,,,S,,,,R,R,S,R,,,R,R,
624_4287,S,R,S,R,R,S,R,,S,,S,R,S,,S,,S,S,S,,,S,S,R,,,,R,R,R,S,,R
624_4341,S,R,R,S,R,S,R,,S,,S,R,S,,S,,R,S,S,,,S,S,R,,,,R,R,R,R,,R
624_4332,S,R,R,S,R,S,R,,S,,S,R,S,,S,,R,S,S,,,S,S,R,,,,R,R,R,R,,R
624_4277,S,R,S,S,R,S,R,,S,,S,R,R,,S,,R,S,R,,,S,S,R,,,,S,R,S,S,,R
624_504,,S,,,,,,,,,,,S,,,,,,,,S,,,,S,R,,S,,,,S,S
624_4410,S,R,R,S,R,S,R,,S,,S,R,S,,R,,R,S,S,,,S,S,R,,,,R,R,S,R,,R
624_3096,,,,,,,,,,,,S,,,,,,,,,R,,,,,,,,,,,,
624_2042,R,S,S,,,,,S,S,S,S,,S,R,,S,R,,,,R,,,,R,R,S,R,,,R,R,
624_2054,R,S,S,,,,,S,S,S,S,,S,R,,S,R,,,,R,,,,R,R,S,R,,,R,R,
624_3759,,R,R,,,,,,,,,S,,S,,,S,,,S,,,,,,R,,,,,,R,
624_477,,S,,,,,,,,,,,S,,,,,,,,S,,,,R,R,,R,,,,R,
624_3309,,S,,,,,,S,,,,,,R,,,,,,,R,,,,R,,,R,,,,,R
624_4370,S,R,R,S,R,S,R,,S,,S,R,S,,S,,R,S,S,,,S,S,R,,,,R,R,R,R,,R
624_1989,R,S,S,,,,,S,S,S,S,,S,S,,S,R,,,,S,,,,R,R,S,R,,,R,R,
624_2008,R,R,R,,,,,R,R,R,R,,S,S,,R,R,,,,S,,,,R,S,R,S,,,R,R,
624_4339,S,R,R,S,R,S,R,,S,,S,R,S,,S,,R,S,S,,,S,S,R,,,,R,R,R,R,,R
624_3465,,,,,,,,,,,,,,R,,,,,,,R,,,,,,,,,,,,
624_1896,R,R,R,,,,,R,R,R,R,,S,S,,R,R,,,,S,,,,R,R,R,R,,,R,R,
624_4263,S,R,S,S,R,S,R,,S,,S,R,S,,S,,S,S,S,,,S,S,R,,,,S,R,S,S,,S
624_371,,S,,,,,,,,,,,S,,,,,,,,R,,,,R,R,,R,,,,R,R
624_3739,,R,R,,,,,,,,,S,,S,,,S,,,S,,,,,,R,,,,,,R,
624_3077,,,,,,,,,,,,S,,,,,,,,,R,,,,,,,,,,,,
624_3627,,R,R,,,,,,,,,S,,S,,,S,,,S,,,,,,R,,,,,,R,
624_4426,S,R,R,S,R,S,R,,S,,S,R,S,,S,,R,S,S,,,S,S,R,,,,R,R,R,R,,R
624_2165,R,S,S,,,,,S,S,S,S,,S,S,,S,R,,,,S,,,,R,R,S,R,,,R,R,
624_2046,S,S,S,,,,,S,S,S,S,,S,S,,S,S,,,,S,,,,S,S,S,S,,,S,R,
624_1937,S,S,S,,,,,S,S,S,S,,S,R,,S,S,,,,R,,,,S,S,S,S,,,S,R,
624_1975,S,S,S,,,,,S,S,S,S,,S,S,,S,S,,,,S,,,,S,S,S,S,,,S,S,
624_3587,,S,S,,,,,,,,,S,,R,,,S,,,S,,,,,,R,,,,,,R,
624_2098,R,S,S,,,,,S,S,S,S,,S,R,,S,R,,,,R,,,,R,R,S,R,,,R,R,
624_4167,S,R,R,S,R,S,R,,S,,S,R,S,,S,,R,S,S,,,S,S,R,,,,R,R,R,R,,R
624_3279,,S,,,,,,R,,,,,,R,,,,,,,S,,,,R,,,R,,,,,S
624_1918,R,S,S,,,,,S,S,S,S,,S,S,,S,R,,,,S,,,,R,R,S,R,,,R,R,
624_3478,,,,,,,,,,,,,,R,,,,,,,R,,,,,,,,,,,,
624_3858,,R,R,,,,,,,,,S,,S,,,S,,,S,,,,,,R,,,,,,R,
624_4249,S,R,R,S,R,S,R,,S,,S,R,S,,S,,R,S,S,,,S,S,R,,,,R,R,R,R,,R
624_3890,,R,R,,,,,,,,,S,,R,,,S,,,S,,,,,,R,,,,,,R,
624_3441,,,,,,,,,,,,,,R,,,,,,,R,,,,,,,,,,,,
624_4172,S,R,R,S,R,S,R,,S,,S,R,S,,S,,R,S,S,,,S,S,R,,,,R,R,S,R,,R
624_3610,,R,R,,,,,,,,,S,,S,,,S,,,S,,,,,,R,,,,,,R,
624_3489,,,,,,,,,,,,,,S,,,,,,,R,,,,,,,,,,,,
624_2204,R,R,R,,,,,R,R,R,R,,S,R,,R,R,,,,R,,,,R,R,R,R,,,R,R,
624_2080,R,R,S,,,,,R,R,R,R,,S,S,,R,R,,,,S,,,,R,R,R,S,,,R,S,
624_1967,R,R,S,,,,,R,R,R,R,,S,R,,R,R,,,,R,,,,R,R,R,R,,,R,R,
624_1968,R,R,S,,,,,R,R,R,R,,S,R,,R,R,,,,R,,,,R,R,R,R,,,R,R,
624_1939,R,R,R,,,,,R,R,R,R,,S,S,,R,R,,,,S,,,,R,R,R,R,,,R,R,
624_2097,R,S,S,,,,,S,S,S,S,,S,S,,S,R,,,,S,,,,R,R,S,R,,,R,R,
624_3554,,R,R,,,,,,,,,S,,S,,,S,,,S,,,,,,R,,,,,,R,
624_3787,,R,S,,,,,,,,,R,,S,,,S,,,S,,,,,,R,,,,,,R,
624_2043,S,R,S,,,,,R,R,R,R,,S,S,,R,S,,,,S,,,,S,R,R,R,,,S,R,
624_1957,R,S,S,,,,,S,S,S,S,,S,S,,S,R,,,,S,,,,R,R,S,R,,,R,R,
624_3029,,,,,,,,,,,,R,,,,,,,,,R,,,,,,,,,,,,
624_1893,R,S,S,,,,,S,S,S,S,,S,S,,S,R,,,,S,,,,R,R,S,R,,,R,R,
624_2191,R,R,R,,,,,R,R,R,R,,S,S,,R,R,,,,S,,,,R,R,R,R,,,R,R,
624_4406,S,R,R,S,R,S,R,,S,,S,R,S,,R,,R,S,S,,,S,S,R,,,,R,R,R,R,,R
624_3219,,S,,,,,,S,,,,,,R,,,,,,,,,,,,,,,,,,,R
624_4379,S,R,R,S,R,S,R,,S,,S,R,S,,S,,R,S,S,,,S,S,R,,,,R,R,S,R,,R
624_2030,R,S,S,,,,,S,S,S,S,,S,S,,S,R,,,,S,,,,R,R,S,R,,,R,R,
624_1872,R,S,S,,,,,S,S,S,S,,S,S,,S,R,,,,S,,,,R,R,S,R,,,R,R,
624_3683,,R,R,,,,,,,,,S,,S,,,S,,,S,,,,,,R,,,,,,R,
624_3449,,,,,,,,,,,,,,R,,,,,,,R,,,,,,,,,,,,
624_4366,S,R,R,S,R,S,R,,S,,S,R,S,,S,,R,S,S,,,S,S,R,,,,R,R,R,R,,R
624_3748,,R,S,,,,,,,,,R,,R,,,S,,,S,,,,,,R,,,,,,R,
624_1959,R,R,S,,,,,R,R,R,R,,S,S,,R,R,,,,S,,,,R,R,R,S,,,R,R,
624_2014,R,S,S,,,,,S,S,S,S,,S,S,,S,R,,,,S,,,,R,R,S,R,,,R,R,
624_3299,,S,,,,,,S,,,,,,R,,,,,,,R,,,,R,,,R,,,,,S
624_3697,,S,R,,,,,,,,,S,,S,,,S,,,S,,,,,,R,,,,,,R,
624_2012,R,S,S,,,,,S,S,S,S,,S,S,,S,R,,,,S,,,,R,R,S,R,,,R,R,
624_3132,,,,,,,,,,,,S,,,,,,,,,S,,,,,,,,,,,,
624_3335,,S,,,,,,S,,,,,,R,,,,,,,R,,,,R,,,R,,,,,R
624_4328,S,R,R,S,R,S,R,,S,,S,R,S,,S,,R,S,S,,,S,S,R,,,,R,R,R,R,,R
624_4264,S,R,R,S,R,S,S,,R,,R,R,S,,S,,R,S,S,,,S,S,R,,,,R,R,R,R,,R
624_4329,S,R,R,S,R,S,R,,S,,S,R,S,,S,,R,S,S,,,S,S,R,,,,R,R,R,R,,R
624_3317,,S,,,,,,S,,,,,,R,,,,,,,R,,,,R,,,R,,,,,R
624_4364,S,R,R,S,R,S,R,,S,,S,R,S,,S,,R,S,S,,,S,S,R,,,,R,R,S,R,,R
624_271,,S,,,,,,,,,,,S,,,,,,,,S,,,,S,S,,S,,,,S,S
624_4226,S,R,R,S,R,S,R,,S,,S,R,S,,S,,R,S,S,,,S,S,R,,,,R,R,R,R,,R
624_3207,,S,,,,,,S,,,,,,R,,,,,,,,,,,,,,,,,,,R
624_3857,,S,S,,,,,,,,,S,,S,,,S,,,S,,,,,,R,,,,,,R,
624_4354,S,R,R,S,R,S,R,,S,,S,R,S,,S,,R,S,S,,,S,S,R,,,,R,R,R,R,,R
624_2127,S,S,S,,,,,S,S,S,S,,S,R,,S,S,,,,R,,,,S,S,S,S,,,S,R,
624_3380,,S,,,,,,S,,,,,,R,,,,,,,R,,,,R,,,R,,,,,R
624_1953,R,S,S,,,,,S,S,S,S,,S,S,,S,R,,,,S,,,,R,S,S,S,,,R,R,
624_4274,S,R,R,S,R,S,R,,S,,S,R,S,,S,,R,S,S,,,S,S,R,,,,R,R,R,R,,R
624_3078,,,,,,,,,,,,R,,,,,,,,,R,,,,,,,,,,,,
624_4246,S,R,S,R,R,S,R,,S,,S,R,S,,S,,R,S,S,,,S,S,R,,,,R,R,R,R,,R
624_2141,R,R,S,,,,,R,R,R,R,,S,S,,R,R,,,,S,,,,R,S,R,S,,,R,R,
624_4284,S,R,S,S,R,S,R,,S,,S,R,S,,S,,R,S,S,,,S,S,R,,,,R,R,R,R,,R
624_2056,R,S,S,,,,,S,S,S,S,,S,S,,S,R,,,,S,,,,R,R,S,R,,,R,R,
624_2003,R,S,S,,,,,S,S,S,S,,S,R,,S,R,,,,R,,,,R,R,S,R,,,R,R,
624_3816,,R,R,,,,,,,,,S,,S,,,S,,,S,,,,,,R,,,,,,R,
624_4266,S,R,S,R,R,S,R,,S,,S,R,S,,S,,R,S,S,,,S,S,R,,,,R,R,R,R,,R
624_3272,,S,,,,,,S,,,,,,S,,,,,,,S,,,,R,,,R,,,,,R
624_4234,S,R,R,S,R,S,R,,S,,S,R,S,,S,,R,S,S,,,S,S,R,,,,R,R,R,R,,R
624_4196,S,R,R,R,R,S,R,,S,,S,R,S,,S,,R,S,S,,,S,S,R,,,,R,R,R,R,,R
624_3662,,R,R,,,,,,,,,S,,S,,,S,,,S,,,,,,R,,,,,,R,
624_4351,S,R,R,S,R,S,R,,S,,S,R,S,,S,,R,S,S,,,S,S,R,,,,R,R,R,R,,R
624_3376,,S,,,,,,S,,,,,,R,,,,,,,R,,,,R,,,R,,,,,R
624_2114,R,S,S,,,,,S,S,S,S,,S,S,,S,R,,,,S,,,,R,R,S,R,,,R,R,
624_3695,,R,S,,,,,,,,,S,,S,,,S,,,S,,,,,,R,,,,,,R,
624_2190,R,S,S,,,,,S,S,S,S,,S,S,,S,R,,,,S,,,,R,R,S,R,,,R,R,
624_4333,S,R,R,S,R,S,R,,S,,S,R,S,,S,,R,S,S,,,S,S,R,,,,R,R,R,R,,R
624_525,,S,,,,,,,,,,,S,,,,,,,,,,,,R,,,R,,,,,R
624_4407,S,R,R,S,R,S,R,,S,,S,R,S,,R,,R,S,S,,,S,S,R,,,,R,R,R,R,,R
624_2118,R,S,S,,,,,S,S,S,S,,S,S,,S,R,,,,S,,,,R,R,S,R,,,R,R,
624_4348,S,R,R,S,R,S,R,,S,,S,R,S,,S,,R,S,S,,,S,S,R,,,,R,R,R,R,,R
624_3797,,S,S,,,,,,,,,S,,S,,,S,,,S,,,,,,R,,,,,,R,
624_3295,,S,,,,,,S,,,,,,S,,,,,,,S,,,,S,,,S,,,,,S
624_1965,S,S,S,,,,,S,S,S,S,,S,S,,S,S,,,,S,,,,S,S,S,S,,,S,R,
624_4403,S,R,R,S,R,S,R,,S,,S,R,S,,R,,R,S,S,,,S,S,R,,,,R,R,S,R,,R
624_4171,S,R,R,S,R,S,R,,S,,S,R,S,,S,,R,S,S,,,S,S,R,,,,R,R,R,R,,R
624_4178,S,R,R,S,R,S,R,,S,,S,R,S,,S,,R,S,S,,,S,S,R,,,,R,R,R,R,,R
624_2108,R,S,S,,,,,S,S,S,S,,S,R,,S,R,,,,R,,,,R,R,S,R,,,R,R,
624_4343,S,R,R,S,R,S,R,,S,,S,R,S,,S,,R,S,S,,,S,S,R,,,,R,R,R,R,,R
624_1875,R,S,S,,,,,S,S,S,S,,S,R,,S,R,,,,R,,,,R,R,S,R,,,R,R,
624_126,,S,,,,,,,,,,,S,,,,,,,,,,,,R,,,R,,,,,R
624_1963,R,S,S,,,,,S,S,S,S,,S,S,,S,R,,,,S,,,,R,R,S,R,,,R,R,
624_1892,R,S,S,,,,,S,S,S,S,,S,R,,S,R,,,,R,,,,R,R,S,R,,,R,R,
624_4195,S,R,R,S,R,S,R,,S,,S,R,S,,S,,R,S,S,,,S,S,R,,,,R,R,R,R,,R
624_2149,R,S,S,,,,,S,S,S,S,,S,S,,S,R,,,,S,,,,R,R,S,R,,,R,R,
624_4431,S,R,R,S,R,S,R,,S,,S,R,S,,S,,R,S,S,,,S,S,R,,,,R,R,S,R,,R
624_2026,R,S,S,,,,,S,S,S,S,,S,S,,S,R,,,,S,,,,R,S,S,S,,,R,R,
624_2163,R,S,S,,,,,S,S,S,S,,S,S,,S,R,,,,S,,,,R,R,S,R,,,R,R,
624_1914,R,S,S,,,,,S,S,S,S,,S,R,,S,R,,,,R,,,,R,R,S,R,,,R,R,
624_2196,R,S,S,,,,,S,S,S,S,,S,S,,S,R,,,,S,,,,R,R,S,R,,,R,R,
624_2192,R,R,S,,,,,R,R,R,R,,S,R,,R,R,,,,R,,,,R,R,R,R,,,R,R,
624_1895,R,S,S,,,,,S,S,S,S,,S,R,,S,R,,,,R,,,,R,R,S,R,,,R,R,
624_4356,S,R,R,R,R,S,R,,S,,S,R,S,,S,,R,S,S,,,S,S,R,,,,R,R,R,R,,R
624_4368,S,R,R,S,R,S,R,,S,,S,R,S,,S,,R,S,S,,,S,S,R,,,,R,R,S,R,,R
624_4310,S,R,S,S,R,S,R,,S,,S,R,S,,S,,R,S,S,,,S,S,R,,,,R,R,R,R,,R
624_4388,S,R,R,S,R,S,R,,S,,S,R,S,,R,,R,S,S,,,S,S,R,,,,R,R,S,R,,R
624_2144,S,S,S,,,,,S,S,S,S,,S,R,,S,S,,,,R,,,,S,S,S,S,,,S,R,
624_3360,,S,,,,,,S,,,,,,R,,,,,,,R,,,,S,,,S,,,,,S
624_4254,S,R,S,S,R,S,R,,S,,S,R,S,,S,,R,S,S,,,S,S,R,,,,R,R,R,R,,R
624_3769,,R,R,,,,,,,,,S,,S,,,S,,,S,,,,,,R,,,,,,R,
624_2152,R,S,S,,,,,S,S,S,S,,S,R,,S,R,,,,R,,,,R,R,S,R,,,R,R,
624_4186,S,R,R,S,R,S,R,,S,,S,R,S,,S,,R,S,S,,,S,S,R,,,,R,R,R,R,,R
624_189,,S,,,,,,,,,,,S,,,,,,,,S,,,,R,R,,R,,,,R,
624_4299,S,R,S,S,R,S,R,,S,,S,R,S,,R,,R,S,S,,,S,S,R,,,,R,R,R,R,,R
624_467,,R,,,,,,,,,,,S,,,,,,,,R,,,,S,,,S,,,,,S
624_4244,S,S,S,S,S,S,S,,S,,S,S,S,,S,,S,S,S,,,S,S,S,,,,S,S,S,S,,S
624_3131,,,,,,,,,,,,S,,,,,,,,,R,,,,,,,,,,,,
624_2032,R,S,S,,,,,S,S,S,S,,S,S,,S,R,,,,S,,,,R,R,S,R,,,R,R,
624_1971,R,S,S,,,,,S,S,S,S,,S,R,,S,R,,,,R,,,,R,R,S,R,,,R,R,
624_3378,,S,,,,,,S,,,,,,R,,,,,,,R,,,,R,,,R,,,,,R
624_1997,R,S,S,,,,,S,S,S,S,,S,R,,S,R,,,,R,,,,R,R,S,R,,,R,R,
624_2197,R,R,S,,,,,R,R,R,R,,S,R,,R,R,,,,R,,,,R,R,R,R,,,R,R,
624_2048,R,R,R,,,,,R,R,R,R,,S,S,,R,R,,,,S,,,,R,R,R,R,,,R,R,
624_4280,S,R,S,R,R,S,R,,S,,S,R,S,,S,,S,S,S,,,S,S,R,,,,R,R,R,S,,R
624_3885,,R,R,,,,,,,,,S,,S,,,S,,,S,,,,,,R,,,,,,R,
624_3482,,R,,,,,,R,,,,,,R,,,,,,,R,,,,,,,,,,,,R
624_2095,R,R,R,,,,,R,R,R,R,,S,S,,R,R,,,,S,,,,R,R,R,S,,,R,R,
624_3616,,S,S,,,,,,,,,S,,R,,,S,,,S,,,,,,R,,,,,,R,
624_3371,,S,,,,,,S,,,,,,R,,,,,,,R,,,,R,,,R,,,,,R
624_3790,,R,R,,,,,,,,,S,,S,,,S,,,S,,,,,,R,,,,,,R,
624_4345,S,R,R,S,R,S,R,,S,,S,R,S,,S,,R,S,S,,,S,S,R,,,,R,R,R,R,,R
624_2147,R,S,S,,,,,S,S,S,S,,S,R,,S,R,,,,R,,,,R,S,S,S,,,R,R,
624_4259,S,R,R,R,R,S,R,,S,,R,R,S,,S,,R,S,S,,,S,S,R,,,,R,R,R,R,,R
624_2084,R,R,R,,,,,R,R,R,R,,S,R,,R,R,,,,R,,,,R,R,R,R,,,R,R,
624_3273,,S,,,,,,S,,,,,,R,,,,,,,R,,,,R,,,R,,,,,R
624_1988,R,R,S,,,,,R,R,R,R,,S,S,,R,R,,,,S,,,,R,R,R,S,,,R,R,
624_4190,S,R,R,S,R,S,R,,S,,S,R,S,,S,,R,S,S,,,S,S,R,,,,R,R,R,R,,R
624_4350,S,R,R,R,R,S,R,,S,,S,R,S,,S,,R,S,S,,,S,S,R,,,,R,R,R,R,,R
624_3714,,S,S,,,,,,,,,S,,S,,,S,,,S,,,,,,S,,,,,,S,
624_1930,R,S,S,,,,,S,S,S,S,,S,S,,S,R,,,,S,,,,R,R,S,S,,,R,R,
624_3899,,R,S,,,,,,,,,R,,R,,,S,,,S,,,,,,R,,,,,,R,
624_4320,S,R,R,R,R,S,R,,S,,S,R,S,,S,,R,S,S,,,S,S,R,,,,R,R,R,R,,R
624_3871,,S,S,,,,,,,,,S,,R,,,S,,,S,,,,,,R,,,,,,R,
624_2041,R,S,S,,,,,S,S,S,S,,S,S,,S,R,,,,S,,,,R,R,S,R,,,R,R,
624_3847,,R,R,,,,,,,,,S,,R,,,S,,,S,,,,,,R,,,,,,R,
624_3803,,S,S,,,,,,,,,S,,S,,,S,,,S,,,,,,R,,,,,,R,
624_2091,R,S,S,,,,,S,S,S,S,,S,S,,S,R,,,,S,,,,R,R,S,R,,,R,R,
624_4276,S,R,S,S,R,S,R,,S,,S,R,S,,S,,R,S,S,,,S,S,R,,,,R,R,R,R,,R
624_4414,S,R,R,S,R,S,R,,S,,S,R,S,,R,,R,S,S,,,S,S,R,,,,R,R,R,R,,R
624_3343,,S,,,,,,S,,,,,,R,,,,,,,R,,,,S,,,S,,,,,S
624_2136,,S,S,,,,,S,S,S,S,,S,R,,S,,,,,R,,,,,R,S,R,,,,R,
624_4204,S,R,R,S,R,S,R,,S,,S,R,S,,S,,R,S,S,,,S,S,R,,,,R,R,R,R,,R
624_3427,,S,,,,,,S,,,,,,R,,,,,,,R,,,,R,,,R,,,,,R
624_3037,,,,,,,,,,,,R,,,,,,,,,R,,,,,,,,,,,,
624_2055,S,S,S,,,,,S,S,S,S,,S,R,,S,S,,,,R,,,,S,S,S,S,,,S,R,
624_1980,R,R,R,,,,,R,R,R,R,,S,R,,R,R,,,,R,,,,R,R,R,R,,,R,R,
624_2102,R,R,S,,,,,R,R,R,R,,S,S,,R,R,,,,S,,,,R,R,R,R,,,R,R,
624_4308,S,R,S,S,R,S,R,,S,,S,R,S,,R,,R,S,S,,,S,S,R,,,,R,R,R,R,,R
624_4397,S,R,R,S,R,S,R,,S,,S,R,S,,R,,R,S,S,,,S,S,R,,,,R,R,R,R,,R
624_566,,S,,,,,,,,,,,S,,,,,,,,S,,,,S,S,,S,,,,S,S
624_4168,S,R,R,S,R,S,R,,S,,S,R,S,,S,,R,S,S,,,S,S,R,,,,R,R,R,R,,R
624_4271,S,S,S,S,S,S,S,,S,,S,S,S,,S,,S,S,S,,,S,S,S,,,,R,S,S,S,,R
624_1984,S,R,R,,,,,R,R,R,R,,S,R,,R,S,,,,R,,,,S,R,R,S,,,S,R,
624_3844,,S,S,,,,,,,,,S,,R,,,S,,,S,,,,,,R,,,,,,R,
624_1943,R,S,S,,,,,S,S,S,S,,S,S,,S,R,,,,S,,,,R,R,S,R,,,R,R,
624_3615,,S,S,,,,,,,,,S,,S,,,S,,,S,,,,,,S,,,,,,R,
624_4420,S,R,R,S,R,S,R,,S,,S,R,S,,R,,R,S,S,,,S,S,R,,,,R,R,R,R,,R
624_4386,S,R,R,S,R,S,R,,S,,S,R,S,,S,,R,S,S,,,S,S,R,,,,R,R,R,R,,R
624_4392,S,R,R,S,R,S,R,,S,,S,R,S,,R,,R,S,S,,,S,S,R,,,,R,R,R,R,,R
624_4295,S,R,S,S,R,S,R,,S,,S,R,S,,R,,R,S,S,,,S,S,R,,,,R,R,R,R,,R
624_3593,,S,S,,,,,,,,,S,,S,,,S,,,S,,,,,,R,,,,,,R,
624_3766,,R,R,,,,,,,,,S,,S,,,S,,,S,,,,,,R,,,,,,R,
624_2017,R,R,R,,,,,R,R,R,R,,S,R,,R,R,,,,R,,,,R,R,R,R,,,R,R,
624_1414,,,S,,,,,,,,,,,,,,,,,,,,,,,,,,,,,,
624_4176,S,S,S,S,S,S,S,,S,,S,S,S,,S,,S,S,S,,,S,S,S,,,,R,S,S,S,,R
624_4377,S,R,R,S,R,S,R,,S,,S,R,S,,S,,R,S,S,,,S,S,R,,,,R,R,R,R,,R
624_4305,S,R,S,S,S,S,S,,S,,S,S,S,,S,,R,S,S,,,S,S,R,,,,R,R,S,R,,R
624_1948,R,S,S,,,,,S,S,S,S,,S,S,,S,R,,,,S,,,,R,R,S,R,,,R,R,
624_2168,R,S,S,,,,,S,S,S,S,,S,S,,S,R,,,,S,,,,R,R,S,R,,,R,R,
624_1909,,S,S,,,,,S,S,S,S,,S,R,,S,,,,,R,,,,,R,S,R,,,,R,
624_4217,S,R,R,R,R,S,R,,S,,R,R,S,,S,,R,S,S,,,S,S,R,,,,R,R,R,R,,R
624_3896,,R,R,,,,,,,,,S,,S,,,S,,,S,,,,,,R,,,,,,R,
624_3661,,R,R,,,,,,,,,S,,S,,,S,,,S,,,,,,R,,,,,,R,
624_2119,R,R,R,,,,,R,R,R,R,,S,S,,R,R,,,,S,,,,R,R,R,R,,,R,R,
624_3786,,R,R,,,,,,,,,S,,S,,,S,,,S,,,,,,R,,,,,,R,
624_392,,R,,,,,,,,,,,S,,,,,,,,R,,,,R,,,S,,,,,R
624_1236,,,,,,,,,,,,R,,,,,,,,,,,,,,,,,,,,,
624_1993,R,S,S,,,,,S,S,S,S,,S,S,,S,R,,,,S,,,,R,R,S,R,,,R,R,
624_2172,R,R,R,,,,,R,R,R,R,,S,S,,R,R,,,,S,,,,R,R,R,R,,,R,R,
624_1886,R,S,S,,,,,S,S,S,S,,S,R,,S,R,,,,R,,,,R,R,S,R,,,R,R,
624_4378,S,R,R,S,R,S,R,,S,,S,R,S,,S,,R,S,S,,,S,S,R,,,,R,R,S,R,,R
624_1889,R,S,S,,,,,S,S,S,S,,S,S,,S,R,,,,S,,,,R,R,S,R,,,R,R,
624_3646,,R,R,,,,,,,,,S,,S,,,S,,,S,,,,,,R,,,,,,R,
624_4340,S,R,R,S,R,S,R,,S,,S,R,S,,S,,R,S,S,,,S,S,R,,,,R,R,R,R,,R
624_4181,S,R,R,S,R,S,R,,S,,S,R,S,,S,,R,S,S,,,S,S,R,,,,R,R,R,R,,R
624_4193,S,R,R,R,R,S,R,,S,,S,R,S,,S,,R,S,S,,,S,S,R,,,,R,R,S,R,,R
624_2138,R,S,S,,,,,S,S,S,S,,S,S,,S,R,,,,S,,,,R,R,S,R,,,R,R,
624_4198,S,R,R,S,R,S,R,,S,,S,R,S,,S,,R,S,S,,,S,S,R,,,,R,R,R,R,,R
624_3870,,S,S,,,,,,,,,S,,R,,,S,,,S,,,,,,R,,,,,,R,
624_2033,R,S,S,,,,,S,S,S,S,,S,S,,S,R,,,,S,,,,R,R,S,R,,,R,R,
624_4357,S,R,R,R,R,S,R,,S,,R,R,R,,S,,S,S,S,,,S,S,R,,,,R,R,S,S,,R
624_2129,R,R,S,,,,,R,R,R,R,,S,S,,R,R,,,,S,,,,R,R,R,R,,,R,R,
624_4232,S,R,R,S,R,S,R,,S,,S,R,S,,S,,R,S,S,,,S,S,R,,,,R,R,R,R,,R
624_4424,S,R,R,S,R,S,R,,S,,S,R,S,,S,,R,S,S,,,S,S,R,,,,R,R,R,R,,R
624_2018,R,S,S,,,,,S,S,S,S,,S,S,,S,R,,,,S,,,,R,R,S,R,,,R,R,
624_3705,,R,S,,,,,,,,,S,,S,,,S,,,S,,,,,,R,,,,,,R,
624_372,,R,,,,,,,,,,,S,,,,,,,,R,,,,R,,,R,,,,,R
624_4353,S,R,S,S,R,S,R,,S,,S,R,S,,S,,R,S,S,,,S,S,R,,,,R,R,R,R,,R
624_2137,S,S,S,,,,,S,S,S,S,,S,S,,S,S,,,,S,,,,S,S,S,S,,,S,R,
624_3304,,S,,,,,,S,,,,,,R,,,,,,,R,,,,R,,,R,,,,,R
624_593,,S,,,,,,,,,,,S,,,,,,,,R,,,,S,S,,S,,,,R,
624_4312,S,R,S,R,R,S,R,,S,,S,R,S,,S,,R,S,S,,,S,S,R,,,,R,R,R,R,,R
624_4185,S,R,R,S,R,S,R,,S,,S,R,S,,S,,R,S,S,,,S,S,R,,,,R,R,R,R,,R
624_1925,R,S,S,,,,,S,S,S,S,,S,S,,S,R,,,,S,,,,R,R,S,R,,,R,R,
624_4279,S,R,R,S,R,S,R,,S,,S,R,S,,S,,R,S,S,,,S,S,R,,,,R,R,S,R,,R
624_1954,R,S,S,,,,,S,S,S,S,,S,S,,S,R,,,,S,,,,R,R,S,R,,,R,R,
624_1972,R,S,S,,,,,S,S,S,S,,S,S,,S,R,,,,S,,,,R,R,S,R,,,R,R,
624_3366,,S,,,,,,S,,,,,,S,,,,,,,R,,,,S,,,S,,,,,S
624_2044,R,R,R,,,,,R,R,R,R,,S,S,,R,R,,,,S,,,,R,R,R,R,,,R,R,
624_4245,S,R,S,S,S,S,S,,S,,S,S,S,,S,,S,S,S,,,S,S,R,,,,R,R,R,S,,R
624_3356,,S,,,,,,S,,,,,,R,,,,,,,R,,,,S,,,S,,,,,S
624_1913,R,S,S,,,,,S,S,S,S,,S,R,,S,R,,,,R,,,,R,R,S,R,,,R,R,
624_2203,R,S,S,,,,,S,S,S,S,,S,S,,S,R,,,,S,,,,R,R,S,R,,,R,R,
624_4288,S,R,R,S,R,S,R,,S,,S,R,S,,S,,S,S,S,,,S,S,R,,,,S,R,S,S,,S
624_2175,S,S,S,,,,,S,S,S,S,,S,R,,S,S,,,,R,,,,S,S,S,S,,,S,S,
624_2107,R,R,S,,,,,R,R,R,R,,S,S,,R,R,,,,S,,,,R,R,R,R,,,R,R,
624_3354,,S,,,,,,S,,,,,,R,,,,,,,R,,,,R,,,R,,,,,R
624_1888,R,R,S,,,,,R,R,R,R,,S,R,,R,R,,,,R,,,,R,R,R,R,,,R,R,
624_4240,S,S,S,S,S,S,S,,S,,S,S,S,,S,,S,S,S,,,S,S,S,,,,R,S,S,S,,R
624_4199,S,R,R,R,R,S,R,,S,,S,R,S,,S,,R,S,S,,,S,S,R,,,,R,R,R,R,,R
624_1952,S,S,S,,,,,S,S,S,S,,S,S,,S,S,,,,S,,,,S,S,S,S,,,S,R,
624_4219,S,R,R,R,R,S,R,,S,,S,R,S,,S,,R,S,S,,,S,S,R,,,,R,R,R,R,,R
624_2173,R,S,S,,,,,S,S,S,S,,S,S,,S,R,,,,S,,,,R,R,S,R,,,R,R,
624_2062,S,R,S,,,,,R,R,R,R,,R,S,,R,S,,,,S,,,,S,R,R,R,,,S,R,
624_3242,,S,,,,,,S,,,,,,R,,,,,,,,,,,,,,,,,,,S
624_3480,,R,,,,,,R,,,,,,R,,,,,,,R,,,,,,,,,,,,R
624_4209,S,R,R,S,R,S,R,,S,,S,R,S,,S,,R,S,S,,,S,S,R,,,,R,R,R,R,,R
624_3841,,S,S,,,,,,,,,S,,R,,,S,,,S,,,,,,R,,,,,,R,
624_2166,R,S,S,,,,,S,S,S,S,,S,S,,S,R,,,,S,,,,R,R,S,R,,,R,R,
624_2009,R,S,S,,,,,S,S,S,S,,S,S,,S,R,,,,S,,,,R,R,S,R,,,R,R,
624_4336,S,R,R,S,R,S,R,,S,,S,R,S,,S,,R,S,S,,,S,S,R,,,,R,R,R,R,,R
624_1992,R,S,S,,,,,S,S,S,S,,S,R,,S,R,,,,R,,,,R,S,S,S,,,R,R,
624_2188,,S,S,,,,,S,S,S,S,,S,R,,S,,,,,R,,,,,R,S,R,,,,R,
624_2133,R,R,R,,,,,R,R,R,R,,S,R,,R,R,,,,R,,,,R,R,R,R,,,R,R,
624_2117,R,S,S,,,,,S,S,S,S,,S,R,,S,R,,,,R,,,,R,R,S,R,,,R,R,
624_1924,S,R,R,,,,,R,R,R,R,,S,R,,R,S,,,,R,,,,S,R,R,S,,,S,R,
624_2125,R,S,S,,,,,S,S,S,S,,S,S,,S,R,,,,S,,,,R,R,S,R,,,R,R,
624_4380,S,R,R,S,R,S,R,,S,,S,R,S,,S,,R,S,S,,,S,S,R,,,,R,R,S,R,,R
624_549,,S,,,,,,,,,,,S,,,,,,,,S,,,,S,R,,S,,,,R,R
624_3604,,R,R,,,,,,,,,S,,S,,,S,,,S,,,,,,R,,,,,,R,
624_4322,S,R,R,S,R,S,R,,S,,S,R,S,,S,,R,S,S,,,S,S,R,,,,R,R,R,R,,R
624_4252,S,R,R,S,R,S,R,,S,,S,R,S,,S,,R,S,S,,,S,S,R,,,,R,R,R,R,,R
624_3332,,S,,,,,,S,,,,,,R,,,,,,,R,,,,S,,,S,,,,,S
624_3734,,R,R,,,,,,,,,S,,S,,,S,,,S,,,,,,R,,,,,,R,
624_3582,,R,R,,,,,,,,,R,,R,,,S,,,S,,,,,,R,,,,,,R,
624_119,,R,,,,,,,,,,,R,,,,,,,,S,,,,R,R,,R,,,,S,S
624_3861,,R,R,,,,,,,,,R,,S,,,S,,,S,,,,,,R,,,,,,R,
624_1945,R,R,R,,,,,R,R,R,R,,S,S,,R,R,,,,S,,,,R,R,R,R,,,R,R,
624_130,,R,,,,,,,,,,,S,,,,,,,,R,,,,R,,,R,,,,,R
624_1934,R,R,R,,,,,R,R,R,R,,S,R,,R,R,,,,R,,,,R,R,R,S,,,R,R,
624_4242,S,R,R,R,R,S,S,,R,,R,R,S,,S,,R,S,S,,,S,S,R,,,,R,R,R,R,,R
624_503,,R,,,,,,,,,,,R,,,,,,,,S,,,,R,R,,R,,,,R,
624_2059,R,R,R,,,,,R,R,R,R,,S,R,,R,R,,,,R,,,,R,R,R,R,,,R,R,
624_4281,S,R,S,S,R,S,R,,S,,S,R,S,,S,,R,S,S,,,S,S,R,,,,R,R,R,R,,R
624_4349,S,R,R,R,R,S,R,,S,,S,R,S,,S,,R,S,S,,,S,S,R,,,,R,R,R,R,,R
624_2186,R,R,S,,,,,R,R,R,R,,S,R,,R,R,,,,R,,,,R,R,R,R,,,R,R,
624_4393,S,R,R,S,R,S,R,,S,,S,R,S,,S,,R,S,S,,,R,S,R,,,,R,R,R,R,,R
624_3753,,S,S,,,,,,,,,S,,S,,,S,,,S,,,,,,R,,,,,,R,
624_2079,R,R,S,,,,,R,R,R,R,,S,R,,R,R,,,,R,,,,R,R,R,R,,,R,R,
624_3715,,S,S,,,,,,,,,S,,S,,,S,,,S,,,,,,S,,,,,,R,
624_2015,S,S,S,,,,,S,S,S,S,,S,S,,S,S,,,,S,,,,S,S,S,S,,,S,R,
624_4223,S,R,R,S,R,S,R,,S,,S,R,S,,S,,R,S,S,,,S,S,R,,,,R,R,R,R,,R
624_4221,S,R,R,R,R,S,R,,S,,S,R,S,,S,,R,S,S,,,S,S,R,,,,R,R,R,R,,R
624_1976,S,S,S,,,,,S,S,S,S,,S,S,,S,S,,,,S,,,,S,S,S,S,,,S,R,
624_1951,R,S,S,,,,,S,S,S,S,,S,S,,S,R,,,,S,,,,R,R,S,R,,,R,R,
624_3027,,,,,,,,,,,,R,,,,,,,,,R,,,,,,,,,,,,
624_3563,,R,S,,,,,,,,,S,,S,,,S,,,S,,,,,,R,,,,,,R,
624_3892,,S,S,,,,,,,,,S,,S,,,S,,,S,,,,,,R,,,,,,R,
624_3686,,R,R,,,,,,,,,S,,S,,,S,,,S,,,,,,R,,,,,,R,
624_3490,,,,,,,,,,,,,,S,,,,,,,R,,,,,,,,,,,,
624_4394,S,R,R,S,R,S,R,,S,,S,R,S,,R,,R,S,S,,,S,S,R,,,,R,R,S,R,,R
624_2013,R,S,S,,,,,S,S,S,S,,S,R,,S,R,,,,R,,,,R,R,S,R,,,R,R,
624_1877,R,S,S,,,,,S,S,S,S,,S,S,,S,R,,,,S,,,,R,R,S,R,,,R,R,
624_3396,,S,,,,,,S,,,,,,S,,,,,,,R,,,,R,,,R,,,,,R
624_2064,R,R,R,,,,,R,R,R,R,,S,S,,R,R,,,,S,,,,R,R,R,R,,,R,R,
624_3913,,R,S,,,,,,,,,R,,R,,,S,,,S,,,,,,R,,,,,,R,
624_4326,S,R,R,S,R,S,R,,S,,S,R,S,,S,,R,S,S,,,S,S,R,,,,R,R,R,R,,R
624_4412,S,R,R,S,R,S,R,,S,,S,R,S,,R,,R,S,S,,,S,S,R,,,,R,R,R,R,,R
624_3755,,S,S,,,,,,,,,S,,S,,,S,,,S,,,,,,R,,,,,,R,
624_4425,S,R,R,S,R,S,R,,R,,S,R,S,,R,,R,S,S,,,S,S,R,,,,R,R,R,R,,R
624_4180,S,R,R,R,R,S,R,,S,,S,R,S,,S,,R,S,S,,,S,S,R,,,,R,R,R,R,,S
624_4387,S,R,R,S,R,S,R,,S,,S,R,S,,S,,R,S,S,,,S,S,R,,,,R,R,R,R,,R
624_2183,R,R,R,,,,,R,R,R,R,,S,S,,R,R,,,,S,,,,R,R,R,R,,,R,R,
624_2075,R,S,S,,,,,S,S,S,S,,S,S,,S,R,,,,S,,,,R,R,S,R,,,R,R,
624_107,,R,,,,,,,,,,,S,,,,,,,,S,,,,R,,,R,,,,,R
624_2134,R,S,S,,,,,S,S,S,S,,S,R,,S,R,,,,R,,,,R,R,S,R,,,R,R,
624_3300,,S,,,,,,S,,,,,,R,,,,,,,R,,,,S,,,S,,,,,R
624_2171,,S,S,,,,,S,S,S,S,,S,R,,S,,,,,R,,,,,R,S,R,,,,R,
624_3628,,R,R,,,,,,,,,S,,S,,,S,,,S,,,,,,R,,,,,,R,
624_3403,,S,,,,,,S,,,,,,R,,,,,,,R,,,,R,,,R,,,,,R
624_1950,R,R,R,,,,,R,R,R,R,,S,R,,R,R,,,,R,,,,R,S,R,S,,,R,R,
624_3812,,R,R,,,,,,,,,S,,S,,,S,,,S,,,,,,R,,,,,,R,
624_4415,S,R,R,S,R,S,R,,S,,S,R,S,,R,,R,S,S,,,S,S,R,,,,R,R,R,R,,R
624_4256,S,R,R,S,R,S,R,,S,,S,R,S,,S,,R,S,S,,,S,S,R,,,,R,R,R,R,,R
624_3369,,S,,,,,,S,,,,,,R,,,,,,,R,,,,S,,,S,,,,,S
624_3318,,S,,,,,,S,,,,,,R,,,,,,,R,,,,R,,,R,,,,,R
624_2047,R,S,S,,,,,S,S,S,S,,S,R,,S,R,,,,R,,,,R,R,S,R,,,R,R,
624_1417,,,S,,,,,,,,,,,,,,,,,,,,,,,,,,,,,,
624_3830,,S,S,,,,,,,,,S,,S,,,S,,,S,,,,,,R,,,,,,R,
624_3353,,S,,,,,,S,,,,,,R,,,,,,,R,,,,R,,,R,,,,,R
624_3404,,R,,,,,,S,,,,,,R,,,,,,,R,,,,R,,,R,,,,,R
624_3757,,S,S,,,,,,,,,S,,S,,,S,,,S,,,,,,S,,,,,,S,
624_3638,,R,R,,,,,,,,,S,,S,,,S,,,S,,,,,,R,,,,,,R,
624_2094,R,R,S,,,,,R,R,R,R,,R,S,,R,R,,,,S,,,,R,R,R,R,,,R,R,
624_3144,,,,,,,,,,,,R,,,,,,,,,R,,,,,,,,,,,,
624_4318,S,R,S,R,R,S,R,,S,,R,R,S,,S,,S,S,S,,,S,S,R,,,,S,R,S,S,,S
624_3214,,S,,,,,,S,,,,,,R,,,,,,,,,,,,,,,,,,,R
624_2198,R,S,S,,,,,S,S,S,S,,S,S,,S,R,,,,S,,,,R,S,S,S,,,R,R,
624_2131,R,S,S,,,,,S,S,S,S,,S,R,,S,R,,,,R,,,,R,R,S,R,,,R,R,
624_208,,R,,,,,,,,,,,R,,,,,,,,S,,,,R,,,R,,,,,R
624_4215,S,R,R,S,R,S,R,,S,,S,R,S,,S,,R,S,S,,,S,S,R,,,,R,R,R,R,,R
624_3886,,S,S,,,,,,,,,S,,S,,,S,,,S,,,,,,R,,,,,,R,
624_3259,,,,,,,,,,,,,,R,,,,,,,,,,,,,,,,,,,
624_4323,S,R,R,S,R,S,S,,R,,R,R,S,,S,,R,S,S,,,S,S,R,,,,R,R,R,R,,R
624_2121,R,S,S,,,,,S,S,S,S,,S,S,,S,R,,,,S,,,,R,R,S,R,,,R,R,
624_4311,S,R,R,S,R,S,S,,R,,R,R,S,,S,,R,S,S,,,S,S,R,,,,R,R,R,R,,R
624_2120,R,R,S,,,,,R,R,R,R,,S,S,,R,R,,,,S,,,,R,R,R,S,,,R,R,
624_3547,,R,R,,,,,,,,,R,,R,,,R,,,S,,,,,,R,,,,,,R,
624_2005,R,S,S,,,,,S,S,S,S,,S,S,,S,R,,,,S,,,,R,R,S,R,,,R,R,
624_3357,,S,,,,,,S,,,,,,R,,,,,,,R,,,,R,,,R,,,,,R
624_4285,S,R,S,S,R,S,R,,S,,S,R,S,,S,,R,S,S,,,S,S,R,,,,R,R,R,R,,R
624_3197,,S,,,,,,S,,,,,,R,,,,,,,,,,,,,,,,,,,R
624_3654,,R,R,,,,,,,,,S,,S,,,S,,,S,,,,,,R,,,,,,R,
624_136,,S,,,,,,,,,,,S,,,,,,,,S,,,,R,R,,R,,,,R,R
624_3676,,R,R,,,,,,,,,S,,S,,,S,,,S,,,,,,R,,,,,,R,
624_2199,R,S,S,,,,,S,S,S,S,,S,R,,S,R,,,,R,,,,R,S,S,S,,,R,R,
624_4381,S,R,R,S,R,S,R,,S,,S,R,S,,S,,R,S,S,,,S,S,R,,,,S,R,R,R,,S
624_4325,S,R,R,S,R,S,R,,S,,S,R,S,,S,,R,S,S,,,S,S,R,,,,R,R,R,R,,R
624_1899,R,S,S,,,,,S,S,S,S,,S,S,,S,R,,,,S,,,,R,R,S,R,,,R,R,
624_1936,R,S,S,,,,,S,S,S,S,,S,S,,S,R,,,,S,,,,R,S,S,S,,,R,R,
624_3060,,,,,,,,,,,,S,,,,,,,,,R,,,,,,,,,,,,
624_4385,S,R,S,R,R,S,R,,S,,S,R,S,,S,,R,S,S,,,S,S,R,,,,R,R,R,R,,R
624_2039,R,S,S,,,,,S,S,S,S,,S,R,,S,R,,,,R,,,,R,R,S,R,,,R,R,
624_2073,R,S,S,,,,,S,S,S,S,,S,S,,S,R,,,,S,,,,R,R,S,R,,,R,R,
624_3632,,R,R,,,,,,,,,S,,S,,,S,,,S,,,,,,R,,,,,,R,
624_3771,,S,S,,,,,,,,,S,,R,,,S,,,S,,,,,,R,,,,,,R,
624_2077,R,S,S,,,,,S,S,S,S,,S,S,,S,R,,,,S,,,,R,R,S,R,,,R,R,
624_4200,S,R,R,S,R,S,R,,S,,S,R,S,,S,,R,S,S,,,S,S,R,,,,R,R,R,R,,R
624_3657,,R,R,,,,,,,,,S,,S,,,S,,,S,,,,,,R,,,,,,R,
624_1904,S,S,S,,,,,S,S,S,S,,S,S,,S,S,,,,S,,,,S,R,S,S,,,S,R,
624_4423,S,R,R,S,R,S,R,,S,,S,R,S,,R,,R,S,S,,,S,S,R,,,,R,R,R,R,,R
624_1935,R,S,S,,,,,S,S,S,S,,S,S,,S,R,,,,S,,,,R,R,S,R,,,R,R,
624_1916,R,S,S,,,,,S,S,S,S,,S,R,,S,R,,,,R,,,,R,R,S,R,,,R,R,
624_2184,R,S,S,,,,,S,S,S,S,,S,R,,S,R,,,,R,,,,R,R,S,R,,,R,R,
624_3275,,S,,,,,,S,,,,,,S,,,,,,,S,,,,S,,,S,,,,,R
624_2065,R,S,S,,,,,S,S,S,S,,S,R,,S,R,,,,R,,,,R,R,S,R,,,R,R,
624_3592,,S,S,,,,,,,,,S,,R,,,S,,,S,,,,,,S,,,,,,R,
624_2096,,S,S,,,,,S,S,S,S,,S,R,,S,,,,,R,,,,,R,S,R,,,,R,
624_2072,R,S,S,,,,,S,S,S,S,,S,R,,S,R,,,,R,,,,R,R,S,R,,,R,R,
624_1882,R,S,S,,,,,S,S,S,S,,S,R,,S,R,,,,R,,,,R,R,S,R,,,R,R,
624_3382,,S,,,,,,S,,,,,,R,,,,,,,R,,,,R,,,R,,,,,R
624_4376,S,R,R,S,R,S,R,,S,,S,R,S,,S,,R,S,S,,,S,S,R,,,,R,R,S,R,,R
624_2157,R,S,S,,,,,S,S,S,S,,S,S,,S,R,,,,S,,,,R,R,S,R,,,R,R,
624_3278,,S,,,,,,S,,,,,,R,,,,,,,R,,,,S,,,S,,,,,S
624_2011,S,R,S,,,,,R,R,R,R,,S,R,,R,S,,,,R,,,,S,S,R,S,,,S,R,
624_3230,,S,,,,,,S,,,,,,R,,,,,,,,,,,,,,,,,,,R
624_3454,,,,,,,,,,,,,,R,,,,,,,R,,,,,,,,,,,,
624_2180,R,R,S,,,,,R,R,R,R,,S,R,,R,R,,,,R,,,,R,R,R,R,,,R,R,
624_2024,R,S,S,,,,,S,S,S,S,,S,S,,S,R,,,,S,,,,R,R,S,R,,,R,R,
624_1983,R,S,S,,,,,S,S,S,S,,S,R,,S,R,,,,R,,,,R,R,S,R,,,R,R,
624_3393,,S,,,,,,S,,,,,,S,,,,,,,R,,,,R,,,R,,,,,R
624_1995,S,S,S,,,,,S,S,S,S,,S,S,,S,S,,,,S,,,,S,S,S,S,,,S,R,
624_4303,S,R,R,S,R,S,S,,R,,R,R,S,,S,,R,S,S,,,S,S,R,,,,R,R,R,R,,R
624_3566,,R,R,,,,,,,,,S,,S,,,S,,,S,,,,,,R,,,,,,R,
624_2090,,S,S,,,,,S,S,S,S,,S,R,,S,,,,,R,,,,,R,S,R,,,,R,
624_3730,,S,S,,,,,,,,,S,,R,,,S,,,S,,,,,,R,,,,,,R,
624_1890,R,S,S,,,,,S,S,S,S,,S,S,,S,R,,,,S,,,,R,R,S,R,,,R,R,
624_2113,R,S,S,,,,,S,S,S,S,,S,R,,S,R,,,,R,,,,R,R,S,R,,,R,R,
624_3743,,R,R,,,,,,,,,S,,S,,,S,,,S,,,,,,R,,,,,,R,
624_4365,S,R,R,S,R,S,R,,S,,S,R,S,,S,,R,S,S,,,S,S,R,,,,R,R,S,R,,R
624_573,,R,,,,,,,,,,,S,,,,,,,,S,,,,R,,,R,,,,,R
624_3845,,R,S,,,,,,,,,R,,S,,,S,,,S,,,,,,R,,,,,,R,
624_2035,R,S,S,,,,,S,S,S,S,,S,R,,S,R,,,,R,,,,R,R,S,R,,,R,R,
624_3723,,S,S,,,,,,,,,S,,R,,,S,,,S,,,,,,R,,,,,,R,
624_2020,R,R,R,,,,,R,R,R,R,,S,S,,R,R,,,,S,,,,R,R,R,R,,,R,R,
624_4179,S,R,R,S,R,S,R,,S,,S,R,S,,S,,R,S,S,,,S,S,R,,,,R,R,R,R,,R
624_4413,S,R,R,S,R,S,R,,S,,S,R,S,,R,,R,S,S,,,S,S,R,,,,R,R,S,R,,R
624_3905,,S,,,,,,S,,,,,,R,,,,,,,R,,,,,,,,,,,,R
624_4335,S,R,R,S,R,S,R,,S,,S,R,S,,S,,R,S,S,,,S,S,R,,,,R,R,R,R,,R
624_3234,,S,,,,,,S,,,,,,R,,,,,,,,,,,,,,,,,,,R
624_3231,,S,,,,,,S,,,,,,R,,,,,,,,,,,,,,,,,,,R
624_4418,S,R,R,S,R,S,R,,S,,S,R,S,,R,,R,S,S,,,S,S,R,,,,R,R,R,R,,R
624_1999,R,S,S,,,,,S,S,S,S,,S,S,,S,R,,,,S,,,,R,R,S,R,,,R,R,
624_3266,,S,,,,,,S,,,,,,R,,,,,,,R,,,,R,,,R,,,,,R
624_1927,R,S,S,,,,,S,S,S,S,,S,R,,S,R,,,,R,,,,R,R,S,R,,,R,R,
624_4408,S,R,S,S,R,S,R,,S,,S,R,S,,S,,R,S,S,,,S,S,R,,,,R,R,S,R,,R
624_4373,S,R,R,S,R,S,R,,S,,S,R,S,,S,,R,S,S,,,S,S,R,,,,R,R,S,R,,R
624_4265,S,R,S,S,R,S,R,,S,,S,R,S,,S,,S,S,S,,,S,S,R,,,,S,R,R,S,,S
624_1917,R,S,S,,,,,S,S,S,S,,S,S,,S,R,,,,S,,,,R,R,S,R,,,R,R,
624_181,,R,,,,,,,,,,,S,,,,,,,,R,,,,R,,,R,,,,,R
624_1946,R,S,S,,,,,S,S,S,S,,S,S,,S,R,,,,S,,,,R,R,S,R,,,R,R,
624_1906,R,S,S,,,,,S,S,S,S,,S,R,,S,R,,,,R,,,,R,S,S,S,,,R,R,
624_3438,,S,,,,,,S,,,,,,R,,,,,,,R,,,,R,,,R,,,,,R
624_2158,R,R,R,,,,,R,R,R,R,,S,S,,R,R,,,,S,,,,R,R,R,R,,,R,R,
624_4359,S,R,S,S,R,S,R,,S,,S,R,S,,S,,R,S,S,,,S,S,R,,,,R,R,R,R,,R
624_3177,,S,,,,,,S,,,,,,R,,,,,,,,,,,,,,,,,,,R
624_3682,,R,S,,,,,,,,,S,,S,,,S,,,S,,,,,,R,,,,,,R,
624_2126,R,R,R,,,,,R,R,R,R,,S,S,,R,R,,,,S,,,,R,R,R,R,,,R,R,
624_4247,S,R,R,S,R,S,R,,S,,S,R,S,,S,,R,S,S,,,S,S,R,,,,R,R,R,R,,R
624_2052,R,S,S,,,,,S,S,S,S,,S,S,,S,R,,,,S,,,,R,R,S,R,,,R,R,
624_4421,S,R,R,R,R,S,R,,R,,S,R,S,,S,,R,S,S,,,S,S,R,,,,R,R,S,R,,R
624_2007,S,S,S,,,,,S,S,S,S,,S,S,,S,S,,,,S,,,,S,S,S,S,,,S,R,
624_2089,R,R,R,,,,,R,R,R,R,,S,S,,R,R,,,,S,,,,R,R,R,R,,,R,R,
624_2148,R,S,S,,,,,S,S,S,S,,S,S,,S,R,,,,S,,,,R,R,S,R,,,R,R,
624_4347,S,R,R,S,R,S,R,,S,,S,R,S,,S,,R,S,S,,,S,S,R,,,,R,R,R,R,,R
624_3732,,S,S,,,,,,,,,S,,S,,,S,,,S,,,,,,R,,,,,,R,
624_3619,,S,S,,,,,,,,,S,,S,,,S,,,S,,,,,,R,,,,,,R,
624_1894,R,R,R,,,,,R,R,R,R,,S,S,,R,R,,,,S,,,,R,R,R,R,,,R,R,
624_171,,S,,,,,,,,,,,S,,,,,,,,S,,,,S,S,,R,,,,S,S
624_3058,,,,,,,,,,,,S,,,,,,,,,R,,,,,,,,,,,,
624_3788,,S,S,,,,,,,,,S,,S,,,S,,,S,,,,,,R,,,,,,R,
624_2201,R,R,R,,,,,R,R,R,R,,S,S,,R,R,,,,S,,,,R,R,R,R,,,R,R,
624_3702,,S,S,,,,,,,,,S,,S,,,S,,,S,,,,,,S,,,,,,R,
624_3412,,S,,,,,,S,,,,,,R,,,,,,,R,,,,R,,,R,,,,,R
624_3346,,S,,,,,,S,,,,,,R,,,,,,,R,,,,R,,,R,,,,,R
624_3700,,R,S,,,,,,,,,R,,S,,,R,,,S,,,,,,R,,,,,,R,
624_174,,R,,,,,,,,,,,S,,,,,,,,S,,,,R,,,S,,,,,R
624_285,,S,,,,,,,,,,,S,,,,,,,,,,,,S,,,R,,,,,R
624_3712,,R,R,,,,,,,,,S,,S,,,S,,,S,,,,,,R,,,,,,R,
624_4346,S,R,R,S,R,S,R,,S,,S,R,S,,S,,R,S,S,,,S,S,R,,,,R,R,R,R,,R
624_4241,S,R,R,R,R,S,R,,S,,S,R,S,,S,,R,S,S,,,S,S,R,,,,R,R,R,R,,R
624_4391,S,R,R,S,R,S,R,,S,,S,R,S,,S,,R,S,S,,,S,S,R,,,,R,R,R,R,,R
624_1974,R,S,S,,,,,S,S,S,S,,S,R,,S,R,,,,R,,,,R,R,S,R,,,R,R,
624_4362,S,R,R,S,R,S,R,,S,,S,R,S,,S,,R,S,S,,,S,S,R,,,,R,R,R,R,,R
624_3467,,S,,,,,,S,,,,,,R,,,,,,,R,,,,,,,,,,,,R
624_3200,,S,,,,,,S,,,,,,R,,,,,,,,,,,,,,,,,,,R
624_3784,,R,R,,,,,,,,,S,,S,,,S,,,S,,,,,,S,,,,,,R,
624_2140,S,S,S,,,,,S,S,S,S,,S,S,,S,S,,,,S,,,,S,S,S,S,,,S,R,
624_4400,S,R,R,R,R,S,R,,S,,S,R,S,,R,,R,S,S,,,S,S,R,,,,R,R,R,R,,R
624_4170,S,R,R,R,R,S,R,,S,,S,R,S,,S,,R,S,S,,,S,S,R,,,,S,R,R,R,,R
624_1933,R,S,S,,,,,S,S,S,S,,S,S,,S,R,,,,S,,,,R,R,S,R,,,R,R,
624_3339,,S,,,,,,S,,,,,,R,,,,,,,R,,,,R,,,R,,,,,R
624_437,,S,,,,,,,,,,,S,,,,,,,,S,,,,S,S,,S,,,,S,S
624_1960,S,R,S,,,,,R,R,R,R,,R,S,,R,S,,,,S,,,,S,R,R,R,,,S,R,
624_3729,,S,S,,,,,,,,,S,,R,,,S,,,S,,,,,,R,,,,,,R,
624_3846,,R,S,,,,,,,,,R,,R,,,S,,,S,,,,,,R,,,,,,R,
624_2023,R,S,S,,,,,S,S,S,S,,S,R,,S,R,,,,R,,,,R,S,S,S,,,R,R,
624_3555,,S,S,,,,,,,,,S,,S,,,S,,,S,,,,,,S,,,,,,S,
624_2006,R,S,S,,,,,S,S,S,S,,S,S,,S,R,,,,S,,,,R,R,S,R,,,R,R,
624_1949,R,R,R,,,,,R,R,R,R,,S,R,,R,R,,,,R,,,,R,R,R,R,,,R,R,
624_2189,R,S,S,,,,,S,S,S,S,,S,S,,S,R,,,,S,,,,R,R,S,R,,,R,R,
624_2082,R,R,S,,,,,R,R,R,R,,S,R,,R,R,,,,R,,,,R,R,R,R,,,R,R,
624_2169,R,S,S,,,,,S,S,S,S,,S,R,,S,R,,,,R,,,,R,R,S,R,,,R,R,
624_2060,R,R,R,,,,,R,R,R,R,,S,S,,R,R,,,,S,,,,R,R,R,S,,,R,R,
624_2146,R,S,S,,,,,S,S,S,S,,S,R,,S,R,,,,R,,,,R,R,S,R,,,R,R,
624_3432,,S,,,,,,S,,,,,,R,,,,,,,R,,,,R,,,R,,,,,R
624_4222,S,R,R,S,R,S,R,,S,,S,R,S,,S,,R,S,S,,,S,S,R,,,,R,R,R,R,,R
624_4409,S,R,R,S,R,S,R,,S,,S,R,S,,R,,R,S,S,,,S,S,R,,,,R,R,R,R,,R
624_3057,,,,,,,,,,,,S,,,,,,,,,S,,,,,,,,,,,,
624_1981,R,S,S,,,,,S,S,S,S,,S,R,,S,R,,,,R,,,,R,R,S,R,,,R,R,
624_3603,,S,S,,,,,,,,,S,,S,,,S,,,S,,,,,,S,,,,,,R,
624_1986,,S,S,,,,,S,S,S,S,,S,R,,S,,,,,R,,,,,R,S,R,,,,R,
624_2010,S,S,S,,,,,S,S,S,S,,S,S,,S,S,,,,S,,,,S,S,S,S,,,S,R,
624_2162,R,S,S,,,,,S,S,S,S,,S,R,,S,R,,,,R,,,,R,R,S,R,,,R,R,
624_1911,R,R,S,,,,,R,R,R,R,,R,R,,R,R,,,,R,,,,R,R,R,R,,,R,R,
624_1985,R,R,R,,,,,R,R,R,R,,S,R,,R,R,,,,R,,,,R,R,R,R,,,R,R,
624_3284,,S,,,,,,S,,,,,,S,,,,,,,R,,,,R,,,R,,,,,R
624_4298,S,R,S,S,R,S,R,,S,,S,R,S,,S,,R,S,S,,,S,S,R,,,,R,R,R,R,,R
624_2076,R,S,S,,,,,S,S,S,S,,S,R,,S,R,,,,R,,,,R,R,S,R,,,R,R,
624_3707,,R,R,,,,,,,,,S,,S,,,S,,,S,,,,,,R,,,,,,R,
624_4207,S,R,R,S,R,S,R,,S,,S,R,S,,S,,R,S,S,,,S,S,R,,,,R,R,R,R,,R
624_4395,S,R,R,S,R,S,R,,S,,S,R,S,,R,,R,S,S,,,S,S,R,,,,R,R,R,R,,R
624_3191,,S,,,,,,S,,,,,,R,,,,,,,,,,,,,,,,,,,R
624_4177,S,R,R,S,R,S,R,,S,,S,R,S,,S,,R,S,S,,,S,S,R,,,,R,R,R,R,,R
624_3813,,S,S,,,,,,,,,S,,S,,,S,,,S,,,,,,R,,,,,,R,
624_2176,S,S,S,,,,,S,S,S,S,,S,R,,S,S,,,,R,,,,S,S,S,S,,,S,R,
624_3774,,R,R,,,,,,,,,S,,S,,,S,,,S,,,,,,R,,,,,,R,
624_233,,S,,,,,,,,,,,S,,,,,,,,S,,,,R,R,,R,,,,R,R
624_3584,,S,S,,,,,,,,,S,,R,,,S,,,S,,,,,,S,,,,,,R,
624_4175,S,R,R,R,R,S,R,,S,,S,R,S,,S,,R,S,S,,,S,S,R,,,,R,R,R,R,,R
624_3477,,,,,,,,,,,,,,R,,,,,,,R,,,,,,,,,,,,
624_4422,S,R,R,S,R,S,R,,S,,S,R,S,,R,,R,S,S,,,S,S,R,,,,R,R,R,R,,R
624_3118,,,,,,,,,,,,R,,,,,,,,,R,,,,,,,,,,,,
624_375,,R,,,,,,,,,,,S,,,,,,,,S,,,,R,R,,S,,,,S,
624_3434,,S,,,,,,S,,,,,,R,,,,,,,R,,,,S,,,S,,,,,S
624_4261,S,R,S,R,R,R,R,,S,,R,R,S,,S,,S,S,S,,,S,S,R,,,,S,R,R,S,,S
624_3791,,S,S,,,,,,,,,S,,S,,,S,,,S,,,,,,R,,,,,,R,
624_2100,,S,S,,,,,S,S,S,S,,S,R,,S,,,,,R,,,,,R,S,R,,,,R,
624_4374,R,R,R,S,R,S,R,,S,,S,R,S,,S,,R,S,S,,,S,S,R,,,,R,R,S,R,,R
624_3436,,S,,,,,,S,,,,,,R,,,,,,,R,,,,R,,,R,,,,,R
624_3833,,S,S,,,,,,,,,S,,S,,,S,,,S,,,,,,R,,,,,,R,
624_3640,,R,R,,,,,,,,,S,,S,,,S,,,S,,,,,,R,,,,,,R,
624_3831,,S,S,,,,,,,,,S,,S,,,S,,,S,,,,,,S,,,,,,R,
624_3313,,S,,,,,,S,,,,,,R,,,,,,,R,,,,S,,,S,,,,,S
624_2069,S,S,S,,,,,S,S,S,S,,S,R,,S,S,,,,R,,,,S,S,S,S,,,S,R,
624_4262,S,S,S,S,S,S,S,,S,,S,S,S,,S,,S,S,S,,,S,S,S,,,,R,S,S,S,,R
624_3589,,S,S,,,,,,,,,S,,S,,,S,,,S,,,,,,R,,,,,,R,
624_3815,,R,R,,,,,,,,,S,,S,,,S,,,S,,,,,,R,,,,,,R,
624_3345,,S,,,,,,S,,,,,,R,,,,,,,R,,,,S,,,S,,,,,S
624_3718,,R,R,,,,,,,,,S,,S,,,S,,,S,,,,,,R,,,,,,R,
624_3059,,,,,,,,,,,,R,,,,,,,,,R,,,,,,,,,,,,
624_1922,R,S,S,,,,,S,S,S,S,,S,R,,S,R,,,,R,,,,R,R,S,R,,,R,R,
624_534,,R,,,,,,,,,,,S,,,,,,,,R,,,,R,,,R,,,,,R
624_3087,,,,,,,,,,,,R,,,,,,,,,R,,,,,,,,,,,,
624_3809,,S,S,,,,,,,,,S,,S,,,S,,,S,,,,,,S,,,,,,S,
624_2156,R,R,R,,,,,R,R,R,R,,S,S,,R,R,,,,S,,,,R,R,R,R,,,R,R,
624_3673,,R,R,,,,,,,,,S,,S,,,S,,,S,,,,,,R,,,,,,R,
624_3667,,R,R,,,,,,,,,S,,S,,,S,,,S,,,,,,R,,,,,,R,
624_1956,R,S,S,,,,,S,S,S,S,,S,S,,S,R,,,,S,,,,R,R,S,R,,,R,R,
624_113,,R,,,,,,,,,,,S,,,,,,,,R,,,,S,S,,S,,,,R,
624_4260,S,S,S,S,S,S,S,,S,,S,S,S,,S,,S,S,S,,,S,S,S,,,,S,S,S,S,,S
624_1991,R,S,S,,,,,S,S,S,S,,S,S,,S,R,,,,S,,,,R,R,S,R,,,R,R,
624_1961,S,S,S,,,,,S,S,S,S,,S,S,,S,S,,,,S,,,,S,S,S,S,,,S,S,
624_2051,R,S,S,,,,,S,S,S,S,,S,R,,S,R,,,,R,,,,R,R,S,R,,,R,R,
624_4182,S,R,R,S,R,S,R,,S,,S,R,S,,S,,R,S,S,,,S,S,R,,,,R,R,R,R,,R
624_3557,,R,R,,,,,,,,,S,,S,,,S,,,S,,,,,,R,,,,,,R,
624_3814,,R,S,,,,,,,,,S,,S,,,S,,,S,,,,,,R,,,,,,R,
624_4383,S,R,R,S,R,S,R,,S,,S,R,S,,S,,R,S,S,,,S,S,R,,,,R,R,S,R,,R
624_1908,R,S,S,,,,,S,S,S,S,,S,R,,S,R,,,,R,,,,R,R,S,R,,,R,R,
624_3575,,S,S,,,,,,,,,S,,S,,,S,,,S,,,,,,R,,,,,,R,
624_3408,,R,,,,,,S,,,,,,R,,,,,,,R,,,,R,,,R,,,,,R
624_3873,,R,R,,,,,,,,,S,,S,,,S,,,S,,,,,,R,,,,,,R,
624_3560,,R,R,,,,,,,,,S,,S,,,S,,,S,,,,,,R,,,,,,R,
624_3025,,,,,,,,,,,,R,,,,,,,,,R,,,,,,,,,,,,
624_1920,R,S,S,,,,,S,S,S,S,,S,R,,S,R,,,,R,,,,R,R,S,R,,,R,R,
624_3355,,R,,,,,,S,,,,,,R,,,,,,,R,,,,R,,,R,,,,,R
624_3161,,,,,,,,,,,,R,,,,,,,,,R,,,,,,,,,,,,
624_1990,R,R,S,,,,,R,R,R,R,,S,S,,R,R,,,,S,,,,R,R,R,R,,,R,R,
624_4301,S,R,S,S,R,S,R,,S,,S,R,S,,S,,R,S,S,,,S,S,R,,,,R,R,S,R,,R
624_1940,,S,S,,,,,S,S,S,S,,S,R,,S,,,,,R,,,,,R,S,R,,,,R,
624_4293,S,R,S,S,R,S,R,,S,,S,R,S,,S,,R,S,S,,,S,S,R,,,,R,R,S,R,,R
624_3724,,R,R,,,,,,,,,S,,R,,,S,,,S,,,,,,R,,,,,,R,
624_1891,S,S,S,,,,,S,S,S,S,,S,S,,S,S,,,,S,,,,S,S,S,S,,,S,R,
624_226,,S,,,,,,,,,,,S,,,,,,,,S,,,,S,S,,S,,,,S,S
624_3650,,R,R,,,,,,,,,S,,S,,,S,,,S,,,,,,R,,,,,,R,
624_3826,,R,R,,,,,,,,,S,,S,,,S,,,S,,,,,,R,,,,,,R,
624_3383,,S,,,,,,S,,,,,,R,,,,,,,R,,,,S,,,S,,,,,S
624_3634,,R,R,,,,,,,,,S,,S,,,S,,,S,,,,,,R,,,,,,R,
624_3407,,S,,,,,,S,,,,,,R,,,,,,,R,,,,R,,,R,,,,,R
624_4214,S,R,R,S,R,S,R,,S,,S,R,S,,S,,R,S,S,,,S,S,R,,,,R,R,R,R,,R
624_3565,,R,R,,,,,,,,,S,,S,,,S,,,S,,,,,,R,,,,,,R,
624_4417,S,R,R,S,R,S,R,,S,,S,R,S,,R,,R,S,S,,,S,S,R,,,,R,R,R,R,,R
624_1919,S,R,S,,,,,R,R,R,R,,S,R,,R,S,,,,R,,,,S,S,R,S,,,S,R,
624_4216,S,R,S,S,R,S,R,,S,,S,R,S,,S,,S,S,S,,,S,S,R,,,,R,R,S,S,,R
624_3433,,S,,,,,,S,,,,,,R,,,,,,,R,,,,S,,,S,,,,,S
624_3539,,R,S,,,,,,,,,R,,S,,,S,,,S,,,,,,R,,,,,,R,
624_3285,,S,,,,,,S,,,,,,R,,,,,,,R,,,,R,,,R,,,,,R
624_3711,,R,R,,,,,,,,,S,,S,,,S,,,S,,,,,,R,,,,,,R,
624_1941,R,S,S,,,,,S,S,S,S,,S,S,,S,R,,,,S,,,,R,R,S,R,,,R,R,
624_3765,,S,S,,,,,,,,,S,,S,,,S,,,S,,,,,,R,,,,,,R,
624_4235,S,R,R,S,R,S,R,,S,,S,R,S,,S,,R,S,S,,,S,S,R,,,,R,R,R,R,,R
624_3853,,S,S,,,,,,,,,S,,S,,,S,,,S,,,,,,S,,,,,,S,
624_3046,,,,,,,,,,,,R,,,,,,,,,R,,,,,,,,,,,,
624_2016,R,R,S,,,,,R,R,R,R,,S,S,,R,R,,,,S,,,,R,R,R,R,,,R,R,
624_4251,S,R,R,S,R,S,R,,S,,S,R,S,,S,,R,S,S,,,S,S,R,,,,R,R,R,R,,R
624_3337,,S,,,,,,S,,,,,,R,,,,,,,R,,,,R,,,R,,,,,R
624_2050,R,S,S,,,,,S,S,S,S,,S,R,,S,R,,,,R,,,,R,R,S,R,,,R,R,
624_3302,,R,,,,,,S,,,,,,R,,,,,,,R,,,,R,,,R,,,,,R
624_3399,,S,,,,,,S,,,,,,S,,,,,,,R,,,,R,,,R,,,,,R
624_3701,,R,R,,,,,,,,,S,,S,,,S,,,S,,,,,,R,,,,,,R,
624_2019,,S,S,,,,,S,S,S,S,,S,R,,S,,,,,R,,,,,R,S,R,,,,R,
624_3843,,S,S,,,,,,,,,S,,R,,,S,,,S,,,,,,R,,,,,,R,
624_3798,,S,S,,,,,,,,,S,,S,,,S,,,S,,,,,,S,,,,,,R,
624_1998,R,S,S,,,,,S,S,S,S,,S,S,,S,R,,,,S,,,,R,R,S,R,,,R,R,
624_3439,,S,,,,,,S,,,,,,R,,,,,,,R,,,,R,,,R,,,,,R
624_3674,,R,R,,,,,,,,,R,,S,,,S,,,S,,,,,,R,,,,,,R,
624_1964,R,S,S,,,,,S,S,S,S,,S,S,,S,R,,,,S,,,,R,R,S,R,,,R,R,
624_4331,S,R,R,S,R,S,R,,S,,S,R,S,,S,,R,S,S,,,S,S,R,,,,R,R,R,R,,R
624_140,,R,,,,,,,,,,,S,,,,,,,,S,,,,R,,,R,,,,,R
624_3035,,,,,,,,,,,,R,,,,,,,,,R,,,,,,,,,,,,
624_3792,,S,S,,,,,,,,,S,,S,,,S,,,S,,,,,,R,,,,,,R,
624_1873,R,S,S,,,,,S,S,S,S,,S,R,,S,R,,,,R,,,,R,R,S,R,,,R,R,
624_1883,,S,S,,,,,S,S,S,S,,S,R,,S,,,,,R,,,,,R,S,R,,,,R,
624_3476,,R,,,,,,R,,,,,,R,,,,,,,R,,,,,,,,,,,,R
624_3586,,R,S,,,,,,,,,R,,S,,,S,,,S,,,,,,R,,,,,,R,
624_3106,,,,,,,,,,,,S,,,,,,,,,S,,,,,,,,,,,,
624_2110,R,S,S,,,,,S,S,S,S,,S,S,,S,R,,,,S,,,,R,R,S,R,,,R,R,
624_3679,,R,R,,,,,,,,,R,,S,,,S,,,S,,,,,,R,,,,,,R,
624_4205,S,R,R,S,R,S,R,,S,,S,R,S,,S,,R,S,S,,,S,S,R,,,,R,R,R,R,,R
624_3290,,S,,,,,,S,,,,,,R,,,,,,,R,,,,S,,,S,,,,,S
624_2145,R,R,S,,,,,R,R,R,R,,S,R,,R,R,,,,R,,,,R,R,R,R,,,R,R,
624_429,,S,,,,,,,,,,,S,,,,,,,,S,,,,S,S,,S,,,,S,S
624_4300,S,R,S,R,R,S,R,,S,,S,R,S,,S,,S,S,S,,,S,S,R,,,,S,R,R,S,,R
624_4313,S,R,R,R,R,S,R,,S,,S,R,S,,S,,R,S,S,,,S,S,R,,,,R,R,R,R,,R
624_3762,,R,R,,,,,,,,,R,,R,,,,,,S,,,,,,R,,,,,,R,
624_3394,,S,,,,,,S,,,,,,R,,,,,,,R,,,,R,,,R,,,,,R
624_1897,R,S,S,,,,,S,S,S,S,,S,R,,S,R,,,,R,,,,R,R,S,R,,,R,R,
624_3130,,,,,,,,,,,,S,,,,,,,,,S,,,,,,,,,,,,
624_3612,,R,R,,,,,,,,,S,,S,,,S,,,S,,,,,,R,,,,,,R,
624_2101,R,R,R,,,,,R,R,R,R,,S,R,,R,R,,,,R,,,,R,R,R,R,,,R,R,
624_583,,R,,,,,,,,,,,S,,,,,,,,S,,,,S,S,,S,,,,S,
624_3379,,S,,,,,,S,,,,,,R,,,,,,,R,,,,S,,,S,,,,,S
624_3185,,S,,,,,,S,,,,,,R,,,,,,,,,,,,,,,,,,,R
624_4191,S,R,R,S,R,S,R,,S,,S,R,S,,S,,R,S,S,,,S,S,R,,,,R,R,R,R,,R
624_4375,S,R,S,S,R,S,R,,S,,S,R,S,,S,,R,S,S,,,S,S,R,,,,R,R,R,R,,R
624_3370,,S,,,,,,S,,,,,,R,,,,,,,R,,,,R,,,R,,,,,R
624_4188,S,R,R,S,R,S,R,,S,,S,R,S,,S,,R,S,S,,,S,S,R,,,,R,R,S,R,,R
624_2087,R,S,S,,,,,S,S,S,S,,S,S,,S,R,,,,S,,,,R,R,S,R,,,R,R,
624_3806,,R,R,,,,,,,,,S,,S,,,S,,,S,,,,,,R,,,,,,R,
624_1409,,,S,,,,,,,,,,,,,,,,,,,,,,,,,,,,,,
624_4278,S,R,S,S,R,S,R,,S,,S,R,S,,S,,R,S,S,,,S,S,R,,,,R,R,R,R,,R
624_3119,,,,,,,,,,,,R,,,,,,,,,R,,,,,,,,,,,,
624_589,,S,,,,,,,,,,,S,,,,,,,,S,,,,S,S,,S,,,,S,S
624_3236,,S,,,,,,S,,,,,,R,,,,,,,,,,,,,,,,,,,R
624_349,,S,,,,,,,,,,,S,,,,,,,,S,,,,R,R,,R,,,,R,R
624_3080,,,,,,,,,,,,R,,,,,,,,,R,,,,,,,,,,,,
624_3839,,S,S,,,,,,,,,S,,R,,,S,,,S,,,,,,R,,,,,,R,
624_4231,S,R,R,S,R,S,R,,S,,S,R,S,,S,,R,S,S,,,S,S,R,,,,R,R,R,R,,R
624_4173,S,R,R,S,R,S,S,,S,,S,R,S,,S,,R,S,S,,,S,S,R,,,,R,R,S,R,,S
624_3722,,S,S,,,,,,,,,S,,S,,,S,,,S,,,,,,S,,,,,,R,
624_1881,R,S,S,,,,,S,S,S,S,,S,R,,S,R,,,,R,,,,R,R,S,R,,,R,R,
624_2099,R,S,S,,,,,S,S,S,S,,S,R,,S,R,,,,R,,,,R,R,S,R,,,R,R,
624_3691,,R,R,,,,,,,,,S,,S,,,S,,,S,,,,,,R,,,,,,R,
624_131,,R,,,,,,,,,,,S,,,,,,,,S,,,,S,R,,R,,,,S,
624_3322,,S,,,,,,S,,,,,,R,,,,,,,R,,,,R,,,R,,,,,R
624_3388,,S,,,,,,S,,,,,,R,,,,,,,R,,,,R,,,S,,,,,S
624_1926,R,S,S,,,,,S,S,S,S,,S,R,,S,R,,,,R,,,,R,R,S,R,,,R,R,
624_3367,,S,,,,,,S,,,,,,R,,,,,,,R,,,,R,,,R,,,,,R
624_3274,,S,,,,,,S,,,,,,R,,,,,,,R,,,,R,,,R,,,,,R
624_535,,R,,,,,,,,,,,S,,,,,,,,S,,,,R,,,R,,,,,R
624_3326,,S,,,,,,S,,,,,,R,,,,,,,R,,,,S,,,S,,,,,S
624_3624,,R,R,,,,,,,,,S,,S,,,S,,,S,,,,,,R,,,,,,R,
624_3365,,S,,,,,,S,,,,,,R,,,,,,,R,,,,S,,,S,,,,,S
624_2078,R,R,R,,,,,R,R,R,R,,S,R,,R,R,,,,R,,,,R,R,R,R,,,R,R,
624_1938,R,S,S,,,,,S,S,S,S,,S,S,,S,R,,,,S,,,,R,R,S,R,,,R,R,
624_4317,S,R,R,R,R,S,S,,R,,R,R,S,,S,,R,S,S,,,S,S,R,,,,R,R,R,R,,R
624_2123,R,S,S,,,,,S,S,S,S,,S,S,,S,R,,,,S,,,,R,R,S,R,,,R,R,
624_3202,,S,,,,,,S,,,,,,R,,,,,,,,,,,,,,,,,,,R
624_353,,S,,,,,,,,,,,S,,,,,,,,S,,,,R,R,,R,,,,R,R
624_2022,R,S,S,,,,,S,S,S,S,,S,S,,S,R,,,,S,,,,R,R,S,R,,,R,R,
624_3750,,S,S,,,,,,,,,R,,R,,,S,,,S,,,,,,R,,,,,,R,
624_3652,,R,R,,,,,,,,,S,,S,,,S,,,S,,,,,,R,,,,,,R,
624_2068,,S,S,,,,,S,S,S,S,,S,R,,S,,,,,R,,,,,R,S,R,,,,R,
624_3040,,,,,,,,,,,,R,,,,,,,,,R,,,,,,,,,,,,
624_3678,,S,S,,,,,,,,,S,,S,,,S,,,S,,,,,,S,,,,,,R,
624_4396,S,R,S,S,R,S,R,,S,,S,R,S,,S,,R,S,S,,,S,S,R,,,,R,R,R,R,,R
624_2155,S,S,S,,,,,S,S,S,S,,S,R,,S,S,,,,R,,,,S,S,S,S,,,S,R,
624_3630,,R,R,,,,,,,,,S,,S,,,S,,,S,,,,,,R,,,,,,R,
624_4273,S,R,R,S,R,S,S,,R,,R,R,S,,S,,R,S,S,,,S,S,R,,,,R,R,R,R,,R
624_4239,S,R,R,S,R,S,R,,S,,S,R,S,,S,,R,S,S,,,S,S,R,,,,R,R,R,R,,R
624_3781,,S,S,,,,,,,,,S,,S,,,S,,,S,,,,,,R,,,,,,R,
624_3805,,S,S,,,,,,,,,S,,S,,,S,,,S,,,,,,R,,,,,,R,
624_104,,R,,,,,,,,,,,R,,,,,,,,S,,,,R,S,,R,,,,S,S
624_2159,R,S,S,,,,,S,S,S,S,,S,R,,S,R,,,,R,,,,R,R,S,R,,,R,R,
624_4402,S,R,R,S,R,S,R,,S,,S,R,S,,S,,R,S,S,,,S,S,R,,,,R,R,S,R,,R
624_3311,,S,,,,,,S,,,,,,R,,,,,,,R,,,,S,,,S,,,,,S
624_3468,,R,,,,,,R,,,,,,R,,,,,,,R,,,,,,,,,,,,R
624_4228,S,R,R,S,R,S,R,,S,,S,R,S,,S,,R,S,S,,,S,S,R,,,,R,R,R,R,,R
624_3546,,S,S,,,,,,,,,S,,S,,,S,,,S,,,,,,S,,,,,,R,
624_3314,,R,,,,,,S,,,,,,R,,,,,,,R,,,,R,,,R,,,,,R
624_3631,,S,S,,,,,,,,,S,,S,,,S,,,S,,,,,,R,,,,,,R,
624_4389,S,R,R,S,R,S,R,,S,,S,R,S,,R,,R,S,S,,,S,S,R,,,,R,R,S,R,,R
624_4255,S,R,R,S,R,S,R,,S,,S,R,S,,S,,R,S,S,,,S,S,R,,,,R,R,R,R,,R
624_3795,,S,S,,,,,,,,,S,,S,,,S,,,S,,,,,,S,,,,,,R,
624_3698,,R,R,,,,,,,,,S,,S,,,S,,,S,,,,,,R,,,,,,R,
624_2002,R,S,S,,,,,S,S,S,S,,S,S,,S,R,,,,S,,,,R,R,S,R,,,R,R,
624_4384,S,R,R,S,R,S,R,,S,,S,R,S,,S,,R,S,S,,,S,S,R,,,,S,R,R,R,,S
624_3028,,,,,,,,,,,,R,,,,,,,,,R,,,,,,,,,,,,
624_3779,,R,R,,,,,,,,,S,,S,,,S,,,S,,,,,,R,,,,,,R,
624_2058,S,R,S,,,,,R,R,R,R,,R,S,,R,S,,,,S,,,,S,R,R,R,,,S,R,
624_3320,,R,,,,,,R,,,,,,R,,,,,,,R,,,,R,,,R,,,,,R
624_2028,R,R,S,,,,,R,R,R,R,,S,R,,R,R,,,,R,,,,R,R,R,R,,,R,R,
624_3431,,S,,,,,,S,,,,,,R,,,,,,,R,,,,R,,,R,,,,,R
624_4338,S,R,R,S,R,S,R,,S,,S,R,S,,S,,R,S,S,,,S,S,R,,,,R,R,R,R,,R
624_2132,R,S,S,,,,,S,S,S,S,,S,R,,S,R,,,,R,,,,R,R,S,R,,,R,R,
624_2036,R,S,S,,,,,S,S,S,S,,S,S,,S,R,,,,S,,,,R,R,S,R,,,R,R,
624_3328,,R,,,,,,S,,,,,,R,,,,,,,R,,,,R,,,R,,,,,R
624_3609,,R,R,,,,,,,,,S,,S,,,S,,,S,,,,,,R,,,,,,R,
624_3199,,S,,,,,,S,,,,,,R,,,,,,,,,,,,,,,,,,,R
624_3487,,,,,,,,,,,,,,S,,,,,,,S,,,,,,,,,,,,
624_3835,,S,R,,,,,,,,,S,,R,,,S,,,S,,,,,,R,,,,,,R,
624_2083,R,S,S,,,,,S,S,S,S,,S,R,,S,R,,,,R,,,,R,R,S,R,,,R,R,
624_2074,R,R,R,,,,,R,R,R,R,,S,R,,R,R,,,,R,,,,R,R,R,R,,,R,R,
624_3581,,R,R,,,,,,,,,S,,R,,,S,,,S,,,,,,R,,,,,,R,
624_1982,S,S,R,,,,,S,S,S,S,,S,R,,S,S,,,,R,,,,S,R,S,S,,,S,R,
624_4399,S,R,R,S,R,S,R,,S,,S,R,S,,R,,R,S,S,,,S,S,R,,,,R,R,R,R,,R
624_3194,,S,,,,,,S,,,,,,R,,,,,,,,,,,,,,,,,,,R
624_3675,,R,S,,,,,,,,,R,,S,,,S,,,S,,,,,,R,,,,,,R,
624_3392,,S,,,,,,S,,,,,,R,,,,,,,R,,,,R,,,R,,,,,R
624_4268,S,R,S,R,R,S,R,,S,,S,R,S,,S,,S,S,S,,,S,S,R,,,,S,R,R,S,,S
624_2040,R,R,R,,,,,R,R,R,R,,S,S,,R,R,,,,S,,,,R,R,R,R,,,R,R,
624_3763,,R,R,,,,,,,,,S,,S,,,S,,,S,,,,,,R,,,,,,R,
624_3358,,S,,,,,,S,,,,,,R,,,,,,,R,,,,R,,,R,,,,,R
624_3878,,S,S,,,,,,,,,S,,S,,,S,,,S,,,,,,R,,,,,,R,
624_3863,,R,R,,,,,,,,,S,,R,,,S,,,S,,,,,,R,,,,,,R,
624_3744,,R,R,,,,,,,,,S,,S,,,S,,,S,,,,,,R,,,,,,R,
624_1973,R,R,S,,,,,R,R,R,R,,S,R,,R,R,,,,R,,,,R,R,R,R,,,R,R,
624_1884,R,R,R,,,,,R,R,R,R,,S,S,,R,R,,,,S,,,,R,R,R,R,,,R,R,
624_3706,,S,S,,,,,,,,,S,,S,,,S,,,S,,,,,,R,,,,,,R,
624_4330,S,R,R,S,R,S,R,,S,,S,R,S,,S,,R,S,S,,,S,S,R,,,,R,R,R,R,,R
624_4248,S,S,S,S,S,S,S,,S,,S,S,S,,S,,S,S,S,,,S,S,S,,,,R,S,S,S,,R
624_2071,R,S,S,,,,,S,S,S,S,,S,R,,S,R,,,,R,,,,R,R,S,R,,,R,R,
624_3660,,S,S,,,,,,,,,S,,S,,,S,,,S,,,,,,S,,,,,,S,
624_4327,S,R,R,S,R,S,R,,S,,S,R,S,,S,,R,S,S,,,S,S,R,,,,R,R,R,R,,R
624_4398,S,R,R,S,R,S,R,,S,,S,R,S,,R,,R,S,S,,,S,S,R,,,,R,R,S,R,,R
624_3856,,S,S,,,,,,,,,S,,R,,,S,,,S,,,,,,R,,,,,,R,
624_3145,,,,,,,,,,,,R,,,,,,,,,R,,,,,,,,,,,,
624_3244,,,,,,,,,,,,,,S,,,,,,,,,,,,,,,,,,,R
624_1944,S,R,S,,,,,R,R,R,R,,R,S,,R,S,,,,S,,,,S,R,R,R,,,S,R,
624_3527,,,,,,,,,,,,,,R,,,,,,,R,,,,,,,,,,,,
624_4192,S,R,R,S,R,S,R,,S,,S,R,S,,S,,R,S,S,,,S,S,R,,,,R,R,R,R,,R
624_4419,S,S,S,S,S,S,S,,S,,S,S,S,,S,,S,S,S,,,S,S,S,,,,R,S,S,S,,R
624_3613,,R,R,,,,,,,,,S,,S,,,S,,,S,,,,,,R,,,,,,R,
624_3735,,R,R,,,,,,,,,S,,S,,,S,,,S,,,,,,R,,,,,,R,
624_4316,S,R,S,S,R,S,R,,S,,S,R,S,,S,,R,S,S,,,S,S,R,,,,R,R,R,R,,R
624_3783,,S,S,,,,,,,,,S,,S,,,S,,,S,,,,,,S,,,,,,S,
624_4430,S,S,S,S,R,S,S,,S,,S,S,S,,S,,S,S,S,,,S,S,S,,,,R,S,R,S,,R
624_3232,,S,,,,,,S,,,,,,R,,,,,,,,,,,,,,,,,,,R
624_3717,,R,R,,,,,,,,,S,,S,,,S,,,S,,,,,,R,,,,,,R,
624_485,,S,,,,,,,,,,,S,,,,,,,,S,,,,S,S,,S,,,,S,S
624_2061,R,S,S,,,,,S,S,S,S,,S,S,,S,R,,,,S,,,,R,R,S,R,,,R,R,
624_4297,S,R,S,S,R,S,R,,S,,S,R,S,,S,,R,S,S,,,S,S,R,,,,R,R,R,R,,R
624_3867,,R,R,,,,,,,,,S,,S,,,S,,,S,,,,,,R,,,,,,R,
624_3270,,S,,,,,,S,,,,,,S,,,,,,,R,,,,R,,,R,,,,,R
624_1415,,,S,,,,,,,,,,,,,,,,,,,,,,,,,,,,,,
624_4355,S,R,R,S,R,S,R,,S,,S,R,S,,S,,R,S,S,,,S,S,R,,,,R,R,R,R,,R
624_135,,S,,,,,,,,,,,S,,,,,,,,S,,,,S,S,,S,,,,S,S
624_3552,,S,S,,,,,,,,,S,,S,,,S,,,S,,,,,,R,,,,,,R,
624_4257,S,R,S,S,S,S,R,,S,,S,R,S,,S,,R,S,S,,,S,S,R,,,,R,R,R,R,,R
624_3728,,R,R,,,,,,,,,S,,S,,,S,,,S,,,,,,R,,,,,,R,
624_1912,R,S,S,,,,,S,S,S,S,,S,S,,S,R,,,,S,,,,R,R,S,R,,,R,R,
624_1987,R,R,R,,,,,R,R,R,R,,S,R,,R,R,,,,R,,,,R,R,R,R,,,R,R,
624_3868,,R,R,,,,,,,,,R,,S,,,S,,,S,,,,,,R,,,,,,R,
624_3428,,S,,,,,,S,,,,,,R,,,,,,,R,,,,R,,,R,,,,,R
624_3720,,R,R,,,,,,,,,S,,R,,,S,,,S,,,,,,R,,,,,,R,
624_3671,,R,R,,,,,,,,,S,,S,,,S,,,S,,,,,,R,,,,,,R,
624_2037,R,S,S,,,,,S,S,S,S,,S,S,,S,R,,,,S,,,,R,R,S,R,,,R,R,
624_328,,R,,,,,,,,,,,S,,,,,,,,R,,,,R,,,S,,,,,R
624_4201,S,R,R,R,R,S,R,,S,,S,R,S,,S,,R,S,S,,,S,S,R,,,,R,R,R,R,,R
624_4220,S,S,S,S,S,S,S,,S,,S,S,S,,S,,S,S,S,,,S,S,S,,,,R,S,S,S,,R
624_4302,S,R,S,S,R,S,R,,S,,S,R,S,,S,,R,S,S,,,S,S,R,,,,R,R,R,R,,R
624_547,,S,,,,,,,,,,,S,,,,,,,,S,,,,S,S,,S,,,,S,
624_3834,,S,S,,,,,,,,,S,,S,,,S,,,S,,,,,,R,,,,,,R,
624_3453,,,,,,,,,,,,,,R,,,,,,,R,,,,,,,,,,,,
624_327,,S,,,,,,,,,,,S,,,,,,,,S,,,,S,S,,S,,,,S,S
624_3623,,R,R,,,,,,,,,S,,S,,,S,,,S,,,,,,R,,,,,,R,
624_3810,,R,R,,,,,,,,,S,,S,,,S,,,S,,,,,,R,,,,,,R,
624_3472,,,,,,,,,,,,,,R,,,,,,,R,,,,,,,,,,,,
624_3386,,S,,,,,,S,,,,,,R,,,,,,,R,,,,R,,,R,,,,,R
624_3479,,S,,,,,,S,,,,,,R,,,,,,,R,,,,,,,,,,,,R
624_3721,,R,R,,,,,,,,,S,,R,,,S,,,S,,,,,,S,,,,,,R,
624_2067,S,S,S,,,,,S,S,S,S,,S,S,,S,S,,,,S,,,,S,S,S,S,,,S,R,
624_3182,,S,,,,,,S,,,,,,R,,,,,,,,,,,,,,,,,,,R
624_1408,,,S,,,,,,,,,,,,,,,,,,,,,,,,,,,,,,
624_3742,,R,R,,,,,,,,,S,,S,,,S,,,S,,,,,,R,,,,,,R,
624_3889,,S,S,,,,,,,,,S,,S,,,S,,,S,,,,,,R,,,,,,R,
624_2038,R,S,S,,,,,S,S,S,S,,S,R,,S,R,,,,R,,,,R,R,S,R,,,R,R,
624_1907,R,S,S,,,,,S,S,S,S,,S,R,,S,R,,,,R,,,,R,R,S,R,,,R,R,
624_4344,S,R,R,S,R,S,R,,S,,S,R,S,,S,,R,S,S,,,S,S,R,,,,R,R,R,R,,R
624_3418,,S,,,,,,S,,,,,,R,,,,,,,R,,,,R,,,R,,,,,R
624_3461,,S,,,,,,S,,,,,,R,,,,,,,R,,,,,,,,,,,,R
624_3694,,R,S,,,,,,,,,S,,S,,,S,,,S,,,,,,R,,,,,,R,
624_3372,,S,,,,,,S,,,,,,R,,,,,,,R,,,,R,,,R,,,,,R
624_3211,,S,,,,,,S,,,,,,R,,,,,,,,,,,,,,,,,,,R
624_3517,,,,,,,,,,,,,,S,,,,,,,R,,,,,,,,,,,,
624_3538,,R,S,,,,,,,,,R,,R,,,S,,,S,,,,,,R,,,,,,R,
624_3083,,,,,,,,,,,,S,,,,,,,,,R,,,,,,,,,,,,
624_3373,,R,,,,,,R,,,,,,R,,,,,,,R,,,,S,,,S,,,,,S
624_4296,S,R,R,R,R,S,S,,R,,R,R,S,,S,,R,S,S,,,S,S,R,,,,R,R,R,R,,R
624_2130,R,S,S,,,,,S,S,S,S,,S,R,,S,R,,,,R,,,,R,R,S,R,,,R,R,
624_3122,,,,,,,,,,,,R,,,,,,,,,R,,,,,,,,,,,,
624_2205,R,S,S,,,,,S,S,S,S,,S,S,,S,R,,,,S,,,,R,R,S,R,,,R,R,
624_1879,R,S,S,,,,,S,S,S,S,,S,S,,S,R,,,,S,,,,R,R,S,R,,,R,R,
624_3642,,S,S,,,,,,,,,S,,R,,,S,,,S,,,,,,R,,,,,,R,
624_401,,R,,,,,,,,,,,R,,,,,,,,S,,,,R,,,R,,,,,R
624_3268,,S,,,,,,S,,,,,,R,,,,,,,R,,,,R,,,R,,,,,R
624_4324,S,R,R,S,R,S,R,,S,,S,R,S,,S,,R,S,S,,,S,S,R,,,,R,R,R,R,,R
624_83,,S,,,,,,,,,,,S,,,,,,,,S,,,,S,S,,S,,,,S,S
624_3146,,,,,,,,,,,,S,,,,,,,,,R,,,,,,,,,,,,
624_3082,,,,,,,,,,,,R,,,,,,,,,R,,,,,,,,,,,,
624_3297,,R,,,,,,S,,,,,,R,,,,,,,R,,,,R,,,R,,,,,R
624_3513,,,,,,,,,,,,,,R,,,,,,,R,,,,,,,,,,,,
624_580,,R,,,,,,,,,,,S,,,,,,,,S,,,,R,,,S,,,,,R
624_4194,S,R,R,S,R,S,R,,S,,S,R,S,,S,,R,S,S,,,S,S,R,,,,R,R,R,R,,R
624_3559,,S,S,,,,,,,,,S,,R,,,S,,,S,,,,,,R,,,,,,R,
624_4187,S,S,S,S,S,S,S,,S,,S,S,S,,S,,S,S,S,,,S,S,S,,,,R,S,S,S,,R
624_3668,,R,R,,,,,,,,,S,,S,,,S,,,S,,,,,,R,,,,,,R,
624_3235,,S,,,,,,S,,,,,,R,,,,,,,,,,,,,,,,,,,R
624_3838,,S,S,,,,,,,,,S,,R,,,S,,,S,,,,,,R,,,,,,R,
624_3148,,,,,,,,,,,,S,,,,,,,,,S,,,,,,,,,,,,
624_4211,S,R,R,S,R,S,R,,S,,S,R,S,,S,,R,S,S,,,S,S,R,,,,R,R,R,R,,R
624_4237,S,R,R,S,R,S,R,,S,,S,R,S,,S,,R,S,S,,,S,S,R,,,,R,R,R,R,,R
624_3618,,R,R,,,,,,,,,S,,S,,,S,,,S,,,,,,R,,,,,,R,
624_3226,,S,,,,,,S,,,,,,R,,,,,,,,,,,,,,,,,,,R
624_1900,R,R,S,,,,,R,R,R,R,,S,S,,R,R,,,,S,,,,R,R,R,R,,,R,R,
624_3859,,S,S,,,,,,,,,S,,S,,,S,,,S,,,,,,R,,,,,,R,
624_3653,,R,R,,,,,,,,,S,,S,,,S,,,S,,,,,,R,,,,,,R,
624_3079,,,,,,,,,,,,S,,,,,,,,,R,,,,,,,,,,,,
624_3364,,S,,,,,,S,,,,,,R,,,,,,,R,,,,R,,,R,,,,,R
624_3215,,S,,,,,,S,,,,,,R,,,,,,,,,,,,,,,,,,,R
624_3596,,S,S,,,,,,,,,S,,S,,,S,,,S,,,,,,R,,,,,,R,
624_3260,,S,,,,,,R,,,,,,R,,,,,,,S,,,,R,,,R,,,,,S
624_2151,R,S,S,,,,,S,S,S,S,,S,S,,S,R,,,,S,,,,R,R,S,R,,,R,R,
624_3725,,R,R,,,,,,,,,S,,S,,,S,,,S,,,,,,R,,,,,,R,
624_3341,,S,,,,,,S,,,,,,R,,,,,,,R,,,,R,,,R,,,,,R
624_2160,R,S,S,,,,,S,S,S,S,,S,S,,S,R,,,,S,,,,R,R,S,R,,,R,S,
624_3192,,S,,,,,,S,,,,,,R,,,,,,,,,,,,,,,,,,,R
624_3574,,R,R,,,,,,,,,S,,S,,,S,,,S,,,,,,R,,,,,,R,
624_3670,,R,R,,,,,,,,,S,,S,,,S,,,S,,,,,,R,,,,,,R,
624_3091,,,,,,,,,,,,S,,,,,,,,,R,,,,,,,,,,,,
624_3736,,R,R,,,,,,,,,S,,S,,,S,,,S,,,,,,R,,,,,,R,
624_4429,S,S,S,S,S,S,S,,S,,S,S,S,,S,,S,S,S,,,S,S,S,,,,R,S,S,S,,R
624_3882,,S,S,,,,,,,,,S,,R,,,S,,,S,,,,,,R,,,,,,R,
624_3897,,R,R,,,,,,,,,S,,S,,,S,,,S,,,,,,R,,,,,,R,
624_2154,S,S,S,,,,,S,S,S,S,,S,S,,S,S,,,,S,,,,S,S,S,S,,,S,R,
624_1901,R,R,S,,,,,R,R,R,R,,S,S,,R,R,,,,S,,,,R,R,R,R,,,R,R,
624_3553,,S,S,,,,,,,,,S,,S,,,S,,,S,,,,,,R,,,,,,R,
624_3585,,R,S,,,,,,,,,S,,S,,,S,,,S,,,,,,R,,,,,,R,
624_3601,,S,S,,,,,,,,,S,,R,,,S,,,S,,,,,,R,,,,,,R,
624_3751,,R,R,,,,,,,,,S,,R,,,S,,,S,,,,,,R,,,,,,R,
624_3483,,R,,,,,,R,,,,,,R,,,,,,,R,,,,,,,,,,,,R
624_3074,,,,,,,,,,,,R,,,,,,,,,R,,,,,,,,,,,,
624_4208,S,R,R,S,R,S,R,,S,,S,R,S,,S,,R,S,S,,,S,S,R,,,,R,R,R,R,,R
624_3608,,S,S,,,,,,,,,S,,S,,,S,,,S,,,,,,R,,,,,,R,
624_4206,S,R,R,R,R,S,R,,S,,S,R,S,,S,,R,S,S,,,S,S,R,,,,R,R,R,R,,R
624_3351,,S,,,,,,S,,,,,,R,,,,,,,R,,,,S,,,S,,,,,S
624_3107,,,,,,,,,,,,R,,,,,,,,,R,,,,,,,,,,,,
624_3250,,,,,,,,,,,,,,R,,,,,,,,,,,,,,,,,,,
624_3229,,S,,,,,,S,,,,,,R,,,,,,,,,,,,,,,,,,,R
624_3217,,S,,,,,,S,,,,,,R,,,,,,,,,,,,,,,,,,,S
624_3636,,R,R,,,,,,,,,S,,S,,,S,,,S,,,,,,R,,,,,,R,
624_3237,,S,,,,,,S,,,,,,R,,,,,,,,,,,,,,,,,,,R
624_3138,,,,,,,,,,,,R,,,,,,,,,R,,,,,,,,,,,,
624_3836,,R,R,,,,,,,,,R,,S,,,S,,,S,,,,,,R,,,,,,R,
624_3282,,S,,,,,,S,,,,,,R,,,,,,,R,,,,R,,,R,,,,,R
624_3749,,R,R,,,,,,,,,S,,S,,,S,,,S,,,,,,R,,,,,,R,
624_1435,,,S,,,,,,,,,,,,,,,,,,,,,,,,,,,,,,
624_3405,,R,,,,,,S,,,,,,R,,,,,,,R,,,,R,,,R,,,,,R
624_3605,,S,S,,,,,,,,,S,,R,,,S,,,S,,,,,,R,,,,,,R,
624_4184,S,R,R,S,R,S,R,,S,,S,R,S,,S,,R,S,S,,,S,S,R,,,,R,R,S,R,,R
624_2049,R,S,S,,,,,S,S,S,S,,S,R,,S,R,,,,R,,,,R,R,S,R,,,R,R,
624_2174,R,S,S,,,,,S,S,S,S,,S,R,,S,R,,,,R,,,,R,R,S,R,,,R,R,
624_1887,R,S,S,,,,,S,S,S,S,,S,R,,S,R,,,,R,,,,R,R,S,R,,,R,R,
624_4174,S,R,R,R,R,S,R,,S,,S,R,S,,S,,R,S,S,,,S,S,R,,,,R,R,R,R,,R
624_1978,R,S,S,,,,,S,S,S,S,,S,S,,S,R,,,,S,,,,R,R,S,R,,,R,R,
624_3305,,S,,,,,,S,,,,,,R,,,,,,,R,,,,S,,,S,,,,,S
624_3576,,R,R,,,,,,,,,S,,S,,,S,,,S,,,,,,R,,,,,,R,
624_3804,,R,R,,,,,,,,,S,,S,,,S,,,S,,,,,,R,,,,,,R,
624_3703,,S,S,,,,,,,,,S,,S,,,S,,,S,,,,,,R,,,,,,R,
624_2202,R,S,S,,,,,S,S,S,S,,S,S,,S,R,,,,S,,,,R,R,S,R,,,R,R,
624_4369,S,R,R,S,R,S,R,,S,,S,R,S,,S,,R,S,S,,,S,S,R,,,,R,R,S,R,,R
624_3822,,S,S,,,,,,,,,S,,S,,,S,,,S,,,,,,R,,,,,,R,
624_577,,S,,,,,,,,,,,S,,,,,,,,S,,,,S,R,,R,,,,S,S
624_3727,,R,R,,,,,,,,,S,,S,,,S,,,S,,,,,,R,,,,,,R,
624_3523,,,,,,,,,,,,,,R,,,,,,,R,,,,,,,,,,,,
624_1612,,,S,,,,,,,,,,,,,,,,,,,,,,,,,,,,,,
624_301,,S,,,,,,,,,,,S,,,,,,,,S,,,,R,R,,S,,,,S,S
624_4304,S,R,R,R,R,S,S,,R,,R,R,S,,S,,R,S,S,,,S,S,R,,,,R,R,R,R,,R
624_3606,,S,S,,,,,,,,,S,,R,,,S,,,S,,,,,,S,,,,,,R,
624_279,,R,,,,,,,,,,,S,,,,,,,,S,,,,R,R,,R,,,,R,
624_3496,,,,,,,,,,,,,,R,,,,,,,R,,,,,,,,,,,,
624_2001,R,R,S,,,,,R,R,R,R,,S,S,,R,R,,,,S,,,,R,R,R,R,,,R,R,
624_3895,,S,S,,,,,,,,,S,,S,,,S,,,S,,,,,,R,,,,,,R,
624_4314,S,R,R,R,R,R,R,,S,,R,R,S,,S,,R,S,S,,,S,S,R,,,,R,R,R,R,,R
624_3726,,R,R,,,,,,,,,S,,S,,,S,,,S,,,,,,R,,,,,,R,
624_3808,,R,R,,,,,,,,,S,,R,,,S,,,S,,,,,,R,,,,,,R,
624_3737,,R,R,,,,,,,,,S,,S,,,S,,,S,,,,,,R,,,,,,R,
624_1932,R,S,S,,,,,S,S,S,S,,S,S,,S,R,,,,S,,,,R,R,S,R,,,R,R,
624_3377,,S,,,,,,S,,,,,,R,,,,,,,R,,,,R,,,R,,,,,R
624_79,,S,,,,,,,,,,,S,,,,,,,,S,,,,R,R,,R,,,,R,
624_3794,,S,S,,,,,,,,,S,,S,,,S,,,S,,,,,,R,,,,,,R,
624_3818,,S,S,,,,,,,,,S,,S,,,S,,,S,,,,,,R,,,,,,R,
624_2104,R,S,S,,,,,S,S,S,S,,S,R,,S,R,,,,R,,,,R,R,S,R,,,R,R,
624_2128,R,S,S,,,,,S,S,S,S,,S,S,,S,R,,,,S,,,,R,R,S,R,,,R,R,
624_3400,,S,,,,,,S,,,,,,S,,,,,,,R,,,,R,,,R,,,,,R
624_316,,S,,,,,,,,,,,S,,,,,,,,S,,,,S,S,,S,,,,S,S
624_1979,R,R,S,,,,,R,R,R,R,,S,S,,R,R,,,,S,,,,R,R,R,R,,,R,R,
624_3848,,S,S,,,,,,,,,S,,S,,,S,,,S,,,,,,R,,,,,,R,
624_3406,,S,,,,,,S,,,,,,R,,,,,,,R,,,,R,,,R,,,,,R
624_3578,,R,R,,,,,,,,,S,,S,,,S,,,S,,,,,,R,,,,,,R,
624_2185,R,R,R,,,,,R,R,R,R,,S,R,,R,R,,,,R,,,,R,R,R,R,,,R,R,
624_335,,R,,,,,,,,,,,S,,,,,,,,R,,,,R,,,R,,,,,R
624_4401,S,R,R,S,R,S,R,,S,,S,R,S,,R,,R,S,S,,,S,S,R,,,,R,R,R,R,,R
624_4382,S,R,R,S,R,S,R,,S,,S,R,S,,R,,R,S,S,,,S,S,R,,,,R,R,R,R,,R
624_4225,S,R,R,S,R,S,R,,S,,S,R,S,,S,,R,S,S,,,S,S,R,,,,R,R,R,R,,R
624_3315,,S,,,,,,S,,,,,,R,,,,,,,R,,,,R,,,R,,,,,R
624_522,,S,,,,,,,,,,,S,,,,,,,,S,,,,S,S,,S,,,,S,S
624_3276,,S,,,,,,S,,,,,,R,,,,,,,R,,,,R,,,R,,,,,R
624_3298,,S,,,,,,S,,,,,,R,,,,,,,R,,,,R,,,R,,,,,R
624_4169,S,R,R,S,R,S,R,,S,,S,R,S,,S,,R,S,S,,,S,S,R,,,,R,R,R,R,,R
624_3912,,,,,,,,,,,,,,S,,,,,,,,,,,,,,,,,,,R
624_3176,,S,,,,,,S,,,,,,R,,,,,,,,,,,,,,,,,,,R
624_1885,,S,S,,,,,S,S,S,S,,S,R,,S,,,,,R,,,,,R,S,R,,,,R,
624_3577,,R,R,,,,,,,,,S,,S,,,S,,,S,,,,,,R,,,,,,R,
624_3823,,R,R,,,,,,,,,S,,S,,,S,,,S,,,,,,R,,,,,,R,
624_610,,R,,,,,,,,,,,S,,,,,,,,S,,,,R,R,,S,,,,R,R
624_3693,,R,R,,,,,,,,,S,,S,,,S,,,S,,,,,,R,,,,,,R,
624_2182,R,R,S,,,,,R,R,R,R,,S,R,,R,R,,,,R,,,,R,R,R,R,,,R,R,
624_3637,,R,R,,,,,,,,,S,,S,,,S,,,S,,,,,,R,,,,,,R,
624_3740,,R,R,,,,,,,,,S,,S,,,S,,,S,,,,,,R,,,,,,R,
624_4270,S,S,S,S,S,S,S,,S,,S,S,S,,S,,S,S,S,,,S,S,S,,,,R,S,S,S,,R
624_2053,R,S,S,,,,,S,S,S,S,,S,R,,S,R,,,,R,,,,R,R,S,R,,,R,R,
624_2093,R,R,R,,,,,R,R,R,R,,S,S,,R,R,,,,S,,,,R,R,R,R,,,R,R,
624_3548,,R,S,,,,,,,,,S,,S,,,S,,,S,,,,,,R,,,,,,R,
624_1410,,,S,,,,,,,,,,,,,,,,,,,,,,,,,,,,,,
624_3666,,R,R,,,,,,,,,S,,S,,,S,,,S,,,,,,R,,,,,,R,
624_2021,R,R,R,,,,,R,R,R,R,,S,S,,R,R,,,,S,,,,R,R,R,R,,,R,R,
624_3573,,S,S,,,,,,,,,S,,R,,,S,,,S,,,,,,R,,,,,,R,
624_3551,,S,S,,,,,,,,,S,,R,,,S,,,S,,,,,,R,,,,,,R,
624_3440,,S,,,,,,S,,,,,,R,,,,,,,R,,,,R,,,R,,,,,R
624_3398,,S,,,,,,S,,,,,,S,,,,,,,S,,,,R,,,R,,,,,R
624_3684,,S,S,,,,,,,,,S,,S,,,S,,,S,,,,,,R,,,,,,R,
624_3385,,S,,,,,,S,,,,,,R,,,,,,,R,,,,R,,,R,,,,,R
624_3842,,S,S,,,,,,,,,S,,S,,,S,,,S,,,,,,R,,,,,,R,
624_3894,,S,S,,,,,,,,,S,,S,,,S,,,S,,,,,,S,,,,,,S,
624_3375,,S,,,,,,S,,,,,,R,,,,,,,R,,,,R,,,R,,,,,R
624_519,,S,,,,,,,,,,,S,,,,,,,,S,,,,S,S,,S,,,,S,S
624_3690,,R,R,,,,,,,,,S,,S,,,S,,,S,,,,,,R,,,,,,R,
624_3731,,R,R,,,,,,,,,S,,S,,,S,,,S,,,,,,R,,,,,,R,
624_3280,,S,,,,,,S,,,,,,S,,,,,,,S,,,,R,,,R,,,,,R
624_268,,S,,,,,,,,,,,S,,,,,,,,S,,,,R,R,,R,,,,R,R
624_3425,,S,,,,,,S,,,,,,R,,,,,,,R,,,,R,,,R,,,,,R
624_3180,,S,,,,,,S,,,,,,R,,,,,,,,,,,,,,,,,,,R
624_3699,,R,R,,,,,,,,,S,,S,,,S,,,S,,,,,,R,,,,,,R,
624_3149,,,,,,,,,,,,S,,,,,,,,,S,,,,,,,,,,,,
624_3782,,S,S,,,,,,,,,S,,S,,,S,,,S,,,,,,R,,,,,,R,
624_3817,,R,R,,,,,,,,,S,,S,,,S,,,S,,,,,,R,,,,,,R,
624_3802,,S,S,,,,,,,,,S,,S,,,S,,,S,,,,,,R,,,,,,R,
624_4360,S,R,R,S,R,S,R,,S,,S,R,S,,S,,R,S,S,,,S,S,R,,,,R,R,R,R,,R
624_2116,R,R,R,,,,,R,R,R,R,,S,R,,R,R,,,,R,,,,R,S,R,S,,,R,R,
624_204,,R,,,,,,,,,,,S,,,,,,,,S,,,,R,R,,R,,,,R,
624_1874,R,R,S,,,,,R,R,R,R,,S,S,,R,R,,,,S,,,,R,R,R,R,,,R,R,
624_3068,,,,,,,,,,,,R,,,,,,,,,R,,,,,,,,,,,,
624_2161,R,S,S,,,,,S,S,S,S,,S,S,,S,R,,,,S,,,,R,R,S,R,,,R,R,
624_2195,S,S,S,,,,,S,S,S,S,,S,R,,S,S,,,,R,,,,S,R,S,S,,,S,R,
624_3545,,S,S,,,,,,,,,S,,S,,,S,,,S,,,,,,R,,,,,,R,
624_3537,,R,R,,,,,,,,,R,,S,,,S,,,S,,,,,,R,,,,,,R,
624_1910,,S,S,,,,,S,S,S,S,,S,R,,S,,,,,R,,,,,R,S,R,,,,R,
624_3840,,R,R,,,,,,,,,S,,R,,,S,,,S,,,,,,R,,,,,,R,
624_3039,,,,,,,,,,,,R,,,,,,,,,R,,,,,,,,,,,,
624_3768,,R,S,,,,,,,,,R,,R,,,S,,,S,,,,,,R,,,,,,R,
624_2027,R,S,S,,,,,S,S,S,S,,S,S,,S,R,,,,S,,,,R,R,S,R,,,R,R,
624_362,,S,,,,,,,,,,,S,,,,,,,,S,,,,R,R,,R,,,,R,
624_3692,,R,R,,,,,,,,,S,,S,,,S,,,S,,,,,,R,,,,,,R,
624_1947,R,R,S,,,,,R,R,R,R,,S,S,,R,R,,,,S,,,,R,R,R,S,,,R,R,
624_3756,,R,R,,,,,,,,,S,,R,,,S,,,S,,,,,,R,,,,,,R,
624_4342,S,R,R,S,R,S,R,,S,,S,R,S,,S,,R,S,S,,,S,S,R,,,,R,R,R,R,,R
624_200,,R,,,,,,,,,,,S,,,,,,,,S,,,,R,,,R,,,,,R
624_3221,,S,,,,,,S,,,,,,R,,,,,,,,,,,,,,,,,,,S
624_3564,,R,R,,,,,,,,,S,,S,,,S,,,S,,,,,,R,,,,,,R,
624_3799,,S,S,,,,,,,,,S,,S,,,S,,,S,,,,,,R,,,,,,R,
624_1898,R,S,S,,,,,S,S,S,S,,S,R,,S,R,,,,R,,,,R,R,S,R,,,R,R,
624_382,,R,,,,,,,,,,,S,,,,,,,,S,,,,R,,,R,,,,,R
624_1969,R,R,R,,,,,R,R,R,R,,S,R,,R,R,,,,R,,,,R,R,R,R,,,R,R,
624_4289,S,R,R,S,R,S,R,,S,,S,R,S,,S,,R,S,S,,,S,S,R,,,,S,R,R,R,,R
624_3330,,S,,,,,,S,,,,,,R,,,,,,,R,,,,R,,,R,,,,,R
624_3824,,R,R,,,,,,,,,S,,S,,,S,,,S,,,,,,R,,,,,,R,
624_3881,,R,R,,,,,,,,,S,,S,,,S,,,S,,,,,,R,,,,,,R,
624_3168,,,,,,,,,,,,S,,,,,,,,,S,,,,,,,,,,,,
624_1429,,,S,,,,,,,,,,,,,,,,,,,,,,,,,,,,,,
624_3741,,R,R,,,,,,,,,S,,S,,,S,,,S,,,,,,R,,,,,,R,
624_3303,,S,,,,,,S,,,,,,R,,,,,,,R,,,,S,,,S,,,,,S
624_3558,,S,S,,,,,,,,,S,,R,,,S,,,S,,,,,,R,,,,,,R,
624_3137,,,,,,,,,,,,S,,,,,,,,,R,,,,,,,,,,,,
624_3446,,,,,,,,,,,,,,S,,,,,,,R,,,,,,,,,,,,
624_203,,R,,,,,,,,,,,S,,,,,,,,S,,,,R,,,S,,,,,R
624_4233,S,R,R,S,R,S,R,,S,,S,R,S,,S,,R,S,S,,,S,S,R,,,,R,R,R,R,,R
624_3413,,S,,,,,,S,,,,,,R,,,,,,,R,,,,R,,,R,,,,,R
624_3158,,,,,,,,,,,,R,,,,,,,,,R,,,,,,,,,,,,
624_3397,,S,,,,,,S,,,,,,R,,,,,,,R,,,,S,,,S,,,,,S
624_3363,,S,,,,,,S,,,,,,R,,,,,,,R,,,,R,,,R,,,,,R
624_3484,,R,,,,,,R,,,,,,R,,,,,,,R,,,,,,,,,,,,R
624_3569,,S,S,,,,,,,,,S,,S,,,S,,,S,,,,,,R,,,,,,R,
624_3390,,S,,,,,,S,,,,,,R,,,,,,,R,,,,R,,,R,,,,,R
624_3160,,,,,,,,,,,,S,,,,,,,,,R,,,,,,,,,,,,
624_491,,R,,,,,,,,,,,S,,,,,,,,S,,,,R,R,,R,,,,R,
624_3374,,S,,,,,,S,,,,,,R,,,,,,,R,,,,R,,,R,,,,,R
624_3865,,S,S,,,,,,,,,S,,R,,,S,,,S,,,,,,S,,,,,,R,
624_3349,,S,,,,,,S,,,,,,R,,,,,,,R,,,,R,,,R,,,,,R
624_3556,,S,S,,,,,,,,,S,,R,,,S,,,S,,,,,,S,,,,,,R,
624_255,,R,,,,,,,,,,,S,,,,,,,,R,,,,R,,,R,,,,,R
624_337,,S,,,,,,,,,,,S,,,,,,,,S,,,,R,R,,R,,,,R,R
624_3491,,,,,,,,,,,,,,S,,,,,,,R,,,,,,,,,,,,
624_1905,R,S,S,,,,,S,S,S,S,,S,S,,S,R,,,,S,,,,R,R,S,R,,,R,R,
624_3062,,,,,,,,,,,,R,,,,,,,,,S,,,,,,,,,,,,
624_2187,R,S,S,,,,,S,S,S,S,,S,S,,S,R,,,,S,,,,R,R,S,R,,,R,R,
624_3518,,,,,,,,,,,,,,S,,,,,,,R,,,,,,,,,,,,
624_592,,S,,,,,,,,,,,S,,,,,,,,R,,,,R,R,,R,,,,R,
624_2200,R,S,S,,,,,S,S,S,S,,S,R,,S,R,,,,R,,,,R,R,S,S,,,R,R,
624_3837,,S,S,,,,,,,,,S,,R,,,S,,,S,,,,,,R,,,,,,R,
624_520,,R,,,,,,,,,,,R,,,,,,,,S,,,,R,R,,R,,,,R,
624_3579,,R,R,,,,,,,,,S,,R,,,S,,,S,,,,,,R,,,,,,R,
624_3866,,R,R,,,,,,,,,S,,S,,,S,,,S,,,,,,R,,,,,,R,
624_4203,S,R,R,R,R,S,R,,S,,S,R,S,,S,,R,S,S,,,S,S,R,,,,R,R,R,R,,R
624_3549,,S,S,,,,,,,,,S,,S,,,S,,,S,,,,,,R,,,,,,R,
624_3333,,R,,,,,,R,,,,,,R,,,,,,,R,,,,R,,,R,,,,,S
624_4267,S,R,S,R,R,S,R,,S,,S,R,R,,S,,R,S,S,,,S,S,R,,,,R,R,R,R,,R
624_3672,,S,S,,,,,,,,,S,,S,,,S,,,S,,,,,,R,,,,,,R,
624_3775,,S,S,,,,,,,,,S,,R,,,S,,,S,,,,,,R,,,,,,R,
624_3681,,S,S,,,,,,,,,S,,S,,,S,,,S,,,,,,S,,,,,,S,
624_3641,,R,S,,,,,,,,,S,,S,,,S,,,S,,,,,,R,,,,,,R,
624_4227,S,R,R,S,R,S,R,,S,,S,R,S,,S,,R,S,S,,,S,S,R,,,,R,R,R,R,,R
624_3747,,R,S,,,,,,,,,R,,S,,,S,,,S,,,,,,R,,,,,,R,
624_3687,,R,R,,,,,,,,,S,,S,,,S,,,S,,,,,,R,,,,,,R,
624_2034,R,R,S,,,,,R,R,R,R,,S,R,,R,R,,,,R,,,,R,R,R,R,,,R,R,
624_3883,,S,S,,,,,,,,,S,,S,,,S,,,S,,,,,,R,,,,,,R,
624_3891,,R,R,,,,,,,,,S,,S,,,S,,,S,,,,,,R,,,,,,R,
624_3785,,R,S,,,,,,,,,S,,S,,,S,,,S,,,,,,R,,,,,,R,
624_343,,R,,,,,,,,,,,R,,,,,,,,S,,,,R,,,R,,,,,R
624_3567,,S,S,,,,,,,,,S,,S,,,S,,,S,,,,,,R,,,,,,R,
624_3387,,S,,,,,,S,,,,,,R,,,,,,,R,,,,S,,,S,,,,,S
624_3415,,S,,,,,,S,,,,,,R,,,,,,,R,,,,R,,,R,,,,,R
624_3716,,S,S,,,,,,,,,S,,S,,,S,,,S,,,,,,R,,,,,,R,
624_3416,,S,,,,,,S,,,,,,R,,,,,,,R,,,,R,,,R,,,,,R
624_3164,,,,,,,,,,,,R,,,,,,,,,R,,,,,,,,,,,,
624_3291,,S,,,,,,S,,,,,,S,,,,,,,R,,,,R,,,R,,,,,R
624_2122,R,S,S,,,,,S,S,S,S,,S,R,,S,R,,,,R,,,,R,R,S,R,,,R,R,
624_3874,,R,R,,,,,,,,,S,,R,,,S,,,S,,,,,,R,,,,,,R,
624_3206,,S,,,,,,S,,,,,,R,,,,,,,,,,,,,,,,,,,R
624_3767,,R,R,,,,,,,,,S,,S,,,S,,,S,,,,,,R,,,,,,R,
624_3780,,S,S,,,,,,,,,S,,R,,,S,,,S,,,,,,R,,,,,,R,
624_3876,,R,R,,,,,,,,,S,,R,,,S,,,S,,,,,,R,,,,,,R,
624_3832,,S,S,,,,,,,,,S,,R,,,S,,,S,,,,,,R,,,,,,R,
624_3175,,S,,,,,,S,,,,,,R,,,,,,,,,,,,,,,,,,,R
624_102,,R,,,,,,,,,,,S,,,,,,,,,,,,R,,,S,,,,,R
624_3381,,S,,,,,,S,,,,,,R,,,,,,,R,,,,R,,,R,,,,,R
624_2115,R,S,S,,,,,S,S,S,S,,S,S,,S,R,,,,S,,,,R,R,S,R,,,R,R,
624_1418,,,S,,,,,,,,,,,,,,,,,,,,,,,,,,,,,,
624_3854,,S,S,,,,,,,,,S,,R,,,S,,,S,,,,,,R,,,,,,R,
624_3292,,S,,,,,,S,,,,,,R,,,,,,,R,,,,S,,,S,,,,,S
624_3492,,,,,,,,,,,,,,S,,,,,,,R,,,,,,,,,,,,
624_325,,R,,,,,,,,,,,R,,,,,,,,S,,,,R,,,R,,,,,R
624_3243,,S,,,,,,S,,,,,,R,,,,,,,,,,,,,,,,,,,S
624_423,,R,,,,,,,,,,,S,,,,,,,,S,,,,R,,,R,,,,,R
624_3419,,S,,,,,,S,,,,,,R,,,,,,,R,,,,R,,,R,,,,,R
624_3075,,,,,,,,,,,,R,,,,,,,,,R,,,,,,,,,,,,
624_3114,,,,,,,,,,,,S,,,,,,,,,S,,,,,,,,,,,,
624_4224,S,R,R,S,R,S,R,,S,,S,R,S,,S,,R,S,S,,,S,S,R,,,,R,R,R,R,,R
624_3181,,S,,,,,,S,,,,,,R,,,,,,,,,,,,,,,,,,,R
624_1903,R,S,S,,,,,S,S,S,S,,S,S,,S,R,,,,S,,,,R,R,S,R,,,R,R,
624_3644,,S,S,,,,,,,,,S,,R,,,S,,,S,,,,,,R,,,,,,R,
624_81,,S,,,,,,,,,,,S,,,,,,,,S,,,,R,R,,R,,,,R,
624_3777,,S,S,,,,,,,,,S,,S,,,S,,,S,,,,,,R,,,,,,R,
624_3089,,,,,,,,,,,,R,,,,,,,,,R,,,,,,,,,,,,
624_3562,,S,S,,,,,,,,,S,,R,,,S,,,S,,,,,,S,,,,,,R,
624_3764,,R,R,,,,,,,,,S,,S,,,S,,,S,,,,,,R,,,,,,R,
624_3704,,R,R,,,,,,,,,S,,S,,,S,,,S,,,,,,R,,,,,,R,
624_3599,,S,S,,,,,,,,,S,,R,,,S,,,S,,,,,,R,,,,,,R,
624_3622,,R,R,,,,,,,,,S,,S,,,S,,,S,,,,,,R,,,,,,R,
624_3213,,S,,,,,,S,,,,,,R,,,,,,,,,,,,,,,,,,,R
624_3827,,S,S,,,,,,,,,S,,S,,,S,,,S,,,,,,R,,,,,,R,
624_3852,,S,R,,,,,,,,,S,,R,,,S,,,S,,,,,,R,,,,,,R,
624_225,,R,,,,,,,,,,,S,,,,,,,,S,,,,R,,,R,,,,,R
624_3572,,S,S,,,,,,,,,S,,R,,,S,,,S,,,,,,R,,,,,,R,
624_3153,,,,,,,,,,,,R,,,,,,,,,R,,,,,,,,,,,,
624_3239,,S,,,,,,S,,,,,,R,,,,,,,,,,,,,,,,,,,R
624_3602,,R,R,,,,,,,,,S,,S,,,S,,,S,,,,,,R,,,,,,R,
624_3597,,S,S,,,,,,,,,S,,S,,,S,,,S,,,,,,S,,,,,,S,
624_3807,,R,R,,,,,,,,,S,,S,,,S,,,S,,,,,,R,,,,,,R,
624_3474,,R,,,,,,R,,,,,,R,,,,,,,R,,,,,,,,,,,,R
624_3713,,S,S,,,,,,,,,S,,S,,,S,,,S,,,,,,S,,,,,,S,
624_3773,,S,S,,,,,,,,,S,,S,,,S,,,S,,,,,,R,,,,,,R,
624_3340,,S,,,,,,S,,,,,,R,,,,,,,R,,,,R,,,R,,,,,R
624_3308,,S,,,,,,S,,,,,,R,,,,,,,R,,,,R,,,R,,,,,S
624_387,,R,,,,,,,,,,,S,,,,,,,,S,,,,R,R,,R,,,,R,
624_3201,,S,,,,,,S,,,,,,R,,,,,,,,,,,,,,,,,,,R
624_3647,,R,R,,,,,,,,,S,,S,,,S,,,S,,,,,,R,,,,,,R,
624_3443,,,,,,,,,,,,,,R,,,,,,,R,,,,,,,,,,,,
624_3629,,R,R,,,,,,,,,S,,S,,,S,,,S,,,,,,R,,,,,,R,
624_3561,,R,R,,,,,,,,,S,,R,,,S,,,S,,,,,,R,,,,,,R,
624_3402,,S,,,,,,S,,,,,,S,,,,,,,R,,,,R,,,R,,,,,R
624_3435,,S,,,,,,S,,,,,,R,,,,,,,R,,,,R,,,R,,,,,R
624_3752,,S,S,,,,,,,,,S,,R,,,S,,,S,,,,,,R,,,,,,R,
624_3719,,S,S,,,,,,,,,S,,S,,,S,,,S,,,,,,R,,,,,,R,
624_3877,,S,S,,,,,,,,,S,,R,,,S,,,S,,,,,,R,,,,,,R,
624_3195,,S,,,,,,S,,,,,,R,,,,,,,,,,,,,,,,,,,R
624_3639,,R,R,,,,,,,,,S,,S,,,S,,,S,,,,,,R,,,,,,R,
624_3269,,S,,,,,,S,,,,,,S,,,,,,,R,,,,R,,,R,,,,,R
624_3422,,S,,,,,,S,,,,,,R,,,,,,,R,,,,S,,,S,,,,,R
624_3655,,S,S,,,,,,,,,S,,S,,,S,,,S,,,,,,R,,,,,,R,
624_3862,,R,R,,,,,,,,,S,,S,,,S,,,S,,,,,,R,,,,,,R,
624_3460,,,,,,,,,,,,,,R,,,,,,,R,,,,,,,,,,,,
624_3312,,S,,,,,,S,,,,,,R,,,,,,,R,,,,R,,,R,,,,,R
624_3267,,S,,,,,,S,,,,,,S,,,,,,,R,,,,S,,,S,,,,,R
624_3450,,,,,,,,,,,,,,,,,,,,,R,,,,,,,,,,,,
624_3048,,,,,,,,,,,,R,,,,,,,,,R,,,,,,,,,,,,
624_3287,,S,,,,,,S,,,,,,R,,,,,,,R,,,,R,,,R,,,,,R
624_3198,,S,,,,,,S,,,,,,R,,,,,,,,,,,,,,,,,,,R
624_2193,S,S,S,,,,,S,S,S,S,,S,S,,S,S,,,,S,,,,S,S,S,S,,,S,R,
624_3855,,R,R,,,,,,,,,S,,R,,,S,,,S,,,,,,R,,,,,,R,
624_1902,R,S,S,,,,,S,S,S,S,,S,R,,S,R,,,,R,,,,R,R,S,R,,,R,R,
624_3515,,,,,,,,,,,,,,S,,,,,,,R,,,,,,,,,,,,
624_3617,,S,S,,,,,,,,,S,,S,,,S,,,S,,,,,,S,,,,,,S,
624_142,,R,,,,,,,,,,,S,,,,,,,,S,,,,R,R,,R,,,,R,
624_3208,,S,,,,,,S,,,,,,R,,,,,,,,,,,,,,,,,,,R
624_390,,R,,,,,,,,,,,S,,,,,,,,R,,,,R,,,R,,,,,R
624_3444,,,,,,,,,,,,,,R,,,,,,,R,,,,,,,,,,,,
624_3607,,S,S,,,,,,,,,S,,S,,,S,,,S,,,,,,R,,,,,,R,
624_3411,,S,,,,,,S,,,,,,S,,,,,,,R,,,,S,,,S,,,,,S
624_3677,,R,R,,,,,,,,,S,,S,,,S,,,S,,,,,,R,,,,,,R,
624_3293,,S,,,,,,S,,,,,,S,,,,,,,R,,,,S,,,S,,,,,S
624_627,,R,,,,,,,,,,,S,,,,,,,,S,,,,R,R,,R,,,,R,
624_3864,,R,R,,,,,,,,,S,,S,,,S,,,S,,,,,,R,,,,,,R,
624_3906,,,,,,,,,,,,,,S,,,,,,,,,,,,,,,,,,,R
624_3571,,S,S,,,,,,,,,S,,S,,,S,,,S,,,,,,R,,,,,,R,
624_3543,,R,S,,,,,,,,,R,,R,,,S,,,S,,,,,,S,,,,,,R,
624_3032,,,,,,,,,,,,S,,,,,,,,,S,,,,,,,,,,,,
624_3688,,R,R,,,,,,,,,S,,S,,,S,,,S,,,,,,R,,,,,,R,
624_4166,S,R,R,S,R,S,R,,S,,S,R,S,,S,,R,S,S,,,S,S,R,,,,R,R,R,R,,R
624_3254,,,,,,,,,,,,,,R,,,,,,,,,,,,,,,,,,,
624_1614,,,S,,,,,,,,,,,,,,,,,,,,,,,,,,,,,,
624_3187,,S,,,,,,S,,,,,,R,,,,,,,,,,,,,,,,,,,R
624_3776,,R,R,,,,,,,,,S,,S,,,S,,,S,,,,,,R,,,,,,R,
624_2135,R,R,S,,,,,R,R,R,R,,S,R,,R,R,,,,R,,,,R,R,R,R,,,R,R,
624_3184,,S,,,,,,S,,,,,,R,,,,,,,,,,,,,,,,,,,R
624_258,,R,,,,,,,,,,,S,,,,,,,,S,,,,R,R,,R,,,,R,
624_3165,,,,,,,,,,,,S,,,,,,,,,R,,,,,,,,,,,,
624_3329,,S,,,,,,S,,,,,,R,,,,,,,R,,,,R,,,R,,,,,R
624_3594,,S,S,,,,,,,,,S,,S,,,S,,,S,,,,,,R,,,,,,R,
624_3903,,S,,,,,,S,,,,,,R,,,,,,,R,,,,,,,,,,,,R
624_540,,R,,,,,,,,,,,S,,,,,,,,R,,,,R,,,R,,,,,R
624_3570,,R,R,,,,,,,,,S,,S,,,S,,,S,,,,,,R,,,,,,R,
624_3849,,R,S,,,,,,,,,R,,S,,,S,,,S,,,,,,R,,,,,,R,
624_3203,,S,,,,,,S,,,,,,R,,,,,,,,,,,,,,,,,,,R
624_481,,R,,,,,,,,,,,R,,,,,,,,R,,,,R,,,R,,,,,R
624_3525,,,,,,,,,,,,,,S,,,,,,,S,,,,,,,,,,,,
624_569,,R,,,,,,,,,,,S,,,,,,,,R,,,,S,,,S,,,,,S
624_3528,,,,,,,,,,,,,,S,,,,,,,S,,,,,,,,,,,,
624_2139,R,S,S,,,,,S,S,S,S,,S,R,,S,R,,,,R,,,,R,R,S,R,,,R,R,
624_3588,,S,S,,,,,,,,,S,,R,,,S,,,S,,,,,,R,,,,,,R,
624_3044,,,,,,,,,,,,R,,,,,,,,,R,,,,,,,,,,,,
624_3277,,S,,,,,,S,,,,,,S,,,,,,,R,,,,R,,,R,,,,,R
624_3689,,S,S,,,,,,,,,S,,S,,,S,,,S,,,,,,S,,,,,,R,
624_3166,,,,,,,,,,,,R,,,,,,,,,R,,,,,,,,,,,,
624_297,,R,,,,,,,,,,,S,,,,,,,,S,,,,S,,,S,,,,,S
624_3825,,S,S,,,,,,,,,S,,S,,,S,,,S,,,,,,S,,,,,,R,
624_3325,,S,,,,,,S,,,,,,R,,,,,,,R,,,,R,,,R,,,,,R
624_3150,,,,,,,,,,,,S,,,,,,,,,R,,,,,,,,,,,,
624_3908,,,,,,,,,,,,,,S,,,,,,,,,,,,,,,,,,,R
624_2111,,S,S,,,,,S,S,S,S,,S,R,,S,,,,,R,,,,,R,S,R,,,,R,
624_3100,,,,,,,,,,,,S,,,,,,,,,R,,,,,,,,,,,,
624_3245,,,,,,,,,,,,,,R,,,,,,,,,,,,,,,,,,,R
624_3212,,S,,,,,,S,,,,,,R,,,,,,,,,,,,,,,,,,,R
624_3183,,S,,,,,,S,,,,,,R,,,,,,,,,,,,,,,,,,,R
624_3301,,R,,,,,,S,,,,,,R,,,,,,,R,,,,R,,,R,,,,,R
624_1431,,,S,,,,,,,,,,,,,,,,,,,,,,,,,,,,,,
624_3081,,,,,,,,,,,,R,,,,,,,,,R,,,,,,,,,,,,
624_3127,,,,,,,,,,,,S,,,,,,,,,S,,,,,,,,,,,,
624_3869,,S,S,,,,,,,,,S,,S,,,S,,,S,,,,,,R,,,,,,R,
624_3316,,S,,,,,,S,,,,,,R,,,,,,,R,,,,R,,,R,,,,,R
624_1230,,,,,,,,,,,,R,,,,,,,,,,,,,,,,,,,,,
624_3154,,,,,,,,,,,,S,,,,,,,,,S,,,,,,,,,,,,
624_3499,,,,,,,,,,,,,,R,,,,,,,R,,,,,,,,,,,,
624_3708,,R,R,,,,,,,,,R,,S,,,S,,,S,,,,,,R,,,,,,R,
624_479,,R,,,,,,,,,,,S,,,,,,,,S,,,,R,,,S,,,,,R
624_3115,,,,,,,,,,,,S,,,,,,,,,S,,,,,,,,,,,,
624_3417,,S,,,,,,S,,,,,,R,,,,,,,R,,,,R,,,R,,,,,R
624_2167,R,S,S,,,,,S,S,S,S,,S,R,,S,R,,,,R,,,,R,R,S,R,,,R,R,
624_3511,,,,,,,,,,,,,,R,,,,,,,R,,,,,,,,,,,,
624_3669,,R,R,,,,,,,,,S,,S,,,S,,,S,,,,,,R,,,,,,R,
624_1955,R,S,S,,,,,S,S,S,S,,S,S,,S,R,,,,S,,,,R,S,S,S,,,R,R,
624_2085,,S,S,,,,,S,S,S,S,,S,R,,S,,,,,R,,,,,R,S,R,,,,R,
624_3643,,S,S,,,,,,,,,S,,S,,,S,,,S,,,,,,S,,,,,,R,
624_3648,,R,R,,,,,,,,,S,,S,,,S,,,S,,,,,,R,,,,,,R,
624_3495,,,,,,,,,,,,,,R,,,,,,,R,,,,,,,,,,,,
624_1241,,,,,,,,,,,,,,,R,,,,,,,,,,,,,,,,,,
624_471,,S,,,,,,,,,,,S,,,,,,,,,,,,R,,,R,,,,,R
624_3486,,,,,,,,,,,,,,S,,,,,,,R,,,,,,,,,,,,
624_3193,,S,,,,,,S,,,,,,R,,,,,,,,,,,,,,,,,,,R
624_3188,,S,,,,,,S,,,,,,R,,,,,,,,,,,,,,,,,,,R
624_3590,,S,S,,,,,,,,,S,,S,,,S,,,S,,,,,,R,,,,,,R,
624_3542,,R,S,,,,,,,,,R,,R,,,S,,,S,,,,,,R,,,,,,R,
624_3507,,,,,,,,,,,,,,R,,,,,,,R,,,,,,,,,,,,
624_3498,,,,,,,,,,,,,,R,,,,,,,R,,,,,,,,,,,,
624_2025,R,S,S,,,,,S,S,S,S,,S,R,,S,R,,,,R,,,,R,S,S,S,,,R,R,
624_3541,,R,R,,,,,,,,,R,,S,,,S,,,S,,,,,,R,,,,,,R,
624_3222,,S,,,,,,S,,,,,,R,,,,,,,,,,,,,,,,,,,R
624_3459,,,,,,,,,,,,,,R,,,,,,,R,,,,,,,,,,,,
624_3598,,S,S,,,,,,,,,S,,S,,,S,,,S,,,,,,R,,,,,,R,
624_3178,,S,,,,,,S,,,,,,R,,,,,,,,,,,,,,,,,,,R
624_556,,S,,,,,,,,,,,S,,,,,,,,S,,,,S,S,,S,,,,S,S
624_3500,,,,,,,,,,,,,,S,,,,,,,R,,,,,,,,,,,,
624_3828,,S,S,,,,,,,,,S,,S,,,S,,,S,,,,,,R,,,,,,R,
624_3665,,R,R,,,,,,,,,S,,S,,,S,,,S,,,,,,R,,,,,,R,
624_3348,,R,,,,,,R,,,,,,R,,,,,,,R,,,,R,,,R,,,,,R
624_3850,,R,R,,,,,,,,,S,,R,,,S,,,S,,,,,,R,,,,,,R,
624_3288,,S,,,,,,S,,,,,,S,,,,,,,S,,,,S,,,S,,,,,S
624_3281,,S,,,,,,S,,,,,,R,,,,,,,R,,,,S,,,R,,,,,R
624_3067,,,,,,,,,,,,S,,,,,,,,,S,,,,,,,,,,,,
624_3621,,R,R,,,,,,,,,S,,R,,,S,,,S,,,,,,R,,,,,,R,
624_3049,,,,,,,,,,,,R,,,,,,,,,R,,,,,,,,,,,,
624_3171,,,,,,,,,,,,S,,,,,,,,,R,,,,,,,,,,,,
624_3133,,,,,,,,,,,,R,,,,,,,,,R,,,,,,,,,,,,
624_3323,,S,,,,,,S,,,,,,R,,,,,,,R,,,,R,,,R,,,,,R
624_3331,,S,,,,,,S,,,,,,R,,,,,,,R,,,,R,,,R,,,,,R
624_1970,R,S,S,,,,,S,S,S,S,,S,S,,S,R,,,,S,,,,R,R,S,R,,,R,R,
624_3437,,S,,,,,,S,,,,,,R,,,,,,,R,,,,R,,,R,,,,,R
624_3746,,R,R,,,,,,,,,S,,S,,,S,,,S,,,,,,R,,,,,,R,
624_2070,R,S,S,,,,,S,S,S,S,,S,S,,S,R,,,,S,,,,R,R,S,R,,,R,R,
624_3512,,,,,,,,,,,,,,R,,,,,,,R,,,,,,,,,,,,
624_3238,,S,,,,,,S,,,,,,R,,,,,,,,,,,,,,,,,,,R
624_3384,,S,,,,,,S,,,,,,R,,,,,,,R,,,,R,,,R,,,,,R
624_3875,,R,R,,,,,,,,,S,,S,,,S,,,S,,,,,,R,,,,,,R,
624_3778,,R,S,,,,,,,,,S,,S,,,S,,,S,,,,,,R,,,,,,R,
624_1227,,,,,,,,,,,,R,,,,,,,,,,,,,,,,,,,,,
624_3271,,S,,,,,,S,,,,,,R,,,,,,,R,,,,S,,,R,,,,,R
624_3310,,R,,,,,,S,,,,,,R,,,,,,,R,,,,R,,,R,,,,,R
624_370,,S,,,,,,,,,,,S,,,,,,,,S,,,,S,S,,S,,,,S,S
624_3442,,,,,,,,,,,,,,R,,,,,,,R,,,,,,,,,,,,
624_1420,,,S,,,,,,,,,,,,,,,,,,,,,,,,,,,,,,
624_3516,,,,,,,,,,,,,,R,,,,,,,R,,,,,,,,,,,,
624_3600,,R,R,,,,,,,,,S,,S,,,S,,,S,,,,,,R,,,,,,R,
624_3680,,R,R,,,,,,,,,S,,S,,,S,,,S,,,,,,R,,,,,,R,
624_3430,,S,,,,,,S,,,,,,R,,,,,,,R,,,,R,,,R,,,,,R
624_3361,,S,,,,,,S,,,,,,R,,,,,,,R,,,,S,,,S,,,,,S
624_3051,,,,,,,,,,,,S,,,,,,,,,S,,,,,,,,,,,,
624_3550,,S,S,,,,,,,,,S,,S,,,S,,,S,,,,,,R,,,,,,R,
624_3414,,S,,,,,,S,,,,,,R,,,,,,,R,,,,S,,,S,,,,,S
624_3464,,,,,,,,,,,,,,R,,,,,,,R,,,,,,,,,,,,
624_3420,,S,,,,,,S,,,,,,R,,,,,,,R,,,,R,,,R,,,,,R
624_3793,,R,R,,,,,,,,,S,,S,,,S,,,S,,,,,,R,,,,,,R,
624_3258,,,,,,,,,,,,,,R,,,,,,,,,,,,,,,,,,,
624_3829,,R,S,,,,,,,,,R,,R,,,S,,,S,,,,,,R,,,,,,R,
624_1996,,S,S,,,,,S,S,S,S,,S,R,,S,,,,,R,,,,,R,S,R,,,,R,
624_3888,,S,S,,,,,,,,,S,,S,,,S,,,S,,,,,,R,,,,,,R,
624_3738,,R,R,,,,,,,,,S,,S,,,S,,,S,,,,,,R,,,,,,R,
624_3319,,S,,,,,,S,,,,,,R,,,,,,,R,,,,R,,,R,,,,,R
624_1253,,,,,,,,,,,,R,,,,,,,,,,,,,,,,,,,,,
624_3664,,S,S,,,,,,,,,S,,S,,,S,,,S,,,,,,R,,,,,,R,
624_3088,,,,,,,,,,,,R,,,,,,,,,R,,,,,,,,,,,,
624_3228,,S,,,,,,S,,,,,,R,,,,,,,,,,,,,,,,,,,R
624_3102,,,,,,,,,,,,R,,,,,,,,,R,,,,,,,,,,,,
624_3410,,S,,,,,,S,,,,,,R,,,,,,,R,,,,R,,,R,,,,,R
624_3909,,,,,,,,,,,,,,S,,,,,,,,,,,,,,,,,,,R
624_3819,,R,R,,,,,,,,,S,,S,,,S,,,S,,,,,,R,,,,,,R,
624_1169,,S,,,,,,,,,,,S,,,,,,,,S,,,,S,S,,S,,,,S,S
624_3635,,R,R,,,,,,,,,S,,S,,,S,,,S,,,,,,R,,,,,,R,
624_3532,,,,,,,,,,,,,,S,,,,,,,S,,,,,,,,,,,,
624_3872,,R,R,,,,,,,,,S,,S,,,S,,,S,,,,,,R,,,,,,R,
624_3061,,,,,,,,,,,,R,,,,,,,,,R,,,,,,,,,,,,
624_3092,,,,,,,,,,,,S,,,,,,,,,R,,,,,,,,,,,,
624_3659,,R,R,,,,,,,,,S,,S,,,S,,,S,,,,,,R,,,,,,R,
624_3252,,,,,,,,,,,,,,R,,,,,,,,,,,,,,,,,,,
624_3033,,,,,,,,,,,,S,,,,,,,,,R,,,,,,,,,,,,
624_3409,,S,,,,,,S,,,,,,R,,,,,,,R,,,,R,,,R,,,,,R
624_579,,S,,,,,,,,,,,S,,,,,,,,,,,,S,,,R,,,,,R
624_3395,,S,,,,,,S,,,,,,S,,,,,,,R,,,,R,,,R,,,,,R
624_3064,,,,,,,,,,,,S,,,,,,,,,S,,,,,,,,,,,,
624_395,,R,,,,,,,,,,,S,,,,,,,,S,,,,R,,,R,,,,,R
624_3770,,R,R,,,,,,,,,R,,S,,,S,,,S,,,,,,R,,,,,,R,
624_3173,,S,,,,,,,,,,,,R,,,,,,,,,,,,,,,,,,,R
624_3117,,,,,,,,,,,,R,,,,,,,,,R,,,,,,,,,,,,
624_3745,,R,R,,,,,,,,,S,,S,,,S,,,S,,,,,,R,,,,,,R,
624_3071,,,,,,,,,,,,R,,,,,,,,,R,,,,,,,,,,,,
624_3904,,,,,,,,,,,,,,R,,,,,,,,,,,,,,,,,,,
624_3147,,,,,,,,,,,,S,,,,,,,,,R,,,,,,,,,,,,
624_3645,,R,R,,,,,,,,,S,,S,,,S,,,S,,,,,,R,,,,,,R,
624_3225,,S,,,,,,S,,,,,,R,,,,,,,,,,,,,,,,,,,R
624_3108,,,,,,,,,,,,R,,,,,,,,,R,,,,,,,,,,,,
624_3421,,S,,,,,,S,,,,,,R,,,,,,,R,,,,R,,,R,,,,,R
624_3625,,R,R,,,,,,,,,S,,S,,,S,,,S,,,,,,R,,,,,,R,
624_3189,,S,,,,,,S,,,,,,R,,,,,,,,,,,,,,,,,,,R
624_404,,S,,,,,,,,,,,S,,,,,,,,S,,,,R,R,,R,,,,R,
624_3455,,,,,,,,,,,,,,R,,,,,,,R,,,,,,,,,,,,
624_3086,,,,,,,,,,,,R,,,,,,,,,R,,,,,,,,,,,,
624_533,,S,,,,,,,,,,,S,,,,,,,,S,,,,S,S,,S,,,,S,S
624_3157,,,,,,,,,,,,S,,,,,,,,,S,,,,,,,,,,,,
624_3509,,,,,,,,,,,,,,R,,,,,,,R,,,,,,,,,,,,
624_3614,,R,S,,,,,,,,,S,,S,,,S,,,S,,,,,,R,,,,,,R,
624_3471,,,,,,,,,,,,,,R,,,,,,,R,,,,,,,,,,,,
624_3065,,,,,,,,,,,,S,,,,,,,,,S,,,,,,,,,,,,
624_3583,,S,S,,,,,,,,,S,,S,,,S,,,S,,,,,,R,,,,,,S,
624_3401,,S,,,,,,S,,,,,,S,,,,,,,R,,,,R,,,R,,,,,R
624_3066,,,,,,,,,,,,R,,,,,,,,,R,,,,,,,,,,,,
624_3241,,S,,,,,,S,,,,,,R,,,,,,,,,,,,,,,,,,,R
624_3240,,S,,,,,,S,,,,,,R,,,,,,,,,,,,,,,,,,,R
624_3256,,,,,,,,,,,,,,R,,,,,,,,,,,,,,,,,,,
624_3359,,S,,,,,,S,,,,,,R,,,,,,,R,,,,R,,,R,,,,,R
624_3265,,,,,,,,,,,,,,R,,,,,,,,,,,,,,,,,,,
624_251,,S,,,,,,,,,,,S,,,,,,,,S,,,,R,R,,R,,,,R,
624_3887,,R,S,,,,,,,,,S,,S,,,S,,,S,,,,,,R,,,,,,R,
624_3321,,S,,,,,,S,,,,,,R,,,,,,,R,,,,R,,,R,,,,,R
624_3344,,S,,,,,,S,,,,,,R,,,,,,,R,,,,R,,,R,,,,,R
624_3034,,,,,,,,,,,,R,,,,,,,,,R,,,,,,,,,,,,
624_3488,,,,,,,,,,,,,,S,,,,,,,R,,,,,,,,,,,,
624_263,,S,,,,,,,,,,,S,,,,,,,,S,,,,S,S,,S,,,,S,S
624_3911,,,,,,,,,,,,,,S,,,,,,,,,,,,,,,,,,,R
624_3120,,,,,,,,,,,,S,,,,,,,,,S,,,,,,,,,,,,
624_3186,,S,,,,,,S,,,,,,R,,,,,,,,,,,,,,,,,,,R
624_3656,,S,S,,,,,,,,,S,,S,,,S,,,S,,,,,,S,,,,,,S,
624_1260,,,,,,,,,,,,R,,,,,,,,,,,,,,,,,,,,,
624_3134,,,,,,,,,,,,R,,,,,,,,,R,,,,,,,,,,,,
624_3595,,R,S,,,,,,,,,R,,S,,,S,,,S,,,,,,S,,,,,,R,
624_3072,,,,,,,,,,,,R,,,,,,,,,R,,,,,,,,,,,,
624_3336,,S,,,,,,S,,,,,,R,,,,,,,R,,,,R,,,R,,,,,R
624_545,,R,,,,,,,,,,,S,,,,,,,,R,,,,R,,,S,,,,,R
624_3796,,R,R,,,,,,,,,S,,S,,,S,,,S,,,,,,R,,,,,,R,
624_318,,S,,,,,,,,,,,S,,,,,,,,S,,,,R,S,,S,,,,R,
624_3112,,,,,,,,,,,,R,,,,,,,,,R,,,,,,,,,,,,
624_3129,,,,,,,,,,,,S,,,,,,,,,R,,,,,,,,,,,,
624_3910,,,,,,,,,,,,,,S,,,,,,,,,,,,,,,,,,,R
624_3162,,,,,,,,,,,,S,,,,,,,,,R,,,,,,,,,,,,
624_3649,,R,R,,,,,,,,,S,,S,,,S,,,S,,,,,,R,,,,,,R,
624_3143,,,,,,,,,,,,R,,,,,,,,,R,,,,,,,,,,,,
624_242,,R,,,,,,,,,,,S,,,,,,,,S,,,,R,,,S,,,,,R
624_3334,,S,,,,,,S,,,,,,R,,,,,,,R,,,,S,,,S,,,,,S
624_3307,,S,,,,,,S,,,,,,R,,,,,,,R,,,,R,,,R,,,,,R
624_3227,,R,,,,,,S,,,,,,R,,,,,,,,,,,,,,,,,,,R
624_127,,R,,,,,,,,,,,S,,,,,,,,R,,,,R,,,R,,,,,R
624_3163,,,,,,,,,,,,S,,,,,,,,,R,,,,,,,,,,,,
624_3327,,S,,,,,,S,,,,,,R,,,,,,,R,,,,R,,,R,,,,,R
624_1419,,,S,,,,,,,,,,,,,,,,,,,,,,,,,,,,,,
624_1424,,,S,,,,,,,,,,,,,,,,,,,,,,,,,,,,,,
624_3174,,S,,,,,,S,,,,,,R,,,,,,,,,,,,,,,,,,,R
624_3342,,S,,,,,,S,,,,,,R,,,,,,,R,,,,S,,,S,,,,,S
624_3095,,,,,,,,,,,,R,,,,,,,,,R,,,,,,,,,,,,
624_3591,,S,S,,,,,,,,,S,,R,,,S,,,S,,,,,,R,,,,,,R,
624_3851,,R,R,,,,,,,,,S,,S,,,S,,,S,,,,,,R,,,,,,R,
624_1258,,,,,,,,,,,,R,,,,,,,,,,,,,,,,,,,,,
624_594,,R,,,,,,,,,,,S,,,,,,,,S,,,,R,R,,R,,,,R,R
624_3533,,,,,,,,,,,,,,R,,,,,,,R,,,,,,,,,,,,
624_3070,,,,,,,,,,,,S,,,,,,,,,S,,,,,,,,,,,,
624_1411,,,S,,,,,,,,,,,,,,,,,,,,,,,,,,,,,,
624_3090,,,,,,,,,,,,S,,,,,,,,,S,,,,,,,,,,,,
624_3893,,R,R,,,,,,,,,S,,S,,,S,,,S,,,,,,R,,,,,,R,
624_3898,,R,R,,,,,,,,,S,,S,,,S,,,S,,,,,,R,,,,,,R,
624_3084,,,,,,,,,,,,R,,,,,,,,,R,,,,,,,,,,,,
624_3047,,,,,,,,,,,,R,,,,,,,,,R,,,,,,,,,,,,
624_550,,S,,,,,,,,,,,S,,,,,,,,,,,,R,,,R,,,,,R
624_3424,,S,,,,,,S,,,,,,R,,,,,,,R,,,,R,,,R,,,,,R
624_3324,,S,,,,,,S,,,,,,R,,,,,,,R,,,,R,,,R,,,,,R
624_3710,,S,S,,,,,,,,,S,,S,,,S,,,S,,,,,,R,,,,,,R,
624_3043,,,,,,,,,,,,R,,,,,,,,,R,,,,,,,,,,,,
624_3125,,,,,,,,,,,,S,,,,,,,,,S,,,,,,,,,,,,
624_3633,,R,R,,,,,,,,,S,,S,,,S,,,S,,,,,,R,,,,,,R,
624_3352,,S,,,,,,S,,,,,,R,,,,,,,R,,,,S,,,S,,,,,S
624_1416,,,S,,,,,,,,,,,,,,,,,,,,,,,,,,,,,,
624_3204,,R,,,,,,R,,,,,,R,,,,,,,,,,,,,,,,,,,R
624_3099,,,,,,,,,,,,S,,,,,,,,,S,,,,,,,,,,,,
624_3475,,,,,,,,,,,,,,S,,,,,,,R,,,,,,,,,,,,
624_3651,,R,R,,,,,,,,,S,,S,,,S,,,S,,,,,,R,,,,,,R,
624_3085,,,,,,,,,,,,S,,,,,,,,,R,,,,,,,,,,,,
624_3820,,S,S,,,,,,,,,S,,S,,,S,,,S,,,,,,R,,,,,,R,
624_3098,,,,,,,,,,,,S,,,,,,,,,R,,,,,,,,,,,,
624_3536,,,,,,,,,,,,,,R,,,,,,,R,,,,,,,,,,,,
624_3159,,,,,,,,,,,,R,,,,,,,,,R,,,,,,,,,,,,
624_3821,,S,S,,,,,,,,,S,,S,,,S,,,S,,,,,,S,,,,,,S,
624_3448,,,,,,,,,,,,,,R,,,,,,,R,,,,,,,,,,,,
624_3502,,,,,,,,,,,,,,R,,,,,,,R,,,,,,,,,,,,
624_3811,,R,S,,,,,,,,,S,,S,,,S,,,S,,,,,,R,,,,,,R,
624_3104,,,,,,,,,,,,S,,,,,,,,,R,,,,,,,,,,,,
624_3257,,,,,,,,,,,,,,R,,,,,,,,,,,,,,,,,,,
624_3286,,S,,,,,,S,,,,,,S,,,,,,,S,,,,S,,,S,,,,,S
624_3116,,,,,,,,,,,,R,,,,,,,,,R,,,,,,,,,,,,
624_3093,,,,,,,,,,,,S,,,,,,,,,R,,,,,,,,,,,,
624_3218,,S,,,,,,S,,,,,,R,,,,,,,,,,,,,,,,,,,R
624_3233,,S,,,,,,S,,,,,,R,,,,,,,,,,,,,,,,,,,R
624_3580,,R,S,,,,,,,,,S,,S,,,S,,,S,,,,,,R,,,,,,R,
624_1271,,,,,,,,,,,,R,,,,,,,,,,,,,,,,,,,,,
624_1242,,,,,,,,,,,,,,,R,,,,,,,,,,,,,,,,,,
624_3128,,,,,,,,,,,,S,,,,,,,,,R,,,,,,,,,,,,
624_3101,,,,,,,,,,,,R,,,,,,,,,R,,,,,,,,,,,,
624_3283,,R,,,,,,S,,,,,,S,,,,,,,S,,,,R,,,S,,,,,R
624_3113,,,,,,,,,,,,S,,,,,,,,,R,,,,,,,,,,,,
624_3466,,,,,,,,,,,,,,S,,,,,,,R,,,,,,,,,,,,
624_3493,,,,,,,,,,,,,,R,,,,,,,R,,,,,,,,,,,,
624_3508,,,,,,,,,,,,,,S,,,,,,,S,,,,,,,,,,,,
624_3505,,,,,,,,,,,,,,S,,,,,,,R,,,,,,,,,,,,
624_3296,,S,,,,,,S,,,,,,R,,,,,,,R,,,,R,,,R,,,,,R
624_3263,,,,,,,,,,,,,,R,,,,,,,,,,,,,,,,,,,
624_3041,,,,,,,,,,,,S,,,,,,,,,R,,,,,,,,,,,,
624_3140,,,,,,,,,,,,R,,,,,,,,,R,,,,,,,,,,,,
624_1434,,,S,,,,,,,,,,,,,,,,,,,,,,,,,,,,,,
624_3289,,S,,,,,,S,,,,,,R,,,,,,,R,,,,R,,,R,,,,,R
624_3210,,S,,,,,,S,,,,,,R,,,,,,,,,,,,,,,,,,,R
624_3368,,S,,,,,,S,,,,,,R,,,,,,,R,,,,S,,,S,,,,,S
624_3063,,,,,,,,,,,,R,,,,,,,,,R,,,,,,,,,,,,
624_3481,,S,,,,,,S,,,,,,R,,,,,,,R,,,,,,,,,,,,R
624_3458,,,,,,,,,,,,,,R,,,,,,,R,,,,,,,,,,,,
624_3109,,,,,,,,,,,,S,,,,,,,,,R,,,,,,,,,,,,
624_3463,,,,,,,,,,,,,,R,,,,,,,R,,,,,,,,,,,,
624_3156,,,,,,,,,,,,R,,,,,,,,,R,,,,,,,,,,,,
624_3024,,,,,,,,,,,,R,,,,,,,,,R,,,,,,,,,,,,
624_3338,,S,,,,,,S,,,,,,R,,,,,,,R,,,,R,,,R,,,,,R
624_330,,R,,,,,,,,,,,S,,,,,,,,S,,,,R,,,S,,,,,R
624_1613,,,S,,,,,,,,,,,,,,,,,,,,,,,,,,,,,,
624_3190,,S,,,,,,S,,,,,,R,,,,,,,,,,,,,,,,,,,R
624_1221,,,,,,,,,,,,,,,R,,,,,,,,,,,,,,,,,,
624_3534,,,,,,,,,,,,,,R,,,,,,,R,,,,,,,,,,,,
624_3264,,,,,,,,,,,,,,R,,,,,,,,,,,,,,,,,,,
624_3076,,,,,,,,,,,,R,,,,,,,,,R,,,,,,,,,,,,
624_3521,,,,,,,,,,,,,,R,,,,,,,R,,,,,,,,,,,,
624_3216,,S,,,,,,S,,,,,,R,,,,,,,,,,,,,,,,,,,R
624_3223,,S,,,,,,S,,,,,,R,,,,,,,,,,,,,,,,,,,R
624_3052,,,,,,,,,,,,R,,,,,,,,,R,,,,,,,,,,,,
624_3136,,,,,,,,,,,,S,,,,,,,,,R,,,,,,,,,,,,
624_3497,,,,,,,,,,,,,,R,,,,,,,R,,,,,,,,,,,,
624_3170,,,,,,,,,,,,R,,,,,,,,,R,,,,,,,,,,,,
624_3462,,,,,,,,,,,,,,R,,,,,,,R,,,,,,,,,,,,
624_3262,,,,,,,,,,,,,,R,,,,,,,,,,,,,,,,,,,
624_3026,,,,,,,,,,,,S,,,,,,,,,R,,,,,,,,,,,,
624_3155,,,,,,,,,,,,R,,,,,,,,,R,,,,,,,,,,,,
624_3907,,,,,,,,,,,,,,R,,,,,,,,,,,,,,,,,,,
624_3124,,,,,,,,,,,,S,,,,,,,,,S,,,,,,,,,,,,
624_3445,,,,,,,,,,,,,,R,,,,,,,R,,,,,,,,,,,,
624_3054,,,,,,,,,,,,R,,,,,,,,,R,,,,,,,,,,,,
624_3220,,S,,,,,,S,,,,,,R,,,,,,,,,,,,,,,,,,,R
624_3494,,,,,,,,,,,,,,R,,,,,,,R,,,,,,,,,,,,
624_1426,,,S,,,,,,,,,,,,,,,,,,,,,,,,,,,,,,
624_3209,,S,,,,,,S,,,,,,R,,,,,,,,,,,,,,,,,,,R
624_3141,,,,,,,,,,,,R,,,,,,,,,R,,,,,,,,,,,,
624_1421,,,S,,,,,,,,,,,,,,,,,,,,,,,,,,,,,,
624_3121,,,,,,,,,,,,R,,,,,,,,,R,,,,,,,,,,,,
624_1792,,,,,,,,,,,,,,R,,,,,,,,,,,,,,,,,,,
624_3447,,,,,,,,,,,,,,R,,,,,,,R,,,,,,,,,,,,
624_3036,,,,,,,,,,,,R,,,,,,,,,R,,,,,,,,,,,,
624_3111,,,,,,,,,,,,R,,,,,,,,,R,,,,,,,,,,,,
624_3073,,,,,,,,,,,,S,,,,,,,,,S,,,,,,,,,,,,
624_3522,,,,,,,,,,,,,,R,,,,,,,R,,,,,,,,,,,,
624_3050,,,,,,,,,,,,R,,,,,,,,,R,,,,,,,,,,,,
624_3529,,,,,,,,,,,,,,R,,,,,,,R,,,,,,,,,,,,
624_3031,,,,,,,,,,,,R,,,,,,,,,R,,,,,,,,,,,,
624_3042,,,,,,,,,,,,R,,,,,,,,,R,,,,,,,,,,,,
624_3123,,,,,,,,,,,,R,,,,,,,,,R,,,,,,,,,,,,
624_3503,,,,,,,,,,,,,,R,,,,,,,R,,,,,,,,,,,,
624_3103,,,,,,,,,,,,R,,,,,,,,,R,,,,,,,,,,,,
624_3456,,,,,,,,,,,,,,R,,,,,,,R,,,,,,,,,,,,
624_3142,,,,,,,,,,,,R,,,,,,,,,R,,,,,,,,,,,,
624_3030,,,,,,,,,,,,S,,,,,,,,,S,,,,,,,,,,,,
624_1413,,,S,,,,,,,,,,,,,,,,,,,,,,,,,,,,,,
624_3045,,,,,,,,,,,,S,,,,,,,,,S,,,,,,,,,,,,
624_1432,,,S,,,,,,,,,,,,,,,,,,,,,,,,,,,,,,
624_3152,,,,,,,,,,,,S,,,,,,,,,S,,,,,,,,,,,,
624_3501,,,,,,,,,,,,,,R,,,,,,,R,,,,,,,,,,,,
624_1234,,,,,,,,,,,,R,,,,,,,,,,,,,,,,,,,,,
624_3151,,,,,,,,,,,,R,,,,,,,,,R,,,,,,,,,,,,
624_1224,,,,,,,,,,,,,,,R,,,,,,,,,,,,,,,,,,
624_3053,,,,,,,,,,,,R,,,,,,,,,R,,,,,,,,,,,,
624_3246,,,,,,,,,,,,,,R,,,,,,,,,,,,,,,,,,,
624_3530,,,,,,,,,,,,,,R,,,,,,,R,,,,,,,,,,,,
624_3069,,,,,,,,,,,,R,,,,,,,,,R,,,,,,,,,,,,
624_3126,,,,,,,,,,,,R,,,,,,,,,R,,,,,,,,,,,,
624_3510,,,,,,,,,,,,,,R,,,,,,,R,,,,,,,,,,,,
624_1226,,,,,,,,,,,,R,,,,,,,,,,,,,,,,,,,,,
624_1223,,,,,,,,,,,,,,,R,,,,,,,,,,,,,,,,,,
624_3038,,,,,,,,,,,,R,,,,,,,,,R,,,,,,,,,,,,
624_3169,,,,,,,,,,,,R,,,,,,,,,R,,,,,,,,,,,,
624_3451,,,,,,,,,,,,,,,,,,,,,R,,,,,,,,,,,,
624_3139,,,,,,,,,,,,S,,,,,,,,,R,,,,,,,,,,,,
624_3167,,,,,,,,,,,,S,,,,,,,,,S,,,,,,,,,,,,
624_3105,,,,,,,,,,,,S,,,,,,,,,R,,,,,,,,,,,,
624_3457,,,,,,,,,,,,,,R,,,,,,,R,,,,,,,,,,,,
624_3470,,,,,,,,,,,,,,R,,,,,,,R,,,,,,,,,,,,
624_1237,,,,,,,,,,,,R,,,,,,,,,,,,,,,,,,,,,
624_3094,,,,,,,,,,,,S,,,,,,,,,S,,,,,,,,,,,,
624_3097,,,,,,,,,,,,S,,,,,,,,,R,,,,,,,,,,,,
624_3110,,,,,,,,,,,,S,,,,,,,,,R,,,,,,,,,,,,
624_3135,,,,,,,,,,,,S,,,,,,,,,R,,,,,,,,,,,,
624_3504,,,,,,,,,,,,,,R,,,,,,,R,,,,,,,,,,,,
624_1422,,,S,,,,,,,,,,,,,,,,,,,,,,,,,,,,,,
624_1232,,,,,,,,,,,,R,,,,,,,,,,,,,,,,,,,,,
624_3514,,,,,,,,,,,,,,R,,,,,,,R,,,,,,,,,,,,
624_1436,,,S,,,,,,,,,,,,,,,,,,,,,,,,,,,,,,
624_1239,,,,,,,,,,,,,,,R,,,,,,,,,,,,,,,,,,
624_1433,,,S,,,,,,,,,,,,,,,,,,,,,,,,,,,,,,
624_1266,,,,,,,,,,,,,,,R,,,,,,,,,,,,,,,,,,
624_1412,,,S,,,,,,,,,,,,,,,,,,,,,,,,,,,,,,
