,Aminoglycoside,B-lactam Combined Agents,Carbapenem,Cephem,Fluoroquinolone,Folate,Lipopeptide,Macrolide,Nitrofurans,Penicilin,Phenicol,Tetracycline
624_3758,S,,S,S,R,R,,R,,R,,
624_2031,R,,S,S,S,R,,S,,S,S,S
624_4272,R,R,S,R,S,R,S,S,S,R,S,R
624_4321,R,R,S,R,S,R,S,R,S,R,S,R
624_4367,R,R,S,R,S,R,S,R,S,R,S,R
624_2179,R,,S,S,S,R,,S,,S,S,R
624_1977,R,,S,S,R,R,,S,,S,S,R
624_3306,R,,,S,R,R,,,,S,,R
624_4358,S,R,S,R,S,R,S,S,S,R,S,R
624_4189,R,R,S,R,S,R,S,R,S,R,S,R
624_2086,R,,S,S,R,R,,S,,S,S,R
624_4309,R,R,S,R,S,S,S,S,S,R,S,S
624_3347,S,,,S,R,S,,,,S,,S
624_2029,R,,S,S,R,R,,S,,S,S,R
624_4197,S,S,S,S,S,R,S,S,S,S,S,R
624_4306,R,S,S,R,S,R,S,R,S,R,S,R
624_4361,R,R,S,R,S,R,S,S,S,R,S,R
624_4253,R,R,S,R,S,R,S,R,S,R,S,R
624_615,S,,,,S,S,,,,S,S,S
624_3544,R,,S,R,R,R,,R,,R,,
624_2106,S,,S,S,S,R,,S,,S,S,S
624_3696,S,,S,S,S,R,,S,,R,,
624_3626,S,,S,S,S,R,,R,,R,,
624_3789,S,,S,S,S,R,,S,,S,,
624_4243,R,R,S,R,S,R,S,R,S,R,S,R
624_1923,R,,R,R,R,R,,S,,R,S,R
624_2150,S,,R,R,S,R,,S,,R,R,R
624_1929,R,,S,S,R,R,,S,,S,S,S
624_3685,S,,S,S,R,R,,S,,S,,
624_193,S,,,,S,S,,,,S,S,S
624_1876,S,,S,S,S,R,,S,,S,S,S
624_3426,R,,,S,R,R,,,,S,,R
624_1928,R,,S,S,S,R,,S,,S,S,R
624_2206,R,,S,S,S,R,,S,,S,S,R
624_4238,R,R,S,R,S,R,S,R,S,R,S,R
624_3879,S,,S,S,S,R,,S,,S,,
624_1915,R,,R,R,S,R,,S,,R,S,R
624_3658,S,,S,S,S,R,,S,,S,,
624_3754,S,,S,S,S,R,,S,,S,,
624_3179,,,,S,R,R,,,,S,,
624_3663,S,,S,S,R,R,,S,,S,,
624_4258,R,R,S,R,S,R,S,S,R,R,R,R
624_160,R,,,,S,R,,,,R,S,R
624_1880,R,,S,S,R,R,,S,,S,S,R
624_2109,R,,R,R,S,R,,S,,R,S,R
624_3733,S,,S,R,S,R,,S,,R,,
624_4283,R,R,S,R,S,R,S,S,S,R,S,R
624_3800,S,,S,S,S,S,,S,,S,,
624_4307,S,R,S,R,S,S,S,S,S,R,S,S
624_1931,R,,S,S,S,R,,S,,S,S,S
624_4269,R,R,S,R,S,R,S,S,S,R,S,R
624_1958,R,,R,R,R,R,,R,,R,S,R
624_4428,R,R,S,R,S,R,S,R,S,R,S,R
624_4371,R,R,S,R,S,R,S,R,S,R,S,R
624_3196,,,,S,R,R,,,,S,,
624_91,S,,,,S,S,,,,S,S,S
624_4210,R,R,S,R,S,R,S,R,S,R,S,R
624_4404,R,S,S,R,S,R,R,R,S,R,S,R
624_4390,R,R,S,R,S,R,S,R,S,R,S,R
624_4315,R,R,S,R,S,R,S,R,S,R,S,R
624_2112,R,,R,R,S,R,,R,,R,S,R
624_2124,R,,S,S,S,R,,S,,S,S,R
624_3709,S,,S,R,S,R,,R,,R,,
624_4212,R,R,S,R,S,R,S,R,S,R,S,R
624_3611,S,,S,S,S,R,,R,,R,,
624_4319,R,R,S,R,S,R,S,R,S,R,S,R
624_1921,R,,S,S,S,R,,S,,S,S,R
624_3055,,,,R,R,,,,,,,
624_4372,R,S,S,R,S,R,S,R,S,R,S,R
624_3568,S,,S,S,S,R,,R,,R,,
624_3801,S,,S,S,S,R,,R,,R,,
624_4411,R,S,S,R,S,R,R,R,S,R,S,R
624_3485,,,,,S,,,,,,,
624_2063,R,,R,R,S,R,,S,,R,S,R
624_1942,R,,R,R,R,R,,S,,R,S,R
624_3362,R,,,S,R,R,,,,S,,R
624_1994,R,,S,S,S,R,,S,,S,S,R
624_2088,S,,S,S,S,R,,S,,S,S,S
624_3772,R,,S,R,S,R,,R,,R,,
624_3423,R,,,S,R,R,,,,S,,R
624_3172,,,,R,S,,,,,,,
624_2004,S,,S,S,R,R,,S,,S,S,S
624_4286,R,S,S,R,S,R,S,R,S,R,S,R
624_2105,S,,S,S,R,R,,S,,S,S,S
624_3224,,,,S,R,R,,,,S,,
624_2000,R,,R,R,R,R,,S,,R,S,R
624_3205,,,,R,R,R,,,,R,,
624_2170,R,,S,S,S,R,,S,,S,S,R
624_4352,R,R,S,R,S,R,S,R,S,R,S,R
624_2153,R,,S,S,S,R,,S,,S,S,S
624_4230,S,S,S,S,S,R,S,S,S,S,S,R
624_2178,S,,R,R,R,R,,S,,R,R,R
624_4294,R,R,S,R,S,R,S,R,S,R,S,R
624_4213,R,R,S,R,S,R,S,R,S,R,S,R
624_4183,R,R,S,R,S,R,S,R,S,R,S,R
624_3760,S,,S,S,S,R,,R,,R,,
624_4337,R,R,S,R,S,R,S,R,S,R,S,R
624_1962,R,,S,S,R,R,,S,,S,S,R
624_2181,R,,R,R,S,R,,R,,R,S,S
624_4236,R,R,S,R,S,R,S,R,S,R,S,R
624_1966,R,,S,S,S,R,,S,,S,S,R
624_2143,S,,R,R,R,R,,S,,R,S,S
624_2057,R,,S,S,S,R,,S,,S,S,S
624_2194,R,,R,R,S,R,,R,,R,S,R
624_3761,S,,S,S,S,R,,S,,S,,
624_2103,R,,S,S,S,R,,S,,S,S,R
624_3860,S,,S,S,R,R,,S,,S,,
624_4290,R,R,S,R,S,R,S,S,S,R,S,R
624_2177,S,,S,S,S,R,,S,,S,S,S
624_4275,R,R,S,R,S,R,S,S,S,R,S,R
624_4282,S,R,S,R,S,R,S,S,S,R,S,R
624_3389,R,,,S,R,R,,,,S,,R
624_4291,R,R,S,R,S,R,S,S,S,R,S,R
624_4334,R,R,S,R,S,R,S,R,S,R,S,R
624_2164,R,,S,S,R,R,,S,,S,S,R
624_2142,R,,R,R,S,R,,S,,R,S,R
624_4292,R,S,S,R,S,R,S,R,S,R,S,S
624_4202,R,R,S,R,S,R,S,R,S,R,S,R
624_4229,R,R,S,R,S,R,S,R,S,R,S,R
624_4250,R,R,S,R,S,R,S,R,S,R,S,R
624_3056,,,,S,R,,,,,,,
624_3350,R,,,S,R,R,,,,S,,R
624_2045,,,S,S,R,R,,S,,S,S,R
624_2081,R,,S,S,R,R,,S,,S,S,R
624_4218,R,R,S,R,S,R,S,R,S,R,S,R
624_3294,S,,,S,R,S,,,,R,,S
624_4416,R,R,S,R,S,R,S,R,S,R,S,R
624_2092,R,,S,S,S,R,,S,,S,S,R
624_4287,S,R,S,R,S,R,S,S,S,R,S,R
624_4341,R,R,S,R,S,R,S,R,S,R,S,R
624_4332,R,R,S,R,S,R,S,R,S,R,S,R
624_4277,R,S,S,R,R,R,S,S,S,R,R,S
624_504,S,,,,S,R,,,,S,S,S
624_4410,R,S,S,R,S,R,R,R,S,R,S,R
624_3096,,,,S,R,,,,,,,
624_2042,R,,S,S,R,R,,S,,S,S,R
624_2054,R,,S,S,R,R,,S,,S,S,R
624_3759,S,,S,S,S,R,,R,,R,,
624_477,R,,,,S,R,,,,S,S,R
624_3309,R,,,S,R,R,,,,S,,R
624_4370,R,R,S,R,S,R,S,R,S,R,S,R
624_1989,R,,S,S,S,R,,S,,S,S,R
624_2008,R,,R,R,S,R,,R,,R,S,S
624_4339,R,R,S,R,S,R,S,R,S,R,S,R
624_3465,,,,,R,,,,,,,
624_1896,R,,R,R,S,R,,R,,R,S,R
624_4263,S,S,S,R,S,S,S,S,S,R,S,S
624_371,R,,,,R,R,,,,S,S,R
624_3739,S,,S,S,S,R,,R,,R,,
624_3077,,,,S,R,,,,,,,
624_3627,S,,S,S,S,R,,R,,R,,
624_4426,R,R,S,R,S,R,S,R,S,R,S,R
624_2165,R,,S,S,S,R,,S,,S,S,R
624_2046,S,,S,S,S,R,,S,,S,S,S
624_1937,S,,S,S,R,R,,S,,S,S,S
624_1975,S,,S,S,S,S,,S,,S,S,S
624_3587,S,,S,S,R,R,,S,,S,,
624_2098,R,,S,S,R,R,,S,,S,S,R
624_4167,R,R,S,R,S,R,S,R,S,R,S,R
624_3279,R,,,R,R,S,,,,S,,R
624_1918,R,,S,S,S,R,,S,,S,S,R
624_3478,,,,,R,,,,,,,
624_3858,S,,S,S,S,R,,R,,R,,
624_4249,R,R,S,R,S,R,S,R,S,R,S,R
624_3890,S,,S,S,R,R,,R,,R,,
624_3441,,,,,R,,,,,,,
624_4172,R,S,S,R,S,R,S,R,S,R,S,R
624_3610,S,,S,S,S,R,,R,,R,,
624_3489,,,,,R,,,,,,,
624_2204,R,,R,R,R,R,,R,,R,S,R
624_2080,R,,R,R,S,R,,S,,R,S,S
624_1967,R,,R,R,R,R,,S,,R,S,R
624_1968,R,,R,R,R,R,,S,,R,S,R
624_1939,R,,R,R,S,R,,R,,R,S,R
624_2097,R,,S,S,S,R,,S,,S,S,R
624_3554,S,,S,S,S,R,,R,,R,,
624_3787,S,,S,R,S,R,,S,,R,,
624_2043,S,,R,R,S,R,,S,,R,S,R
624_1957,R,,S,S,S,R,,S,,S,S,R
624_3029,,,,R,R,,,,,,,
624_1893,R,,S,S,S,R,,S,,S,S,R
624_2191,R,,R,R,S,R,,R,,R,S,R
624_4406,R,R,S,R,S,R,R,R,S,R,S,R
624_3219,,,,S,R,R,,,,S,,
624_4379,R,S,S,R,S,R,S,R,S,R,S,R
624_2030,R,,S,S,S,R,,S,,S,S,R
624_1872,R,,S,S,S,R,,S,,S,S,R
624_3683,S,,S,S,S,R,,R,,R,,
624_3449,,,,,R,,,,,,,
624_4366,R,R,S,R,S,R,S,R,S,R,S,R
624_3748,S,,S,R,R,R,,S,,R,,
624_1959,R,,R,R,S,R,,S,,R,S,S
624_2014,R,,S,S,S,R,,S,,S,S,R
624_3299,R,,,S,R,S,,,,S,,R
624_3697,S,,S,S,S,R,,R,,S,,
624_2012,R,,S,S,S,R,,S,,S,S,R
624_3132,,,,S,S,,,,,,,
624_3335,R,,,S,R,R,,,,S,,R
624_4328,R,R,S,R,S,R,S,R,S,R,S,R
624_4264,R,R,S,R,S,R,S,R,S,R,S,R
624_4329,R,R,S,R,S,R,S,R,S,R,S,R
624_3317,R,,,S,R,R,,,,S,,R
624_4364,R,S,S,R,S,R,S,R,S,R,S,R
624_271,S,,,,S,S,,,,S,S,S
624_4226,R,R,S,R,S,R,S,R,S,R,S,R
624_3207,,,,S,R,R,,,,S,,
624_3857,S,,S,S,S,R,,S,,S,,
624_4354,R,R,S,R,S,R,S,R,S,R,S,R
624_2127,S,,S,S,R,R,,S,,S,S,S
624_3380,R,,,S,R,R,,,,S,,R
624_1953,R,,S,S,S,R,,S,,S,S,S
624_4274,R,R,S,R,S,R,S,R,S,R,S,R
624_3078,,,,R,R,,,,,,,
624_4246,R,R,S,R,S,R,S,S,S,R,S,R
624_2141,R,,R,R,S,R,,S,,R,S,S
624_4284,R,R,S,R,S,R,S,S,S,R,S,R
624_2056,R,,S,S,S,R,,S,,S,S,R
624_2003,R,,S,S,R,R,,S,,S,S,R
624_3816,S,,S,S,S,R,,R,,R,,
624_4266,R,R,S,R,S,R,S,S,S,R,S,R
624_3272,R,,,S,S,R,,,,S,,R
624_4234,R,R,S,R,S,R,S,R,S,R,S,R
624_4196,R,R,S,R,S,R,S,R,S,R,S,R
624_3662,S,,S,S,S,R,,R,,R,,
624_4351,R,R,S,R,S,R,S,R,S,R,S,R
624_3376,R,,,S,R,R,,,,S,,R
624_2114,R,,S,S,S,R,,S,,S,S,R
624_3695,S,,S,S,S,R,,S,,R,,
624_2190,R,,S,S,S,R,,S,,S,S,R
624_4333,R,R,S,R,S,R,S,R,S,R,S,R
624_525,R,,,,,R,,,,S,S,R
624_4407,R,R,S,R,S,R,R,R,S,R,S,R
624_2118,R,,S,S,S,R,,S,,S,S,R
624_4348,R,R,S,R,S,R,S,R,S,R,S,R
624_3797,S,,S,S,S,R,,S,,S,,
624_3295,S,,,S,S,S,,,,S,,S
624_1965,S,,S,S,S,R,,S,,S,S,S
624_4403,R,S,S,R,S,R,R,R,S,R,S,R
624_4171,R,R,S,R,S,R,S,R,S,R,S,R
624_4178,R,R,S,R,S,R,S,R,S,R,S,R
624_2108,R,,S,S,R,R,,S,,S,S,R
624_4343,R,R,S,R,S,R,S,R,S,R,S,R
624_1875,R,,S,S,R,R,,S,,S,S,R
624_126,R,,,,,R,,,,S,S,R
624_1963,R,,S,S,S,R,,S,,S,S,R
624_1892,R,,S,S,R,R,,S,,S,S,R
624_4195,R,R,S,R,S,R,S,R,S,R,S,R
624_2149,R,,S,S,S,R,,S,,S,S,R
624_4431,R,S,S,R,S,R,S,R,S,R,S,R
624_2026,R,,S,S,S,R,,S,,S,S,S
624_2163,R,,S,S,S,R,,S,,S,S,R
624_1914,R,,S,S,R,R,,S,,S,S,R
624_2196,R,,S,S,S,R,,S,,S,S,R
624_2192,R,,R,R,R,R,,S,,R,S,R
624_1895,R,,S,S,R,R,,S,,S,S,R
624_4356,R,R,S,R,S,R,S,R,S,R,S,R
624_4368,R,S,S,R,S,R,S,R,S,R,S,R
624_4310,R,R,S,R,S,R,S,S,S,R,S,R
624_4388,R,S,S,R,S,R,R,R,S,R,S,R
624_2144,S,,S,S,R,R,,S,,S,S,S
624_3360,S,,,S,R,S,,,,S,,S
624_4254,R,R,S,R,S,R,S,S,S,R,S,R
624_3769,S,,S,S,S,R,,R,,R,,
624_2152,R,,S,S,R,R,,S,,S,S,R
624_4186,R,R,S,R,S,R,S,R,S,R,S,R
624_189,R,,,,S,R,,,,S,S,R
624_4299,R,R,S,R,S,R,R,S,S,R,S,R
624_467,S,,,,R,S,,,,R,S,S
624_4244,S,S,S,S,S,S,S,S,S,S,S,S
624_3131,,,,S,R,,,,,,,
624_2032,R,,S,S,S,R,,S,,S,S,R
624_1971,R,,S,S,R,R,,S,,S,S,R
624_3378,R,,,S,R,R,,,,S,,R
624_1997,R,,S,S,R,R,,S,,S,S,R
624_2197,R,,R,R,R,R,,S,,R,S,R
624_2048,R,,R,R,S,R,,R,,R,S,R
624_4280,S,R,S,R,S,R,S,S,S,R,S,R
624_3885,S,,S,S,S,R,,R,,R,,
624_3482,,,,R,R,R,,,,R,,
624_2095,R,,R,R,S,R,,R,,R,S,S
624_3616,S,,S,S,R,R,,S,,S,,
624_3371,R,,,S,R,R,,,,S,,R
624_3790,S,,S,S,S,R,,R,,R,,
624_4345,R,R,S,R,S,R,S,R,S,R,S,R
624_2147,R,,S,S,R,R,,S,,S,S,S
624_4259,R,R,S,R,S,R,S,R,S,R,S,R
624_2084,R,,R,R,R,R,,R,,R,S,R
624_3273,R,,,S,R,R,,,,S,,R
624_1988,R,,R,R,S,R,,S,,R,S,S
624_4190,R,R,S,R,S,R,S,R,S,R,S,R
624_4350,R,R,S,R,S,R,S,R,S,R,S,R
624_3714,S,,S,S,S,S,,S,,S,,
624_1930,R,,S,S,S,R,,S,,S,S,S
624_3899,S,,S,R,R,R,,S,,R,,
624_4320,R,R,S,R,S,R,S,R,S,R,S,R
624_3871,S,,S,S,R,R,,S,,S,,
624_2041,R,,S,S,S,R,,S,,S,S,R
624_3847,S,,S,S,R,R,,R,,R,,
624_3803,S,,S,S,S,R,,S,,S,,
624_2091,R,,S,S,S,R,,S,,S,S,R
624_4276,R,R,S,R,S,R,S,S,S,R,S,R
624_4414,R,R,S,R,S,R,R,R,S,R,S,R
624_3343,S,,,S,R,S,,,,S,,S
624_2136,,,S,S,R,R,,S,,S,S,R
624_4204,R,R,S,R,S,R,S,R,S,R,S,R
624_3427,R,,,S,R,R,,,,S,,R
624_3037,,,,R,R,,,,,,,
624_2055,S,,S,S,R,R,,S,,S,S,S
624_1980,R,,R,R,R,R,,R,,R,S,R
624_2102,R,,R,R,S,R,,S,,R,S,R
624_4308,R,R,S,R,S,R,R,S,S,R,S,R
624_4397,R,R,S,R,S,R,R,R,S,R,S,R
624_566,S,,,,S,S,,,,S,S,S
624_4168,R,R,S,R,S,R,S,R,S,R,S,R
624_4271,S,S,S,S,S,R,S,S,S,S,S,R
624_1984,S,,R,R,R,R,,R,,R,S,S
624_3844,S,,S,S,R,R,,S,,S,,
624_1943,R,,S,S,S,R,,S,,S,S,R
624_3615,S,,S,S,S,R,,S,,S,,
624_4420,R,R,S,R,S,R,R,R,S,R,S,R
624_4386,R,R,S,R,S,R,S,R,S,R,S,R
624_4392,R,R,S,R,S,R,R,R,S,R,S,R
624_4295,R,R,S,R,S,R,R,S,S,R,S,R
624_3593,S,,S,S,S,R,,S,,S,,
624_3766,S,,S,S,S,R,,R,,R,,
624_2017,R,,R,R,R,R,,R,,R,S,R
624_1414,,,,,,,,S,,,,
624_4176,S,S,S,S,S,R,S,S,S,S,S,R
624_4377,R,R,S,R,S,R,S,R,S,R,S,R
624_4305,R,S,S,S,S,R,S,S,S,R,S,R
624_1948,R,,S,S,S,R,,S,,S,S,R
624_2168,R,,S,S,S,R,,S,,S,S,R
624_1909,,,S,S,R,R,,S,,S,S,R
624_4217,R,R,S,R,S,R,S,R,S,R,S,R
624_3896,S,,S,S,S,R,,R,,R,,
624_3661,S,,S,S,S,R,,R,,R,,
624_2119,R,,R,R,S,R,,R,,R,S,R
624_3786,S,,S,S,S,R,,R,,R,,
624_392,R,,,,R,R,,,,R,S,S
624_1236,,,,R,,,,,,,,
624_1993,R,,S,S,S,R,,S,,S,S,R
624_2172,R,,R,R,S,R,,R,,R,S,R
624_1886,R,,S,S,R,R,,S,,S,S,R
624_4378,R,S,S,R,S,R,S,R,S,R,S,R
624_1889,R,,S,S,S,R,,S,,S,S,R
624_3646,S,,S,S,S,R,,R,,R,,
624_4340,R,R,S,R,S,R,S,R,S,R,S,R
624_4181,R,R,S,R,S,R,S,R,S,R,S,R
624_4193,R,R,S,R,S,R,S,R,S,R,S,R
624_2138,R,,S,S,S,R,,S,,S,S,R
624_4198,R,R,S,R,S,R,S,R,S,R,S,R
624_3870,S,,S,S,R,R,,S,,S,,
624_2033,R,,S,S,S,R,,S,,S,S,R
624_4357,S,R,S,R,S,R,S,R,S,R,R,R
624_2129,R,,R,R,S,R,,S,,R,S,R
624_4232,R,R,S,R,S,R,S,R,S,R,S,R
624_4424,R,R,S,R,S,R,S,R,S,R,S,R
624_2018,R,,S,S,S,R,,S,,S,S,R
624_3705,S,,S,S,S,R,,S,,R,,
624_372,R,,,,R,R,,,,R,S,R
624_4353,R,R,S,R,S,R,S,S,S,R,S,R
624_2137,S,,S,S,S,R,,S,,S,S,S
624_3304,R,,,S,R,R,,,,S,,R
624_593,S,,,,R,R,,,,S,S,S
624_4312,R,R,S,R,S,R,S,S,S,R,S,R
624_4185,R,R,S,R,S,R,S,R,S,R,S,R
624_1925,R,,S,S,S,R,,S,,S,S,R
624_4279,R,S,S,R,S,R,S,R,S,R,S,R
624_1954,R,,S,S,S,R,,S,,S,S,R
624_1972,R,,S,S,S,R,,S,,S,S,R
624_3366,S,,,S,R,S,,,,S,,S
624_2044,R,,R,R,S,R,,R,,R,S,R
624_4245,S,R,S,S,S,R,S,S,S,R,S,R
624_3356,S,,,S,R,S,,,,S,,S
624_1913,R,,S,S,R,R,,S,,S,S,R
624_2203,R,,S,S,S,R,,S,,S,S,R
624_4288,S,S,S,R,S,S,S,R,S,R,S,S
624_2175,S,,S,S,R,S,,S,,S,S,S
624_2107,R,,R,R,S,R,,S,,R,S,R
624_3354,R,,,S,R,R,,,,S,,R
624_1888,R,,R,R,R,R,,S,,R,S,R
624_4240,S,S,S,S,S,R,S,S,S,S,S,R
624_4199,R,R,S,R,S,R,S,R,S,R,S,R
624_1952,S,,S,S,S,R,,S,,S,S,S
624_4219,R,R,S,R,S,R,S,R,S,R,S,R
624_2173,R,,S,S,S,R,,S,,S,S,R
624_2062,S,,R,R,S,R,,S,,R,R,R
624_3242,,,,S,R,S,,,,S,,
624_3480,,,,R,R,R,,,,R,,
624_4209,R,R,S,R,S,R,S,R,S,R,S,R
624_3841,S,,S,S,R,R,,S,,S,,
624_2166,R,,S,S,S,R,,S,,S,S,R
624_2009,R,,S,S,S,R,,S,,S,S,R
624_4336,R,R,S,R,S,R,S,R,S,R,S,R
624_1992,R,,S,S,R,R,,S,,S,S,S
624_2188,,,S,S,R,R,,S,,S,S,R
624_2133,R,,R,R,R,R,,R,,R,S,R
624_2117,R,,S,S,R,R,,S,,S,S,R
624_1924,S,,R,R,R,R,,R,,R,S,S
624_2125,R,,S,S,S,R,,S,,S,S,R
624_4380,R,S,S,R,S,R,S,R,S,R,S,R
624_549,S,,,,S,R,,,,S,S,S
624_3604,S,,S,S,S,R,,R,,R,,
624_4322,R,R,S,R,S,R,S,R,S,R,S,R
624_4252,R,R,S,R,S,R,S,R,S,R,S,R
624_3332,S,,,S,R,S,,,,S,,S
624_3734,S,,S,S,S,R,,R,,R,,
624_3582,S,,S,R,R,R,,R,,R,,
624_119,R,,,,S,R,,,,R,R,R
624_3861,S,,S,R,S,R,,R,,R,,
624_1945,R,,R,R,S,R,,R,,R,S,R
624_130,R,,,,R,R,,,,R,S,R
624_1934,R,,R,R,R,R,,R,,R,S,S
624_4242,R,R,S,R,S,R,S,R,S,R,S,R
624_503,R,,,,S,R,,,,R,R,R
624_2059,R,,R,R,R,R,,R,,R,S,R
624_4281,R,R,S,R,S,R,S,S,S,R,S,R
624_4349,R,R,S,R,S,R,S,R,S,R,S,R
624_2186,R,,R,R,R,R,,S,,R,S,R
624_4393,R,R,S,R,S,R,S,R,R,R,S,R
624_3753,S,,S,S,S,R,,S,,S,,
624_2079,R,,R,R,R,R,,S,,R,S,R
624_3715,S,,S,S,S,R,,S,,S,,
624_2015,S,,S,S,S,R,,S,,S,S,S
624_4223,R,R,S,R,S,R,S,R,S,R,S,R
624_4221,R,R,S,R,S,R,S,R,S,R,S,R
624_1976,S,,S,S,S,R,,S,,S,S,S
624_1951,R,,S,S,S,R,,S,,S,S,R
624_3027,,,,R,R,,,,,,,
624_3563,S,,S,S,S,R,,S,,R,,
624_3892,S,,S,S,S,R,,S,,S,,
624_3686,S,,S,S,S,R,,R,,R,,
624_3490,,,,,R,,,,,,,
624_4394,R,S,S,R,S,R,R,R,S,R,S,R
624_2013,R,,S,S,R,R,,S,,S,S,R
624_1877,R,,S,S,S,R,,S,,S,S,R
624_3396,R,,,S,R,R,,,,S,,R
624_2064,R,,R,R,S,R,,R,,R,S,R
624_3913,S,,S,R,R,R,,S,,R,,
624_4326,R,R,S,R,S,R,S,R,S,R,S,R
624_4412,R,R,S,R,S,R,R,R,S,R,S,R
624_3755,S,,S,S,S,R,,S,,S,,
624_4425,R,R,S,R,S,R,R,R,S,R,S,R
624_4180,R,R,S,R,S,S,S,R,S,R,S,R
624_4387,R,R,S,R,S,R,S,R,S,R,S,R
624_2183,R,,R,R,S,R,,R,,R,S,R
624_2075,R,,S,S,S,R,,S,,S,S,R
624_107,R,,,,S,R,,,,R,S,R
624_2134,R,,S,S,R,R,,S,,S,S,R
624_3300,S,,,S,R,R,,,,S,,S
624_2171,,,S,S,R,R,,S,,S,S,R
624_3628,S,,S,S,S,R,,R,,R,,
624_3403,R,,,S,R,R,,,,S,,R
624_1950,R,,R,R,R,R,,R,,R,S,S
624_3812,S,,S,S,S,R,,R,,R,,
624_4415,R,R,S,R,S,R,R,R,S,R,S,R
624_4256,R,R,S,R,S,R,S,R,S,R,S,R
624_3369,S,,,S,R,S,,,,S,,S
624_3318,R,,,S,R,R,,,,S,,R
624_2047,R,,S,S,R,R,,S,,S,S,R
624_1417,,,,,,,,S,,,,
624_3830,S,,S,S,S,R,,S,,S,,
624_3353,R,,,S,R,R,,,,S,,R
624_3404,R,,,S,R,R,,,,R,,R
624_3757,S,,S,S,S,S,,S,,S,,
624_3638,S,,S,S,S,R,,R,,R,,
624_2094,R,,R,R,S,R,,S,,R,R,R
624_3144,,,,R,R,,,,,,,
624_4318,S,R,S,R,S,S,S,S,S,R,S,S
624_3214,,,,S,R,R,,,,S,,
624_2198,R,,S,S,S,R,,S,,S,S,S
624_2131,R,,S,S,R,R,,S,,S,S,R
624_208,R,,,,S,R,,,,R,R,R
624_4215,R,R,S,R,S,R,S,R,S,R,S,R
624_3886,S,,S,S,S,R,,S,,S,,
624_3259,,,,,R,,,,,,,
624_4323,R,R,S,R,S,R,S,R,S,R,S,R
624_2121,R,,S,S,S,R,,S,,S,S,R
624_4311,R,R,S,R,S,R,S,R,S,R,S,R
624_2120,R,,R,R,S,R,,S,,R,S,S
624_3547,R,,S,R,R,R,,R,,R,,
624_2005,R,,S,S,S,R,,S,,S,S,R
624_3357,R,,,S,R,R,,,,S,,R
624_4285,R,R,S,R,S,R,S,S,S,R,S,R
624_3197,,,,S,R,R,,,,S,,
624_3654,S,,S,S,S,R,,R,,R,,
624_136,R,,,,S,R,,,,S,S,R
624_3676,S,,S,S,S,R,,R,,R,,
624_2199,R,,S,S,R,R,,S,,S,S,S
624_4381,R,R,S,R,S,S,S,R,S,R,S,S
624_4325,R,R,S,R,S,R,S,R,S,R,S,R
624_1899,R,,S,S,S,R,,S,,S,S,R
624_1936,R,,S,S,S,R,,S,,S,S,S
624_3060,,,,S,R,,,,,,,
624_4385,R,R,S,R,S,R,S,S,S,R,S,R
624_2039,R,,S,S,R,R,,S,,S,S,R
624_2073,R,,S,S,S,R,,S,,S,S,R
624_3632,S,,S,S,S,R,,R,,R,,
624_3771,S,,S,S,R,R,,S,,S,,
624_2077,R,,S,S,S,R,,S,,S,S,R
624_4200,R,R,S,R,S,R,S,R,S,R,S,R
624_3657,S,,S,S,S,R,,R,,R,,
624_1904,S,,S,S,S,R,,S,,S,S,S
624_4423,R,R,S,R,S,R,R,R,S,R,S,R
624_1935,R,,S,S,S,R,,S,,S,S,R
624_1916,R,,S,S,R,R,,S,,S,S,R
624_2184,R,,S,S,R,R,,S,,S,S,R
624_3275,S,,,S,S,R,,,,S,,S
624_2065,R,,S,S,R,R,,S,,S,S,R
624_3592,S,,S,S,R,R,,S,,S,,
624_2096,,,S,S,R,R,,S,,S,S,R
624_2072,R,,S,S,R,R,,S,,S,S,R
624_1882,R,,S,S,R,R,,S,,S,S,R
624_3382,R,,,S,R,R,,,,S,,R
624_4376,R,S,S,R,S,R,S,R,S,R,S,R
624_2157,R,,S,S,S,R,,S,,S,S,R
624_3278,S,,,S,R,S,,,,S,,S
624_2011,S,,R,R,R,R,,S,,R,S,S
624_3230,,,,S,R,R,,,,S,,
624_3454,,,,,R,,,,,,,
624_2180,R,,R,R,R,R,,S,,R,S,R
624_2024,R,,S,S,S,R,,S,,S,S,R
624_1983,R,,S,S,R,R,,S,,S,S,R
624_3393,R,,,S,R,R,,,,S,,R
624_1995,S,,S,S,S,R,,S,,S,S,S
624_4303,R,R,S,R,S,R,S,R,S,R,S,R
624_3566,S,,S,S,S,R,,R,,R,,
624_2090,,,S,S,R,R,,S,,S,S,R
624_3730,S,,S,S,R,R,,S,,S,,
624_1890,R,,S,S,S,R,,S,,S,S,R
624_2113,R,,S,S,R,R,,S,,S,S,R
624_3743,S,,S,S,S,R,,R,,R,,
624_4365,R,S,S,R,S,R,S,R,S,R,S,R
624_573,R,,,,S,R,,,,R,S,R
624_3845,S,,S,R,S,R,,S,,R,,
624_2035,R,,S,S,R,R,,S,,S,S,R
624_3723,S,,S,S,R,R,,S,,S,,
624_2020,R,,R,R,S,R,,R,,R,S,R
624_4179,R,R,S,R,S,R,S,R,S,R,S,R
624_4413,R,S,S,R,S,R,R,R,S,R,S,R
624_3905,,,,S,R,R,,,,S,,
624_4335,R,R,S,R,S,R,S,R,S,R,S,R
624_3234,,,,S,R,R,,,,S,,
624_3231,,,,S,R,R,,,,S,,
624_4418,R,R,S,R,S,R,R,R,S,R,S,R
624_1999,R,,S,S,S,R,,S,,S,S,R
624_3266,R,,,S,R,R,,,,S,,R
624_1927,R,,S,S,R,R,,S,,S,S,R
624_4408,R,S,S,R,S,R,S,S,S,R,S,R
624_4373,R,S,S,R,S,R,S,R,S,R,S,R
624_4265,S,R,S,R,S,S,S,S,S,R,S,S
624_1917,R,,S,S,S,R,,S,,S,S,R
624_181,R,,,,R,R,,,,R,S,R
624_1946,R,,S,S,S,R,,S,,S,S,R
624_1906,R,,S,S,R,R,,S,,S,S,S
624_3438,R,,,S,R,R,,,,S,,R
624_2158,R,,R,R,S,R,,R,,R,S,R
624_4359,R,R,S,R,S,R,S,S,S,R,S,R
624_3177,,,,S,R,R,,,,S,,
624_3682,S,,S,S,S,R,,S,,R,,
624_2126,R,,R,R,S,R,,R,,R,S,R
624_4247,R,R,S,R,S,R,S,R,S,R,S,R
624_2052,R,,S,S,S,R,,S,,S,S,R
624_4421,R,R,S,R,S,R,S,R,S,R,S,R
624_2007,S,,S,S,S,R,,S,,S,S,S
624_2089,R,,R,R,S,R,,R,,R,S,R
624_2148,R,,S,S,S,R,,S,,S,S,R
624_4347,R,R,S,R,S,R,S,R,S,R,S,R
624_3732,S,,S,S,S,R,,S,,S,,
624_3619,S,,S,S,S,R,,S,,S,,
624_1894,R,,R,R,S,R,,R,,R,S,R
624_171,S,,,,S,S,,,,S,S,R
624_3058,,,,S,R,,,,,,,
624_3788,S,,S,S,S,R,,S,,S,,
624_2201,R,,R,R,S,R,,R,,R,S,R
624_3702,S,,S,S,S,R,,S,,S,,
624_3412,R,,,S,R,R,,,,S,,R
624_3346,R,,,S,R,R,,,,S,,R
624_3700,R,,S,R,S,R,,S,,R,,
624_174,R,,,,S,R,,,,R,S,S
624_285,S,,,,,R,,,,S,S,R
624_3712,S,,S,S,S,R,,R,,R,,
624_4346,R,R,S,R,S,R,S,R,S,R,S,R
624_4241,R,R,S,R,S,R,S,R,S,R,S,R
624_4391,R,R,S,R,S,R,S,R,S,R,S,R
624_1974,R,,S,S,R,R,,S,,S,S,R
624_4362,R,R,S,R,S,R,S,R,S,R,S,R
624_3467,,,,S,R,R,,,,S,,
624_3200,,,,S,R,R,,,,S,,
624_3784,S,,S,S,S,R,,R,,R,,
624_2140,S,,S,S,S,R,,S,,S,S,S
624_4400,R,R,S,R,S,R,R,R,S,R,S,R
624_4170,R,R,S,R,S,R,S,R,S,R,S,S
624_1933,R,,S,S,S,R,,S,,S,S,R
624_3339,R,,,S,R,R,,,,S,,R
624_437,S,,,,S,S,,,,S,S,S
624_1960,S,,R,R,S,R,,S,,R,R,R
624_3729,S,,S,S,R,R,,S,,S,,
624_3846,S,,S,R,R,R,,S,,R,,
624_2023,R,,S,S,R,R,,S,,S,S,S
624_3555,S,,S,S,S,S,,S,,S,,
624_2006,R,,S,S,S,R,,S,,S,S,R
624_1949,R,,R,R,R,R,,R,,R,S,R
624_2189,R,,S,S,S,R,,S,,S,S,R
624_2082,R,,R,R,R,R,,S,,R,S,R
624_2169,R,,S,S,R,R,,S,,S,S,R
624_2060,R,,R,R,S,R,,R,,R,S,S
624_2146,R,,S,S,R,R,,S,,S,S,R
624_3432,R,,,S,R,R,,,,S,,R
624_4222,R,R,S,R,S,R,S,R,S,R,S,R
624_4409,R,R,S,R,S,R,R,R,S,R,S,R
624_3057,,,,S,S,,,,,,,
624_1981,R,,S,S,R,R,,S,,S,S,R
624_3603,S,,S,S,S,R,,S,,S,,
624_1986,,,S,S,R,R,,S,,S,S,R
624_2010,S,,S,S,S,R,,S,,S,S,S
624_2162,R,,S,S,R,R,,S,,S,S,R
624_1911,R,,R,R,R,R,,S,,R,R,R
624_1985,R,,R,R,R,R,,R,,R,S,R
624_3284,R,,,S,R,R,,,,S,,R
624_4298,R,R,S,R,S,R,S,S,S,R,S,R
624_2076,R,,S,S,R,R,,S,,S,S,R
624_3707,S,,S,S,S,R,,R,,R,,
624_4207,R,R,S,R,S,R,S,R,S,R,S,R
624_4395,R,R,S,R,S,R,R,R,S,R,S,R
624_3191,,,,S,R,R,,,,S,,
624_4177,R,R,S,R,S,R,S,R,S,R,S,R
624_3813,S,,S,S,S,R,,S,,S,,
624_2176,S,,S,S,R,R,,S,,S,S,S
624_3774,S,,S,S,S,R,,R,,R,,
624_233,R,,,,S,R,,,,S,S,R
624_3584,S,,S,S,R,R,,S,,S,,
624_4175,R,R,S,R,S,R,S,R,S,R,S,R
624_3477,,,,,R,,,,,,,
624_4422,R,R,S,R,S,R,R,R,S,R,S,R
624_3118,,,,R,R,,,,,,,
624_375,R,,,,S,R,,,,R,S,S
624_3434,S,,,S,R,S,,,,S,,S
624_4261,S,R,S,R,S,S,S,S,S,R,S,S
624_3791,S,,S,S,S,R,,S,,S,,
624_2100,,,S,S,R,R,,S,,S,S,R
624_4374,R,S,S,R,S,R,S,R,S,R,S,R
624_3436,R,,,S,R,R,,,,S,,R
624_3833,S,,S,S,S,R,,S,,S,,
624_3640,S,,S,S,S,R,,R,,R,,
624_3831,S,,S,S,S,R,,S,,S,,
624_3313,S,,,S,R,S,,,,S,,S
624_2069,S,,S,S,R,R,,S,,S,S,S
624_4262,S,S,S,S,S,R,S,S,S,S,S,R
624_3589,S,,S,S,S,R,,S,,S,,
624_3815,S,,S,S,S,R,,R,,R,,
624_3345,S,,,S,R,S,,,,S,,S
624_3718,S,,S,S,S,R,,R,,R,,
624_3059,,,,R,R,,,,,,,
624_1922,R,,S,S,R,R,,S,,S,S,R
624_534,R,,,,R,R,,,,R,S,R
624_3087,,,,R,R,,,,,,,
624_3809,S,,S,S,S,S,,S,,S,,
624_2156,R,,R,R,S,R,,R,,R,S,R
624_3673,S,,S,S,S,R,,R,,R,,
624_3667,S,,S,S,S,R,,R,,R,,
624_1956,R,,S,S,S,R,,S,,S,S,R
624_113,S,,,,R,R,,,,R,S,S
624_4260,S,S,S,S,S,S,S,S,S,S,S,S
624_1991,R,,S,S,S,R,,S,,S,S,R
624_1961,S,,S,S,S,S,,S,,S,S,S
624_2051,R,,S,S,R,R,,S,,S,S,R
624_4182,R,R,S,R,S,R,S,R,S,R,S,R
624_3557,S,,S,S,S,R,,R,,R,,
624_3814,S,,S,S,S,R,,S,,R,,
624_4383,R,S,S,R,S,R,S,R,S,R,S,R
624_1908,R,,S,S,R,R,,S,,S,S,R
624_3575,S,,S,S,S,R,,S,,S,,
624_3408,R,,,S,R,R,,,,R,,R
624_3873,S,,S,S,S,R,,R,,R,,
624_3560,S,,S,S,S,R,,R,,R,,
624_3025,,,,R,R,,,,,,,
624_1920,R,,S,S,R,R,,S,,S,S,R
624_3355,R,,,S,R,R,,,,R,,R
624_3161,,,,R,R,,,,,,,
624_1990,R,,R,R,S,R,,S,,R,S,R
624_4301,R,S,S,R,S,R,S,S,S,R,S,R
624_1940,,,S,S,R,R,,S,,S,S,R
624_4293,R,S,S,R,S,R,S,S,S,R,S,R
624_3724,S,,S,S,R,R,,R,,R,,
624_1891,S,,S,S,S,R,,S,,S,S,S
624_226,S,,,,S,S,,,,S,S,S
624_3650,S,,S,S,S,R,,R,,R,,
624_3826,S,,S,S,S,R,,R,,R,,
624_3383,S,,,S,R,S,,,,S,,S
624_3634,S,,S,S,S,R,,R,,R,,
624_3407,R,,,S,R,R,,,,S,,R
624_4214,R,R,S,R,S,R,S,R,S,R,S,R
624_3565,S,,S,S,S,R,,R,,R,,
624_4417,R,R,S,R,S,R,R,R,S,R,S,R
624_1919,S,,R,R,R,R,,S,,R,S,S
624_4216,S,S,S,R,S,R,S,S,S,R,S,R
624_3433,S,,,S,R,S,,,,S,,S
624_3539,S,,S,R,S,R,,S,,R,,
624_3285,R,,,S,R,R,,,,S,,R
624_3711,S,,S,S,S,R,,R,,R,,
624_1941,R,,S,S,S,R,,S,,S,S,R
624_3765,S,,S,S,S,R,,S,,S,,
624_4235,R,R,S,R,S,R,S,R,S,R,S,R
624_3853,S,,S,S,S,S,,S,,S,,
624_3046,,,,R,R,,,,,,,
624_2016,R,,R,R,S,R,,S,,R,S,R
624_4251,R,R,S,R,S,R,S,R,S,R,S,R
624_3337,R,,,S,R,R,,,,S,,R
624_2050,R,,S,S,R,R,,S,,S,S,R
624_3302,R,,,S,R,R,,,,R,,R
624_3399,R,,,S,R,R,,,,S,,R
624_3701,S,,S,S,S,R,,R,,R,,
624_2019,,,S,S,R,R,,S,,S,S,R
624_3843,S,,S,S,R,R,,S,,S,,
624_3798,S,,S,S,S,R,,S,,S,,
624_1998,R,,S,S,S,R,,S,,S,S,R
624_3439,R,,,S,R,R,,,,S,,R
624_3674,S,,S,R,S,R,,R,,R,,
624_1964,R,,S,S,S,R,,S,,S,S,R
624_4331,R,R,S,R,S,R,S,R,S,R,S,R
624_140,R,,,,S,R,,,,R,S,R
624_3035,,,,R,R,,,,,,,
624_3792,S,,S,S,S,R,,S,,S,,
624_1873,R,,S,S,R,R,,S,,S,S,R
624_1883,,,S,S,R,R,,S,,S,S,R
624_3476,,,,R,R,R,,,,R,,
624_3586,S,,S,R,S,R,,S,,R,,
624_3106,,,,S,S,,,,,,,
624_2110,R,,S,S,S,R,,S,,S,S,R
624_3679,S,,S,R,S,R,,R,,R,,
624_4205,R,R,S,R,S,R,S,R,S,R,S,R
624_3290,S,,,S,R,S,,,,S,,S
624_2145,R,,R,R,R,R,,S,,R,S,R
624_429,S,,,,S,S,,,,S,S,S
624_4300,S,R,S,R,S,R,S,S,S,R,S,S
624_4313,R,R,S,R,S,R,S,R,S,R,S,R
624_3762,,,S,R,R,R,,R,,R,,
624_3394,R,,,S,R,R,,,,S,,R
624_1897,R,,S,S,R,R,,S,,S,S,R
624_3130,,,,S,S,,,,,,,
624_3612,S,,S,S,S,R,,R,,R,,
624_2101,R,,R,R,R,R,,R,,R,S,R
624_583,S,,,,S,S,,,,R,S,S
624_3379,S,,,S,R,S,,,,S,,S
624_3185,,,,S,R,R,,,,S,,
624_4191,R,R,S,R,S,R,S,R,S,R,S,R
624_4375,R,R,S,R,S,R,S,S,S,R,S,R
624_3370,R,,,S,R,R,,,,S,,R
624_4188,R,S,S,R,S,R,S,R,S,R,S,R
624_2087,R,,S,S,S,R,,S,,S,S,R
624_3806,S,,S,S,S,R,,R,,R,,
624_1409,,,,,,,,S,,,,
624_4278,R,R,S,R,S,R,S,S,S,R,S,R
624_3119,,,,R,R,,,,,,,
624_589,S,,,,S,S,,,,S,S,S
624_3236,,,,S,R,R,,,,S,,
624_349,R,,,,S,R,,,,S,S,R
624_3080,,,,R,R,,,,,,,
624_3839,S,,S,S,R,R,,S,,S,,
624_4231,R,R,S,R,S,R,S,R,S,R,S,R
624_4173,R,S,S,R,S,S,S,R,S,R,S,R
624_3722,S,,S,S,S,R,,S,,S,,
624_1881,R,,S,S,R,R,,S,,S,S,R
624_2099,R,,S,S,R,R,,S,,S,S,R
624_3691,S,,S,S,S,R,,R,,R,,
624_131,S,,,,S,R,,,,R,S,R
624_3322,R,,,S,R,R,,,,S,,R
624_3388,R,,,S,R,S,,,,S,,S
624_1926,R,,S,S,R,R,,S,,S,S,R
624_3367,R,,,S,R,R,,,,S,,R
624_3274,R,,,S,R,R,,,,S,,R
624_535,R,,,,S,R,,,,R,S,R
624_3326,S,,,S,R,S,,,,S,,S
624_3624,S,,S,S,S,R,,R,,R,,
624_3365,S,,,S,R,S,,,,S,,S
624_2078,R,,R,R,R,R,,R,,R,S,R
624_1938,R,,S,S,S,R,,S,,S,S,R
624_4317,R,R,S,R,S,R,S,R,S,R,S,R
624_2123,R,,S,S,S,R,,S,,S,S,R
624_3202,,,,S,R,R,,,,S,,
624_353,R,,,,S,R,,,,S,S,R
624_2022,R,,S,S,S,R,,S,,S,S,R
624_3750,S,,S,R,R,R,,S,,S,,
624_3652,S,,S,S,S,R,,R,,R,,
624_2068,,,S,S,R,R,,S,,S,S,R
624_3040,,,,R,R,,,,,,,
624_3678,S,,S,S,S,R,,S,,S,,
624_4396,R,R,S,R,S,R,S,S,S,R,S,R
624_2155,S,,S,S,R,R,,S,,S,S,S
624_3630,S,,S,S,S,R,,R,,R,,
624_4273,R,R,S,R,S,R,S,R,S,R,S,R
624_4239,R,R,S,R,S,R,S,R,S,R,S,R
624_3781,S,,S,S,S,R,,S,,S,,
624_3805,S,,S,S,S,R,,S,,S,,
624_104,R,,,,S,S,,,,R,R,R
624_2159,R,,S,S,R,R,,S,,S,S,R
624_4402,R,S,S,R,S,R,S,R,S,R,S,R
624_3311,S,,,S,R,S,,,,S,,S
624_3468,,,,R,R,R,,,,R,,
624_4228,R,R,S,R,S,R,S,R,S,R,S,R
624_3546,S,,S,S,S,R,,S,,S,,
624_3314,R,,,S,R,R,,,,R,,R
624_3631,S,,S,S,S,R,,S,,S,,
624_4389,R,S,S,R,S,R,R,R,S,R,S,R
624_4255,R,R,S,R,S,R,S,R,S,R,S,R
624_3795,S,,S,S,S,R,,S,,S,,
624_3698,S,,S,S,S,R,,R,,R,,
624_2002,R,,S,S,S,R,,S,,S,S,R
624_4384,R,R,S,R,S,S,S,R,S,R,S,S
624_3028,,,,R,R,,,,,,,
624_3779,S,,S,S,S,R,,R,,R,,
624_2058,S,,R,R,S,R,,S,,R,R,R
624_3320,R,,,R,R,R,,,,R,,R
624_2028,R,,R,R,R,R,,S,,R,S,R
624_3431,R,,,S,R,R,,,,S,,R
624_4338,R,R,S,R,S,R,S,R,S,R,S,R
624_2132,R,,S,S,R,R,,S,,S,S,R
624_2036,R,,S,S,S,R,,S,,S,S,R
624_3328,R,,,S,R,R,,,,R,,R
624_3609,S,,S,S,S,R,,R,,R,,
624_3199,,,,S,R,R,,,,S,,
624_3487,,,,,S,,,,,,,
624_3835,S,,S,S,R,R,,R,,S,,
624_2083,R,,S,S,R,R,,S,,S,S,R
624_2074,R,,R,R,R,R,,R,,R,S,R
624_3581,S,,S,S,R,R,,R,,R,,
624_1982,S,,S,S,R,R,,R,,S,S,S
624_4399,R,R,S,R,S,R,R,R,S,R,S,R
624_3194,,,,S,R,R,,,,S,,
624_3675,S,,S,R,S,R,,S,,R,,
624_3392,R,,,S,R,R,,,,S,,R
624_4268,S,R,S,R,S,S,S,S,S,R,S,S
624_2040,R,,R,R,S,R,,R,,R,S,R
624_3763,S,,S,S,S,R,,R,,R,,
624_3358,R,,,S,R,R,,,,S,,R
624_3878,S,,S,S,S,R,,S,,S,,
624_3863,S,,S,S,R,R,,R,,R,,
624_3744,S,,S,S,S,R,,R,,R,,
624_1973,R,,R,R,R,R,,S,,R,S,R
624_1884,R,,R,R,S,R,,R,,R,S,R
624_3706,S,,S,S,S,R,,S,,S,,
624_4330,R,R,S,R,S,R,S,R,S,R,S,R
624_4248,S,S,S,S,S,R,S,S,S,S,S,R
624_2071,R,,S,S,R,R,,S,,S,S,R
624_3660,S,,S,S,S,S,,S,,S,,
624_4327,R,R,S,R,S,R,S,R,S,R,S,R
624_4398,R,S,S,R,S,R,R,R,S,R,S,R
624_3856,S,,S,S,R,R,,S,,S,,
624_3145,,,,R,R,,,,,,,
624_3244,,,,,S,R,,,,,,
624_1944,S,,R,R,S,R,,S,,R,R,R
624_3527,,,,,R,,,,,,,
624_4192,R,R,S,R,S,R,S,R,S,R,S,R
624_4419,S,S,S,S,S,R,S,S,S,S,S,R
624_3613,S,,S,S,S,R,,R,,R,,
624_3735,S,,S,S,S,R,,R,,R,,
624_4316,R,R,S,R,S,R,S,S,S,R,S,R
624_3783,S,,S,S,S,S,,S,,S,,
624_4430,S,R,S,R,S,R,S,S,S,S,S,R
624_3232,,,,S,R,R,,,,S,,
624_3717,S,,S,S,S,R,,R,,R,,
624_485,S,,,,S,S,,,,S,S,S
624_2061,R,,S,S,S,R,,S,,S,S,R
624_4297,R,R,S,R,S,R,S,S,S,R,S,R
624_3867,S,,S,S,S,R,,R,,R,,
624_3270,R,,,S,R,R,,,,S,,R
624_1415,,,,,,,,S,,,,
624_4355,R,R,S,R,S,R,S,R,S,R,S,R
624_135,S,,,,S,S,,,,S,S,S
624_3552,S,,S,S,S,R,,S,,S,,
624_4257,R,R,S,R,S,R,S,S,S,R,S,R
624_3728,S,,S,S,S,R,,R,,R,,
624_1912,R,,S,S,S,R,,S,,S,S,R
624_1987,R,,R,R,R,R,,R,,R,S,R
624_3868,S,,S,R,S,R,,R,,R,,
624_3428,R,,,S,R,R,,,,S,,R
624_3720,S,,S,S,R,R,,R,,R,,
624_3671,S,,S,S,S,R,,R,,R,,
624_2037,R,,S,S,S,R,,S,,S,S,R
624_328,R,,,,R,R,,,,R,S,S
624_4201,R,R,S,R,S,R,S,R,S,R,S,R
624_4220,S,S,S,S,S,R,S,S,S,S,S,R
624_4302,R,R,S,R,S,R,S,S,S,R,S,R
624_547,S,,,,S,S,,,,S,S,S
624_3834,S,,S,S,S,R,,S,,S,,
624_3453,,,,,R,,,,,,,
624_327,S,,,,S,S,,,,S,S,S
624_3623,S,,S,S,S,R,,R,,R,,
624_3810,S,,S,S,S,R,,R,,R,,
624_3472,,,,,R,,,,,,,
624_3386,R,,,S,R,R,,,,S,,R
624_3479,,,,S,R,R,,,,S,,
624_3721,S,,S,S,R,R,,R,,R,,
624_2067,S,,S,S,S,R,,S,,S,S,S
624_3182,,,,S,R,R,,,,S,,
624_1408,,,,,,,,S,,,,
624_3742,S,,S,S,S,R,,R,,R,,
624_3889,S,,S,S,S,R,,S,,S,,
624_2038,R,,S,S,R,R,,S,,S,S,R
624_1907,R,,S,S,R,R,,S,,S,S,R
624_4344,R,R,S,R,S,R,S,R,S,R,S,R
624_3418,R,,,S,R,R,,,,S,,R
624_3461,,,,S,R,R,,,,S,,
624_3694,S,,S,S,S,R,,S,,R,,
624_3372,R,,,S,R,R,,,,S,,R
624_3211,,,,S,R,R,,,,S,,
624_3517,,,,,R,,,,,,,
624_3538,S,,S,R,R,R,,S,,R,,
624_3083,,,,S,R,,,,,,,
624_3373,S,,,R,R,S,,,,R,,S
624_4296,R,R,S,R,S,R,S,R,S,R,S,R
624_2130,R,,S,S,R,R,,S,,S,S,R
624_3122,,,,R,R,,,,,,,
624_2205,R,,S,S,S,R,,S,,S,S,R
624_1879,R,,S,S,S,R,,S,,S,S,R
624_3642,S,,S,S,R,R,,S,,S,,
624_401,R,,,,S,R,,,,R,R,R
624_3268,R,,,S,R,R,,,,S,,R
624_4324,R,R,S,R,S,R,S,R,S,R,S,R
624_83,S,,,,S,S,,,,S,S,S
624_3146,,,,S,R,,,,,,,
624_3082,,,,R,R,,,,,,,
624_3297,R,,,S,R,R,,,,R,,R
624_3513,,,,,R,,,,,,,
624_580,R,,,,S,R,,,,R,S,S
624_4194,R,R,S,R,S,R,S,R,S,R,S,R
624_3559,S,,S,S,R,R,,S,,S,,
624_4187,S,S,S,S,S,R,S,S,S,S,S,R
624_3668,S,,S,S,S,R,,R,,R,,
624_3235,,,,S,R,R,,,,S,,
624_3838,S,,S,S,R,R,,S,,S,,
624_3148,,,,S,S,,,,,,,
624_4211,R,R,S,R,S,R,S,R,S,R,S,R
624_4237,R,R,S,R,S,R,S,R,S,R,S,R
624_3618,S,,S,S,S,R,,R,,R,,
624_3226,,,,S,R,R,,,,S,,
624_1900,R,,R,R,S,R,,S,,R,S,R
624_3859,S,,S,S,S,R,,S,,S,,
624_3653,S,,S,S,S,R,,R,,R,,
624_3079,,,,S,R,,,,,,,
624_3364,R,,,S,R,R,,,,S,,R
624_3215,,,,S,R,R,,,,S,,
624_3596,S,,S,S,S,R,,S,,S,,
624_3260,R,,,R,R,S,,,,S,,R
624_2151,R,,S,S,S,R,,S,,S,S,R
624_3725,S,,S,S,S,R,,R,,R,,
624_3341,R,,,S,R,R,,,,S,,R
624_2160,R,,S,S,S,R,,S,,S,S,R
624_3192,,,,S,R,R,,,,S,,
624_3574,S,,S,S,S,R,,R,,R,,
624_3670,S,,S,S,S,R,,R,,R,,
624_3091,,,,S,R,,,,,,,
624_3736,S,,S,S,S,R,,R,,R,,
624_4429,S,S,S,S,S,R,S,S,S,S,S,R
624_3882,S,,S,S,R,R,,S,,S,,
624_3897,S,,S,S,S,R,,R,,R,,
624_2154,S,,S,S,S,R,,S,,S,S,S
624_1901,R,,R,R,S,R,,S,,R,S,R
624_3553,S,,S,S,S,R,,S,,S,,
624_3585,S,,S,S,S,R,,S,,R,,
624_3601,S,,S,S,R,R,,S,,S,,
624_3751,S,,S,S,R,R,,R,,R,,
624_3483,,,,R,R,R,,,,R,,
624_3074,,,,R,R,,,,,,,
624_4208,R,R,S,R,S,R,S,R,S,R,S,R
624_3608,S,,S,S,S,R,,S,,S,,
624_4206,R,R,S,R,S,R,S,R,S,R,S,R
624_3351,S,,,S,R,S,,,,S,,S
624_3107,,,,R,R,,,,,,,
624_3250,,,,,R,,,,,,,
624_3229,,,,S,R,R,,,,S,,
624_3217,,,,S,R,S,,,,S,,
624_3636,S,,S,S,S,R,,R,,R,,
624_3237,,,,S,R,R,,,,S,,
624_3138,,,,R,R,,,,,,,
624_3836,S,,S,R,S,R,,R,,R,,
624_3282,R,,,S,R,R,,,,S,,R
624_3749,S,,S,S,S,R,,R,,R,,
624_1435,,,,,,,,S,,,,
624_3405,R,,,S,R,R,,,,R,,R
624_3605,S,,S,S,R,R,,S,,S,,
624_4184,R,S,S,R,S,R,S,R,S,R,S,R
624_2049,R,,S,S,R,R,,S,,S,S,R
624_2174,R,,S,S,R,R,,S,,S,S,R
624_1887,R,,S,S,R,R,,S,,S,S,R
624_4174,R,R,S,R,S,R,S,R,S,R,S,R
624_1978,R,,S,S,S,R,,S,,S,S,R
624_3305,S,,,S,R,S,,,,S,,S
624_3576,S,,S,S,S,R,,R,,R,,
624_3804,S,,S,S,S,R,,R,,R,,
624_3703,S,,S,S,S,R,,S,,S,,
624_2202,R,,S,S,S,R,,S,,S,S,R
624_4369,R,S,S,R,S,R,S,R,S,R,S,R
624_3822,S,,S,S,S,R,,S,,S,,
624_577,S,,,,S,R,,,,S,S,R
624_3727,S,,S,S,S,R,,R,,R,,
624_3523,,,,,R,,,,,,,
624_1612,,,,,,,,S,,,,
624_301,R,,,,S,R,,,,S,S,S
624_4304,R,R,S,R,S,R,S,R,S,R,S,R
624_3606,S,,S,S,R,R,,S,,S,,
624_279,R,,,,S,R,,,,R,S,R
624_3496,,,,,R,,,,,,,
624_2001,R,,R,R,S,R,,S,,R,S,R
624_3895,S,,S,S,S,R,,S,,S,,
624_4314,R,R,S,R,S,R,S,R,S,R,S,R
624_3726,S,,S,S,S,R,,R,,R,,
624_3808,S,,S,S,R,R,,R,,R,,
624_3737,S,,S,S,S,R,,R,,R,,
624_1932,R,,S,S,S,R,,S,,S,S,R
624_3377,R,,,S,R,R,,,,S,,R
624_79,R,,,,S,R,,,,S,S,R
624_3794,S,,S,S,S,R,,S,,S,,
624_3818,S,,S,S,S,R,,S,,S,,
624_2104,R,,S,S,R,R,,S,,S,S,R
624_2128,R,,S,S,S,R,,S,,S,S,R
624_3400,R,,,S,R,R,,,,S,,R
624_316,S,,,,S,S,,,,S,S,S
624_1979,R,,R,R,S,R,,S,,R,S,R
624_3848,S,,S,S,S,R,,S,,S,,
624_3406,R,,,S,R,R,,,,S,,R
624_3578,S,,S,S,S,R,,R,,R,,
624_2185,R,,R,R,R,R,,R,,R,S,R
624_335,R,,,,R,R,,,,R,S,R
624_4401,R,R,S,R,S,R,R,R,S,R,S,R
624_4382,R,R,S,R,S,R,R,R,S,R,S,R
624_4225,R,R,S,R,S,R,S,R,S,R,S,R
624_3315,R,,,S,R,R,,,,S,,R
624_522,S,,,,S,S,,,,S,S,S
624_3276,R,,,S,R,R,,,,S,,R
624_3298,R,,,S,R,R,,,,S,,R
624_4169,R,R,S,R,S,R,S,R,S,R,S,R
624_3912,,,,,S,R,,,,,,
624_3176,,,,S,R,R,,,,S,,
624_1885,,,S,S,R,R,,S,,S,S,R
624_3577,S,,S,S,S,R,,R,,R,,
624_3823,S,,S,S,S,R,,R,,R,,
624_610,R,,,,S,R,,,,R,S,S
624_3693,S,,S,S,S,R,,R,,R,,
624_2182,R,,R,R,R,R,,S,,R,S,R
624_3637,S,,S,S,S,R,,R,,R,,
624_3740,S,,S,S,S,R,,R,,R,,
624_4270,S,S,S,S,S,R,S,S,S,S,S,R
624_2053,R,,S,S,R,R,,S,,S,S,R
624_2093,R,,R,R,S,R,,R,,R,S,R
624_3548,S,,S,S,S,R,,S,,R,,
624_1410,,,,,,,,S,,,,
624_3666,S,,S,S,S,R,,R,,R,,
624_2021,R,,R,R,S,R,,R,,R,S,R
624_3573,S,,S,S,R,R,,S,,S,,
624_3551,S,,S,S,R,R,,S,,S,,
624_3440,R,,,S,R,R,,,,S,,R
624_3398,R,,,S,S,R,,,,S,,R
624_3684,S,,S,S,S,R,,S,,S,,
624_3385,R,,,S,R,R,,,,S,,R
624_3842,S,,S,S,S,R,,S,,S,,
624_3894,S,,S,S,S,S,,S,,S,,
624_3375,R,,,S,R,R,,,,S,,R
624_519,S,,,,S,S,,,,S,S,S
624_3690,S,,S,S,S,R,,R,,R,,
624_3731,S,,S,S,S,R,,R,,R,,
624_3280,R,,,S,S,R,,,,S,,R
624_268,R,,,,S,R,,,,S,S,R
624_3425,R,,,S,R,R,,,,S,,R
624_3180,,,,S,R,R,,,,S,,
624_3699,S,,S,S,S,R,,R,,R,,
624_3149,,,,S,S,,,,,,,
624_3782,S,,S,S,S,R,,S,,S,,
624_3817,S,,S,S,S,R,,R,,R,,
624_3802,S,,S,S,S,R,,S,,S,,
624_4360,R,R,S,R,S,R,S,R,S,R,S,R
624_2116,R,,R,R,R,R,,R,,R,S,S
624_204,R,,,,S,R,,,,R,S,R
624_1874,R,,R,R,S,R,,S,,R,S,R
624_3068,,,,R,R,,,,,,,
624_2161,R,,S,S,S,R,,S,,S,S,R
624_2195,S,,S,S,R,R,,S,,S,S,S
624_3545,S,,S,S,S,R,,S,,S,,
624_3537,S,,S,R,S,R,,R,,R,,
624_1910,,,S,S,R,R,,S,,S,S,R
624_3840,S,,S,S,R,R,,R,,R,,
624_3039,,,,R,R,,,,,,,
624_3768,S,,S,R,R,R,,S,,R,,
624_2027,R,,S,S,S,R,,S,,S,S,R
624_362,R,,,,S,R,,,,S,S,R
624_3692,S,,S,S,S,R,,R,,R,,
624_1947,R,,R,R,S,R,,S,,R,S,S
624_3756,S,,S,S,R,R,,R,,R,,
624_4342,R,R,S,R,S,R,S,R,S,R,S,R
624_200,R,,,,S,R,,,,R,S,R
624_3221,,,,S,R,S,,,,S,,
624_3564,S,,S,S,S,R,,R,,R,,
624_3799,S,,S,S,S,R,,S,,S,,
624_1898,R,,S,S,R,R,,S,,S,S,R
624_382,R,,,,S,R,,,,R,S,R
624_1969,R,,R,R,R,R,,R,,R,S,R
624_4289,R,R,S,R,S,R,S,R,S,R,S,S
624_3330,R,,,S,R,R,,,,S,,R
624_3824,S,,S,S,S,R,,R,,R,,
624_3881,S,,S,S,S,R,,R,,R,,
624_3168,,,,S,S,,,,,,,
624_1429,,,,,,,,S,,,,
624_3741,S,,S,S,S,R,,R,,R,,
624_3303,S,,,S,R,S,,,,S,,S
624_3558,S,,S,S,R,R,,S,,S,,
624_3137,,,,S,R,,,,,,,
624_3446,,,,,R,,,,,,,
624_203,R,,,,S,R,,,,R,S,S
624_4233,R,R,S,R,S,R,S,R,S,R,S,R
624_3413,R,,,S,R,R,,,,S,,R
624_3158,,,,R,R,,,,,,,
624_3397,S,,,S,R,S,,,,S,,S
624_3363,R,,,S,R,R,,,,S,,R
624_3484,,,,R,R,R,,,,R,,
624_3569,S,,S,S,S,R,,S,,S,,
624_3390,R,,,S,R,R,,,,S,,R
624_3160,,,,S,R,,,,,,,
624_491,R,,,,S,R,,,,R,S,R
624_3374,R,,,S,R,R,,,,S,,R
624_3865,S,,S,S,R,R,,S,,S,,
624_3349,R,,,S,R,R,,,,S,,R
624_3556,S,,S,S,R,R,,S,,S,,
624_255,R,,,,R,R,,,,R,S,R
624_337,R,,,,S,R,,,,S,S,R
624_3491,,,,,R,,,,,,,
624_1905,R,,S,S,S,R,,S,,S,S,R
624_3062,,,,R,S,,,,,,,
624_2187,R,,S,S,S,R,,S,,S,S,R
624_3518,,,,,R,,,,,,,
624_592,R,,,,R,R,,,,S,S,R
624_2200,R,,S,S,R,R,,S,,S,S,S
624_3837,S,,S,S,R,R,,S,,S,,
624_520,R,,,,S,R,,,,R,R,R
624_3579,S,,S,S,R,R,,R,,R,,
624_3866,S,,S,S,S,R,,R,,R,,
624_4203,R,R,S,R,S,R,S,R,S,R,S,R
624_3549,S,,S,S,S,R,,S,,S,,
624_3333,R,,,R,R,S,,,,R,,R
624_4267,R,R,S,R,S,R,S,S,S,R,R,R
624_3672,S,,S,S,S,R,,S,,S,,
624_3775,S,,S,S,R,R,,S,,S,,
624_3681,S,,S,S,S,S,,S,,S,,
624_3641,S,,S,S,S,R,,S,,R,,
624_4227,R,R,S,R,S,R,S,R,S,R,S,R
624_3747,S,,S,R,S,R,,S,,R,,
624_3687,S,,S,S,S,R,,R,,R,,
624_2034,R,,R,R,R,R,,S,,R,S,R
624_3883,S,,S,S,S,R,,S,,S,,
624_3891,S,,S,S,S,R,,R,,R,,
624_3785,S,,S,S,S,R,,S,,R,,
624_343,R,,,,S,R,,,,R,R,R
624_3567,S,,S,S,S,R,,S,,S,,
624_3387,S,,,S,R,S,,,,S,,S
624_3415,R,,,S,R,R,,,,S,,R
624_3716,S,,S,S,S,R,,S,,S,,
624_3416,R,,,S,R,R,,,,S,,R
624_3164,,,,R,R,,,,,,,
624_3291,R,,,S,R,R,,,,S,,R
624_2122,R,,S,S,R,R,,S,,S,S,R
624_3874,S,,S,S,R,R,,R,,R,,
624_3206,,,,S,R,R,,,,S,,
624_3767,S,,S,S,S,R,,R,,R,,
624_3780,S,,S,S,R,R,,S,,S,,
624_3876,S,,S,S,R,R,,R,,R,,
624_3832,S,,S,S,R,R,,S,,S,,
624_3175,,,,S,R,R,,,,S,,
624_102,R,,,,,R,,,,R,S,S
624_3381,R,,,S,R,R,,,,S,,R
624_2115,R,,S,S,S,R,,S,,S,S,R
624_1418,,,,,,,,S,,,,
624_3854,S,,S,S,R,R,,S,,S,,
624_3292,S,,,S,R,S,,,,S,,S
624_3492,,,,,R,,,,,,,
624_325,R,,,,S,R,,,,R,R,R
624_3243,,,,S,R,S,,,,S,,
624_423,R,,,,S,R,,,,R,S,R
624_3419,R,,,S,R,R,,,,S,,R
624_3075,,,,R,R,,,,,,,
624_3114,,,,S,S,,,,,,,
624_4224,R,R,S,R,S,R,S,R,S,R,S,R
624_3181,,,,S,R,R,,,,S,,
624_1903,R,,S,S,S,R,,S,,S,S,R
624_3644,S,,S,S,R,R,,S,,S,,
624_81,R,,,,S,R,,,,S,S,R
624_3777,S,,S,S,S,R,,S,,S,,
624_3089,,,,R,R,,,,,,,
624_3562,S,,S,S,R,R,,S,,S,,
624_3764,S,,S,S,S,R,,R,,R,,
624_3704,S,,S,S,S,R,,R,,R,,
624_3599,S,,S,S,R,R,,S,,S,,
624_3622,S,,S,S,S,R,,R,,R,,
624_3213,,,,S,R,R,,,,S,,
624_3827,S,,S,S,S,R,,S,,S,,
624_3852,S,,S,S,R,R,,R,,S,,
624_225,R,,,,S,R,,,,R,S,R
624_3572,S,,S,S,R,R,,S,,S,,
624_3153,,,,R,R,,,,,,,
624_3239,,,,S,R,R,,,,S,,
624_3602,S,,S,S,S,R,,R,,R,,
624_3597,S,,S,S,S,S,,S,,S,,
624_3807,S,,S,S,S,R,,R,,R,,
624_3474,,,,R,R,R,,,,R,,
624_3713,S,,S,S,S,S,,S,,S,,
624_3773,S,,S,S,S,R,,S,,S,,
624_3340,R,,,S,R,R,,,,S,,R
624_3308,R,,,S,R,S,,,,S,,R
624_387,R,,,,S,R,,,,R,S,R
624_3201,,,,S,R,R,,,,S,,
624_3647,S,,S,S,S,R,,R,,R,,
624_3443,,,,,R,,,,,,,
624_3629,S,,S,S,S,R,,R,,R,,
624_3561,S,,S,S,R,R,,R,,R,,
624_3402,R,,,S,R,R,,,,S,,R
624_3435,R,,,S,R,R,,,,S,,R
624_3752,S,,S,S,R,R,,S,,S,,
624_3719,S,,S,S,S,R,,S,,S,,
624_3877,S,,S,S,R,R,,S,,S,,
624_3195,,,,S,R,R,,,,S,,
624_3639,S,,S,S,S,R,,R,,R,,
624_3269,R,,,S,R,R,,,,S,,R
624_3422,S,,,S,R,R,,,,S,,S
624_3655,S,,S,S,S,R,,S,,S,,
624_3862,S,,S,S,S,R,,R,,R,,
624_3460,,,,,R,,,,,,,
624_3312,R,,,S,R,R,,,,S,,R
624_3267,S,,,S,R,R,,,,S,,S
624_3450,,,,,R,,,,,,,
624_3048,,,,R,R,,,,,,,
624_3287,R,,,S,R,R,,,,S,,R
624_3198,,,,S,R,R,,,,S,,
624_2193,S,,S,S,S,R,,S,,S,S,S
624_3855,S,,S,S,R,R,,R,,R,,
624_1902,R,,S,S,R,R,,S,,S,S,R
624_3515,,,,,R,,,,,,,
624_3617,S,,S,S,S,S,,S,,S,,
624_142,R,,,,S,R,,,,R,S,R
624_3208,,,,S,R,R,,,,S,,
624_390,R,,,,R,R,,,,R,S,R
624_3444,,,,,R,,,,,,,
624_3607,S,,S,S,S,R,,S,,S,,
624_3411,S,,,S,R,S,,,,S,,S
624_3677,S,,S,S,S,R,,R,,R,,
624_3293,S,,,S,R,S,,,,S,,S
624_627,R,,,,S,R,,,,R,S,R
624_3864,S,,S,S,S,R,,R,,R,,
624_3906,,,,,S,R,,,,,,
624_3571,S,,S,S,S,R,,S,,S,,
624_3543,S,,S,R,R,R,,S,,R,,
624_3032,,,,S,S,,,,,,,
624_3688,S,,S,S,S,R,,R,,R,,
624_4166,R,R,S,R,S,R,S,R,S,R,S,R
624_3254,,,,,R,,,,,,,
624_1614,,,,,,,,S,,,,
624_3187,,,,S,R,R,,,,S,,
624_3776,S,,S,S,S,R,,R,,R,,
624_2135,R,,R,R,R,R,,S,,R,S,R
624_3184,,,,S,R,R,,,,S,,
624_258,R,,,,S,R,,,,R,S,R
624_3165,,,,S,R,,,,,,,
624_3329,R,,,S,R,R,,,,S,,R
624_3594,S,,S,S,S,R,,S,,S,,
624_3903,,,,S,R,R,,,,S,,
624_540,R,,,,R,R,,,,R,S,R
624_3570,S,,S,S,S,R,,R,,R,,
624_3849,S,,S,R,S,R,,S,,R,,
624_3203,,,,S,R,R,,,,S,,
624_481,R,,,,R,R,,,,R,R,R
624_3525,,,,,S,,,,,,,
624_569,S,,,,R,S,,,,R,S,S
624_3528,,,,,S,,,,,,,
624_2139,R,,S,S,R,R,,S,,S,S,R
624_3588,S,,S,S,R,R,,S,,S,,
624_3044,,,,R,R,,,,,,,
624_3277,R,,,S,R,R,,,,S,,R
624_3689,S,,S,S,S,R,,S,,S,,
624_3166,,,,R,R,,,,,,,
624_297,S,,,,S,S,,,,R,S,S
624_3825,S,,S,S,S,R,,S,,S,,
624_3325,R,,,S,R,R,,,,S,,R
624_3150,,,,S,R,,,,,,,
624_3908,,,,,S,R,,,,,,
624_2111,,,S,S,R,R,,S,,S,S,R
624_3100,,,,S,R,,,,,,,
624_3245,,,,,R,R,,,,,,
624_3212,,,,S,R,R,,,,S,,
624_3183,,,,S,R,R,,,,S,,
624_3301,R,,,S,R,R,,,,R,,R
624_1431,,,,,,,,S,,,,
624_3081,,,,R,R,,,,,,,
624_3127,,,,S,S,,,,,,,
624_3869,S,,S,S,S,R,,S,,S,,
624_3316,R,,,S,R,R,,,,S,,R
624_1230,,,,R,,,,,,,,
624_3154,,,,S,S,,,,,,,
624_3499,,,,,R,,,,,,,
624_3708,S,,S,R,S,R,,R,,R,,
624_479,R,,,,S,R,,,,R,S,S
624_3115,,,,S,S,,,,,,,
624_3417,R,,,S,R,R,,,,S,,R
624_2167,R,,S,S,R,R,,S,,S,S,R
624_3511,,,,,R,,,,,,,
624_3669,S,,S,S,S,R,,R,,R,,
624_1955,R,,S,S,S,R,,S,,S,S,S
624_2085,,,S,S,R,R,,S,,S,S,R
624_3643,S,,S,S,S,R,,S,,S,,
624_3648,S,,S,S,S,R,,R,,R,,
624_3495,,,,,R,,,,,,,
624_1241,,,,,,,R,,,,,
624_471,R,,,,,R,,,,S,S,R
624_3486,,,,,R,,,,,,,
624_3193,,,,S,R,R,,,,S,,
624_3188,,,,S,R,R,,,,S,,
624_3590,S,,S,S,S,R,,S,,S,,
624_3542,S,,S,R,R,R,,S,,R,,
624_3507,,,,,R,,,,,,,
624_3498,,,,,R,,,,,,,
624_2025,R,,S,S,R,R,,S,,S,S,S
624_3541,S,,S,R,S,R,,R,,R,,
624_3222,,,,S,R,R,,,,S,,
624_3459,,,,,R,,,,,,,
624_3598,S,,S,S,S,R,,S,,S,,
624_3178,,,,S,R,R,,,,S,,
624_556,S,,,,S,S,,,,S,S,S
624_3500,,,,,R,,,,,,,
624_3828,S,,S,S,S,R,,S,,S,,
624_3665,S,,S,S,S,R,,R,,R,,
624_3348,R,,,R,R,R,,,,R,,R
624_3850,S,,S,S,R,R,,R,,R,,
624_3288,S,,,S,S,S,,,,S,,S
624_3281,S,,,S,R,R,,,,S,,R
624_3067,,,,S,S,,,,,,,
624_3621,S,,S,S,R,R,,R,,R,,
624_3049,,,,R,R,,,,,,,
624_3171,,,,S,R,,,,,,,
624_3133,,,,R,R,,,,,,,
624_3323,R,,,S,R,R,,,,S,,R
624_3331,R,,,S,R,R,,,,S,,R
624_1970,R,,S,S,S,R,,S,,S,S,R
624_3437,R,,,S,R,R,,,,S,,R
624_3746,S,,S,S,S,R,,R,,R,,
624_2070,R,,S,S,S,R,,S,,S,S,R
624_3512,,,,,R,,,,,,,
624_3238,,,,S,R,R,,,,S,,
624_3384,R,,,S,R,R,,,,S,,R
624_3875,S,,S,S,S,R,,R,,R,,
624_3778,S,,S,S,S,R,,S,,R,,
624_1227,,,,R,,,,,,,,
624_3271,S,,,S,R,R,,,,S,,R
624_3310,R,,,S,R,R,,,,R,,R
624_370,S,,,,S,S,,,,S,S,S
624_3442,,,,,R,,,,,,,
624_1420,,,,,,,,S,,,,
624_3516,,,,,R,,,,,,,
624_3600,S,,S,S,S,R,,R,,R,,
624_3680,S,,S,S,S,R,,R,,R,,
624_3430,R,,,S,R,R,,,,S,,R
624_3361,S,,,S,R,S,,,,S,,S
624_3051,,,,S,S,,,,,,,
624_3550,S,,S,S,S,R,,S,,S,,
624_3414,S,,,S,R,S,,,,S,,S
624_3464,,,,,R,,,,,,,
624_3420,R,,,S,R,R,,,,S,,R
624_3793,S,,S,S,S,R,,R,,R,,
624_3258,,,,,R,,,,,,,
624_3829,S,,S,R,R,R,,S,,R,,
624_1996,,,S,S,R,R,,S,,S,S,R
624_3888,S,,S,S,S,R,,S,,S,,
624_3738,S,,S,S,S,R,,R,,R,,
624_3319,R,,,S,R,R,,,,S,,R
624_1253,,,,R,,,,,,,,
624_3664,S,,S,S,S,R,,S,,S,,
624_3088,,,,R,R,,,,,,,
624_3228,,,,S,R,R,,,,S,,
624_3102,,,,R,R,,,,,,,
624_3410,R,,,S,R,R,,,,S,,R
624_3909,,,,,S,R,,,,,,
624_3819,S,,S,S,S,R,,R,,R,,
624_1169,S,,,,S,S,,,,S,S,S
624_3635,S,,S,S,S,R,,R,,R,,
624_3532,,,,,S,,,,,,,
624_3872,S,,S,S,S,R,,R,,R,,
624_3061,,,,R,R,,,,,,,
624_3092,,,,S,R,,,,,,,
624_3659,S,,S,S,S,R,,R,,R,,
624_3252,,,,,R,,,,,,,
624_3033,,,,S,R,,,,,,,
624_3409,R,,,S,R,R,,,,S,,R
624_579,S,,,,,R,,,,S,S,R
624_3395,R,,,S,R,R,,,,S,,R
624_3064,,,,S,S,,,,,,,
624_395,R,,,,S,R,,,,R,S,R
624_3770,S,,S,R,S,R,,R,,R,,
624_3173,,,,,R,R,,,,S,,
624_3117,,,,R,R,,,,,,,
624_3745,S,,S,S,S,R,,R,,R,,
624_3071,,,,R,R,,,,,,,
624_3904,,,,,R,,,,,,,
624_3147,,,,S,R,,,,,,,
624_3645,S,,S,S,S,R,,R,,R,,
624_3225,,,,S,R,R,,,,S,,
624_3108,,,,R,R,,,,,,,
624_3421,R,,,S,R,R,,,,S,,R
624_3625,S,,S,S,S,R,,R,,R,,
624_3189,,,,S,R,R,,,,S,,
624_404,R,,,,S,R,,,,S,S,R
624_3455,,,,,R,,,,,,,
624_3086,,,,R,R,,,,,,,
624_533,S,,,,S,S,,,,S,S,S
624_3157,,,,S,S,,,,,,,
624_3509,,,,,R,,,,,,,
624_3614,S,,S,S,S,R,,S,,R,,
624_3471,,,,,R,,,,,,,
624_3065,,,,S,S,,,,,,,
624_3583,S,,S,S,S,R,,S,,S,,
624_3401,R,,,S,R,R,,,,S,,R
624_3066,,,,R,R,,,,,,,
624_3241,,,,S,R,R,,,,S,,
624_3240,,,,S,R,R,,,,S,,
624_3256,,,,,R,,,,,,,
624_3359,R,,,S,R,R,,,,S,,R
624_3265,,,,,R,,,,,,,
624_251,R,,,,S,R,,,,S,S,R
624_3887,S,,S,S,S,R,,S,,R,,
624_3321,R,,,S,R,R,,,,S,,R
624_3344,R,,,S,R,R,,,,S,,R
624_3034,,,,R,R,,,,,,,
624_3488,,,,,R,,,,,,,
624_263,S,,,,S,S,,,,S,S,S
624_3911,,,,,S,R,,,,,,
624_3120,,,,S,S,,,,,,,
624_3186,,,,S,R,R,,,,S,,
624_3656,S,,S,S,S,S,,S,,S,,
624_1260,,,,R,,,,,,,,
624_3134,,,,R,R,,,,,,,
624_3595,S,,S,R,S,R,,S,,R,,
624_3072,,,,R,R,,,,,,,
624_3336,R,,,S,R,R,,,,S,,R
624_545,R,,,,R,R,,,,R,S,S
624_3796,S,,S,S,S,R,,R,,R,,
624_318,R,,,,S,R,,,,S,S,S
624_3112,,,,R,R,,,,,,,
624_3129,,,,S,R,,,,,,,
624_3910,,,,,S,R,,,,,,
624_3162,,,,S,R,,,,,,,
624_3649,S,,S,S,S,R,,R,,R,,
624_3143,,,,R,R,,,,,,,
624_242,R,,,,S,R,,,,R,S,S
624_3334,S,,,S,R,S,,,,S,,S
624_3307,R,,,S,R,R,,,,S,,R
624_3227,,,,S,R,R,,,,R,,
624_127,R,,,,R,R,,,,R,S,R
624_3163,,,,S,R,,,,,,,
624_3327,R,,,S,R,R,,,,S,,R
624_1419,,,,,,,,S,,,,
624_1424,,,,,,,,S,,,,
624_3174,,,,S,R,R,,,,S,,
624_3342,S,,,S,R,S,,,,S,,S
624_3095,,,,R,R,,,,,,,
624_3591,S,,S,S,R,R,,S,,S,,
624_3851,S,,S,S,S,R,,R,,R,,
624_1258,,,,R,,,,,,,,
624_594,R,,,,S,R,,,,R,S,R
624_3533,,,,,R,,,,,,,
624_3070,,,,S,S,,,,,,,
624_1411,,,,,,,,S,,,,
624_3090,,,,S,S,,,,,,,
624_3893,S,,S,S,S,R,,R,,R,,
624_3898,S,,S,S,S,R,,R,,R,,
624_3084,,,,R,R,,,,,,,
624_3047,,,,R,R,,,,,,,
624_550,R,,,,,R,,,,S,S,R
624_3424,R,,,S,R,R,,,,S,,R
624_3324,R,,,S,R,R,,,,S,,R
624_3710,S,,S,S,S,R,,S,,S,,
624_3043,,,,R,R,,,,,,,
624_3125,,,,S,S,,,,,,,
624_3633,S,,S,S,S,R,,R,,R,,
624_3352,S,,,S,R,S,,,,S,,S
624_1416,,,,,,,,S,,,,
624_3204,,,,R,R,R,,,,R,,
624_3099,,,,S,S,,,,,,,
624_3475,,,,,R,,,,,,,
624_3651,S,,S,S,S,R,,R,,R,,
624_3085,,,,S,R,,,,,,,
624_3820,S,,S,S,S,R,,S,,S,,
624_3098,,,,S,R,,,,,,,
624_3536,,,,,R,,,,,,,
624_3159,,,,R,R,,,,,,,
624_3821,S,,S,S,S,S,,S,,S,,
624_3448,,,,,R,,,,,,,
624_3502,,,,,R,,,,,,,
624_3811,S,,S,S,S,R,,S,,R,,
624_3104,,,,S,R,,,,,,,
624_3257,,,,,R,,,,,,,
624_3286,S,,,S,S,S,,,,S,,S
624_3116,,,,R,R,,,,,,,
624_3093,,,,S,R,,,,,,,
624_3218,,,,S,R,R,,,,S,,
624_3233,,,,S,R,R,,,,S,,
624_3580,S,,S,S,S,R,,S,,R,,
624_1271,,,,R,,,,,,,,
624_1242,,,,,,,R,,,,,
624_3128,,,,S,R,,,,,,,
624_3101,,,,R,R,,,,,,,
624_3283,R,,,S,S,R,,,,R,,S
624_3113,,,,S,R,,,,,,,
624_3466,,,,,R,,,,,,,
624_3493,,,,,R,,,,,,,
624_3508,,,,,S,,,,,,,
624_3505,,,,,R,,,,,,,
624_3296,R,,,S,R,R,,,,S,,R
624_3263,,,,,R,,,,,,,
624_3041,,,,S,R,,,,,,,
624_3140,,,,R,R,,,,,,,
624_1434,,,,,,,,S,,,,
624_3289,R,,,S,R,R,,,,S,,R
624_3210,,,,S,R,R,,,,S,,
624_3368,S,,,S,R,S,,,,S,,S
624_3063,,,,R,R,,,,,,,
624_3481,,,,S,R,R,,,,S,,
624_3458,,,,,R,,,,,,,
624_3109,,,,S,R,,,,,,,
624_3463,,,,,R,,,,,,,
624_3156,,,,R,R,,,,,,,
624_3024,,,,R,R,,,,,,,
624_3338,R,,,S,R,R,,,,S,,R
624_330,R,,,,S,R,,,,R,S,S
624_1613,,,,,,,,S,,,,
624_3190,,,,S,R,R,,,,S,,
624_1221,,,,,,,R,,,,,
624_3534,,,,,R,,,,,,,
624_3264,,,,,R,,,,,,,
624_3076,,,,R,R,,,,,,,
624_3521,,,,,R,,,,,,,
624_3216,,,,S,R,R,,,,S,,
624_3223,,,,S,R,R,,,,S,,
624_3052,,,,R,R,,,,,,,
624_3136,,,,S,R,,,,,,,
624_3497,,,,,R,,,,,,,
624_3170,,,,R,R,,,,,,,
624_3462,,,,,R,,,,,,,
624_3262,,,,,R,,,,,,,
624_3026,,,,S,R,,,,,,,
624_3155,,,,R,R,,,,,,,
624_3907,,,,,R,,,,,,,
624_3124,,,,S,S,,,,,,,
624_3445,,,,,R,,,,,,,
624_3054,,,,R,R,,,,,,,
624_3220,,,,S,R,R,,,,S,,
624_3494,,,,,R,,,,,,,
624_1426,,,,,,,,S,,,,
624_3209,,,,S,R,R,,,,S,,
624_3141,,,,R,R,,,,,,,
624_1421,,,,,,,,S,,,,
624_3121,,,,R,R,,,,,,,
624_1792,,,,,R,,,,,,,
624_3447,,,,,R,,,,,,,
624_3036,,,,R,R,,,,,,,
624_3111,,,,R,R,,,,,,,
624_3073,,,,S,S,,,,,,,
624_3522,,,,,R,,,,,,,
624_3050,,,,R,R,,,,,,,
624_3529,,,,,R,,,,,,,
624_3031,,,,R,R,,,,,,,
624_3042,,,,R,R,,,,,,,
624_3123,,,,R,R,,,,,,,
624_3503,,,,,R,,,,,,,
624_3103,,,,R,R,,,,,,,
624_3456,,,,,R,,,,,,,
624_3142,,,,R,R,,,,,,,
624_3030,,,,S,S,,,,,,,
624_1413,,,,,,,,S,,,,
624_3045,,,,S,S,,,,,,,
624_1432,,,,,,,,S,,,,
624_3152,,,,S,S,,,,,,,
624_3501,,,,,R,,,,,,,
624_1234,,,,R,,,,,,,,
624_3151,,,,R,R,,,,,,,
624_1224,,,,,,,R,,,,,
624_3053,,,,R,R,,,,,,,
624_3246,,,,,R,,,,,,,
624_3530,,,,,R,,,,,,,
624_3069,,,,R,R,,,,,,,
624_3126,,,,R,R,,,,,,,
624_3510,,,,,R,,,,,,,
624_1226,,,,R,,,,,,,,
624_1223,,,,,,,R,,,,,
624_3038,,,,R,R,,,,,,,
624_3169,,,,R,R,,,,,,,
624_3451,,,,,R,,,,,,,
624_3139,,,,S,R,,,,,,,
624_3167,,,,S,S,,,,,,,
624_3105,,,,S,R,,,,,,,
624_3457,,,,,R,,,,,,,
624_3470,,,,,R,,,,,,,
624_1237,,,,R,,,,,,,,
624_3094,,,,S,S,,,,,,,
624_3097,,,,S,R,,,,,,,
624_3110,,,,S,R,,,,,,,
624_3135,,,,S,R,,,,,,,
624_3504,,,,,R,,,,,,,
624_1422,,,,,,,,S,,,,
624_1232,,,,R,,,,,,,,
624_3514,,,,,R,,,,,,,
624_1436,,,,,,,,S,,,,
624_1239,,,,,,,R,,,,,
624_1433,,,,,,,,S,,,,
624_1266,,,,,,,R,,,,,
624_1412,,,,,,,,S,,,,
